cultivo,anio,campania,provincia,departamento,superficie_sembrada_ha,superficie_cosechada_ha,produccion_tn,rendimiento_tn_ha,tasa_cosecha
girasol,2015,2015/2016,Chaco,Libertador General San Martín,295,295,502,1.702,1.0
girasol,2015,2015/2016,Santa Fe,San Cristóbal,15000,15000,33000,2.2,1.0
girasol,2015,2015/2016,Buenos Aires,Carlos Casares,9850,9850,23640,2.4,1.0
girasol,2015,2015/2016,Santa Fe,General López,450,450,1260,2.8,1.0
girasol,2015,2015/2016,Santa Fe,San Javier,4000,4000,5600,1.4,1.0
girasol,2015,2015/2016,Buenos Aires,Cañuelas,769,769,2076,2.7,1.0
girasol,2015,2015/2016,Buenos Aires,Campana,100,100,270,2.7,1.0
girasol,2015,2015/2016,Buenos Aires,Brandsen,641,641,1666,2.599,1.0
girasol,2015,2015/2016,Buenos Aires,Arrecifes,50,50,140,2.8,1.0
girasol,2015,2015/2016,Buenos Aires,25 de Mayo,2000,2000,5400,2.7,1.0
girasol,2015,2015/2016,Buenos Aires,Alberti,500,500,1250,2.5,1.0
girasol,2015,2015/2016,Buenos Aires,Adolfo Alsina,52000,52000,109200,2.1,1.0
girasol,2015,2015/2016,Buenos Aires,9 de Julio,2000,2000,5000,2.5,1.0
girasol,2015,2015/2016,Buenos Aires,Bahía Blanca,390,390,351,0.9,1.0
girasol,2015,2015/2016,Buenos Aires,Bragado,500,500,1250,2.5,1.0
girasol,2015,2015/2016,Buenos Aires,Azul,13500,13100,30130,2.3,0.97
girasol,2015,2015/2016,Buenos Aires,Ayacucho,17000,17000,39100,2.3,1.0
girasol,2015,2015/2016,Buenos Aires,Balcarce,42000,40800,102000,2.5,0.971
girasol,2015,2015/2016,Buenos Aires,Bolívar,5000,5000,15000,3.0,1.0
girasol,2015,2015/2016,Buenos Aires,Benito Juárez,12000,11650,25630,2.2,0.971
girasol,2015,2015/2016,Buenos Aires,Baradero,100,100,290,2.9,1.0
girasol,2015,2015/2016,Buenos Aires,Carlos Tejedor,14140,14140,32520,2.3,1.0
girasol,2015,2015/2016,Buenos Aires,Coronel Suárez,43000,42500,93500,2.2,0.988
girasol,2015,2015/2016,Buenos Aires,Guaminí,33000,33000,75900,2.3,1.0
girasol,2015,2015/2016,Santa Fe,Las Colonias,3500,3500,8050,2.3,1.0
girasol,2015,2015/2016,Buenos Aires,Salto,50,50,145,2.9,1.0
girasol,2015,2015/2016,Buenos Aires,Chascomús,1367,1367,3690,2.699,1.0
girasol,2015,2015/2016,Buenos Aires,Chacabuco,100,100,210,2.1,1.0
girasol,2015,2015/2016,Buenos Aires,Carmen de Areco,200,200,440,2.2,1.0
girasol,2015,2015/2016,Buenos Aires,Castelli,1850,1850,4100,2.216,1.0
girasol,2015,2015/2016,Buenos Aires,Coronel Pringles,14000,14000,25000,1.786,1.0
girasol,2015,2015/2016,Buenos Aires,Chivilcoy,400,400,1000,2.5,1.0
girasol,2015,2015/2016,Buenos Aires,Coronel Dorrego,10400,10400,15500,1.49,1.0
girasol,2015,2015/2016,Buenos Aires,Coronel de Marina Leonardo Rosales,500,500,500,1.0,1.0
girasol,2015,2015/2016,Buenos Aires,Colón,50,50,150,3.0,1.0
girasol,2015,2015/2016,Santa Fe,Castellanos,2000,2000,4600,2.3,1.0
girasol,2015,2015/2016,Buenos Aires,General Belgrano,800,800,2160,2.7,1.0
girasol,2015,2015/2016,Buenos Aires,Daireaux,15000,15000,45000,3.0,1.0
girasol,2015,2015/2016,Buenos Aires,General Villegas,3100,3100,6510,2.1,1.0
girasol,2015,2015/2016,Buenos Aires,General Arenales,200,200,440,2.2,1.0
girasol,2015,2015/2016,Buenos Aires,Florentino Ameghino,1200,1200,2880,2.4,1.0
girasol,2015,2015/2016,Buenos Aires,Exaltación de la Cruz,50,50,135,2.7,1.0
girasol,2015,2015/2016,Buenos Aires,General Alvear,1000,1000,3000,3.0,1.0
girasol,2015,2015/2016,Buenos Aires,General Alvarado,26500,25700,69390,2.7,0.97
girasol,2015,2015/2016,Buenos Aires,General Las Heras,171,171,478,2.795,1.0
girasol,2015,2015/2016,Buenos Aires,General La Madrid,29000,28700,60270,2.1,0.99
girasol,2015,2015/2016,Buenos Aires,General Guido,850,850,1700,2.0,1.0
girasol,2015,2015/2016,Buenos Aires,General Juan Madariaga,8500,8500,24650,2.9,1.0
girasol,2015,2015/2016,Buenos Aires,General Viamonte,1000,1000,2300,2.3,1.0
girasol,2015,2015/2016,Buenos Aires,General Lavalle,200,200,480,2.4,1.0
girasol,2015,2015/2016,Buenos Aires,General Pueyrredón,11000,10700,27820,2.6,0.973
girasol,2015,2015/2016,Buenos Aires,General Pinto,900,900,2250,2.5,1.0
girasol,2015,2015/2016,Buenos Aires,General Paz,299,299,777,2.599,1.0
girasol,2015,2015/2016,Buenos Aires,Salliqueló,12000,12000,26400,2.2,1.0
girasol,2015,2015/2016,Buenos Aires,Navarro,1500,1500,3900,2.6,1.0
girasol,2015,2015/2016,Buenos Aires,Hipólito Yrigoyen,2500,2500,7500,3.0,1.0
girasol,2015,2015/2016,Buenos Aires,Leandro N. Alem,600,600,1560,2.6,1.0
girasol,2015,2015/2016,Buenos Aires,Las Flores,4500,4500,12600,2.8,1.0
girasol,2015,2015/2016,Buenos Aires,Laprida,5800,5800,11100,1.914,1.0
girasol,2015,2015/2016,Buenos Aires,Junín,200,200,420,2.1,1.0
girasol,2015,2015/2016,Buenos Aires,Luján,598,598,1674,2.799,1.0
girasol,2015,2015/2016,Buenos Aires,Lobos,1500,1500,3900,2.6,1.0
girasol,2015,2015/2016,Buenos Aires,Lincoln,2800,2800,7840,2.8,1.0
girasol,2015,2015/2016,Buenos Aires,Lobería,45000,43700,96140,2.2,0.971
girasol,2015,2015/2016,Buenos Aires,Monte,1000,1000,2500,2.5,1.0
girasol,2015,2015/2016,Buenos Aires,Maipú,6600,6600,19800,3.0,1.0
girasol,2015,2015/2016,Buenos Aires,Mercedes,200,200,500,2.5,1.0
girasol,2015,2015/2016,Buenos Aires,Marcos Paz,171,171,461,2.696,1.0
girasol,2015,2015/2016,Buenos Aires,Mar Chiquita,11200,11200,28000,2.5,1.0
girasol,2015,2015/2016,Buenos Aires,Saladillo,1500,1500,3900,2.6,1.0
girasol,2015,2015/2016,Buenos Aires,Pila,2500,2500,5750,2.3,1.0
girasol,2015,2015/2016,Buenos Aires,Necochea,33900,33900,81360,2.4,1.0
girasol,2015,2015/2016,Buenos Aires,Pergamino,100,100,290,2.9,1.0
girasol,2015,2015/2016,Buenos Aires,Patagones,1200,1200,2520,2.1,1.0
girasol,2015,2015/2016,Buenos Aires,Olavarría,10000,10000,28000,2.8,1.0
girasol,2015,2015/2016,Buenos Aires,Pellegrini,30000,30000,66000,2.2,1.0
girasol,2015,2015/2016,Buenos Aires,Pehuajó,7780,7780,18650,2.397,1.0
girasol,2015,2015/2016,Buenos Aires,Ramallo,100,100,280,2.8,1.0
girasol,2015,2015/2016,Buenos Aires,Saavedra,20000,19700,45310,2.3,0.985
girasol,2015,2015/2016,Buenos Aires,Puán,15000,14800,34040,2.3,0.987
girasol,2015,2015/2016,Buenos Aires,Pilar,85,85,239,2.812,1.0
girasol,2015,2015/2016,Buenos Aires,Rauch,7500,7500,16500,2.2,1.0
girasol,2015,2015/2016,Buenos Aires,Roque Pérez,1300,1300,3510,2.7,1.0
girasol,2015,2015/2016,Buenos Aires,Rojas,200,200,440,2.2,1.0
girasol,2015,2015/2016,Buenos Aires,Rivadavia,7730,5730,14350,2.504,0.741
girasol,2015,2015/2016,Buenos Aires,San Cayetano,17500,17500,40250,2.3,1.0
girasol,2015,2015/2016,Buenos Aires,Tres Lomas,18000,18000,41400,2.3,1.0
girasol,2015,2015/2016,Chaco,Quitilipi,5450,5450,8999,1.651,1.0
girasol,2015,2015/2016,Buenos Aires,San Andrés de Giles,1100,1100,2420,2.2,1.0
girasol,2015,2015/2016,Buenos Aires,San Antonio de Areco,150,150,420,2.8,1.0
girasol,2015,2015/2016,Santa Fe,9 de Julio,9000,9000,21600,2.4,1.0
girasol,2015,2015/2016,Buenos Aires,Suipacha,300,300,750,2.5,1.0
girasol,2015,2015/2016,Buenos Aires,Tres Arroyos,29100,29100,72750,2.5,1.0
girasol,2015,2015/2016,Buenos Aires,San Pedro,50,50,140,2.8,1.0
girasol,2015,2015/2016,Buenos Aires,San Nicolás,100,100,290,2.9,1.0
girasol,2015,2015/2016,Buenos Aires,Tandil,32000,31100,77750,2.5,0.972
girasol,2015,2015/2016,Buenos Aires,Trenque Lauquen,28500,28500,68400,2.4,1.0
girasol,2015,2015/2016,Buenos Aires,Tornquist,5000,4800,10560,2.2,0.96
girasol,2015,2015/2016,Buenos Aires,Tapalqué,500,500,1400,2.8,1.0
girasol,2015,2015/2016,Chaco,O'Higgins,27000,26400,40128,1.52,0.978
girasol,2015,2015/2016,Chaco,Almirante Brown,36900,36500,69323,1.899,0.989
girasol,2015,2015/2016,Buenos Aires,Villarino,900,900,1890,2.1,1.0
girasol,2015,2015/2016,Santa Fe,La Capital,3000,3000,7200,2.4,1.0
girasol,2015,2015/2016,Chaco,9 de Julio,24000,23250,39760,1.71,0.969
girasol,2015,2015/2016,Chaco,12 de Octubre,25500,24500,40425,1.65,0.961
girasol,2015,2015/2016,Buenos Aires,Zárate,50,50,135,2.7,1.0
girasol,2015,2015/2016,Chaco,25 de Mayo,980,965,1445,1.497,0.985
girasol,2015,2015/2016,Chaco,2 de Abril,15500,14950,23920,1.6,0.965
girasol,2015,2015/2016,Chaco,Fray Justo Santa María de Oro,18500,17950,28720,1.6,0.97
girasol,2015,2015/2016,Chaco,Mayor Luis J. Fontana,15000,14500,21900,1.51,0.967
girasol,2015,2015/2016,Chaco,Comandante Fernández,27450,27050,47327,1.75,0.985
girasol,2015,2015/2016,Chaco,Chacabuco,30000,29250,49725,1.7,0.975
girasol,2015,2015/2016,Chaco,General Belgrano,10500,10200,18570,1.821,0.971
girasol,2015,2015/2016,Chaco,Maipú,13940,13690,19848,1.45,0.982
girasol,2015,2015/2016,Chaco,Independencia,43310,42610,78829,1.85,0.984
girasol,2015,2015/2016,Chaco,General Güemes,6362,6282,10365,1.65,0.987
girasol,2015,2015/2016,Córdoba,Marcos Juárez,700,650,1170,1.8,0.929
girasol,2015,2015/2016,Santa Fe,General Obligado,68000,68000,108800,1.6,1.0
girasol,2015,2015/2016,San Luis,Juan Martín de Pueyrredón,400,400,960,2.4,1.0
girasol,2015,2015/2016,Chaco,San Fernando,1100,1000,1200,1.2,0.909
girasol,2015,2015/2016,La Pampa,Atreucó,40000,40000,80000,2.0,1.0
girasol,2015,2015/2016,Córdoba,Juárez Celman,1100,1100,2520,2.291,1.0
girasol,2015,2015/2016,Córdoba,General Roca,8000,7200,13500,1.875,0.9
girasol,2015,2015/2016,Chaco,San Lorenzo,2300,2210,3100,1.403,0.961
girasol,2015,2015/2016,Córdoba,Unión,700,650,1300,2.0,0.929
girasol,2015,2015/2016,Entre Ríos,Paraná,500,500,1100,2.2,1.0
girasol,2015,2015/2016,Córdoba,Río Primero,1900,1900,4180,2.2,1.0
girasol,2015,2015/2016,Córdoba,Presidente Roque Sáenz Peña,5500,5000,9500,1.9,0.909
girasol,2015,2015/2016,Córdoba,Río Cuarto,2170,2170,4774,2.2,1.0
girasol,2015,2015/2016,Entre Ríos,Diamante,200,200,500,2.5,1.0
girasol,2015,2015/2016,Entre Ríos,La Paz,1500,1500,3300,2.2,1.0
girasol,2015,2015/2016,Entre Ríos,Federal,200,200,400,2.0,1.0
girasol,2015,2015/2016,Entre Ríos,Federación,400,400,800,2.0,1.0
girasol,2015,2015/2016,San Luis,Gobernador Dupuy,1200,1200,2880,2.4,1.0
girasol,2015,2015/2016,La Pampa,Rancul,12600,12000,24000,2.0,0.952
girasol,2015,2015/2016,La Pampa,Capital,20000,20000,36000,1.8,1.0
girasol,2015,2015/2016,La Pampa,Quemú Quemú,37700,36500,72400,1.984,0.968
girasol,2015,2015/2016,La Pampa,Chapaleufú,21400,20500,46690,2.278,0.958
girasol,2015,2015/2016,La Pampa,Catriló,55000,55000,132000,2.4,1.0
girasol,2015,2015/2016,La Pampa,Maracó,15500,14800,32340,2.185,0.955
girasol,2015,2015/2016,La Pampa,Conhelo,2800,2700,4590,1.7,0.964
girasol,2015,2015/2016,La Pampa,Trenel,2000,1900,3420,1.8,0.95
girasol,2015,2015/2016,San Luis,General Pedernera,6600,6600,16250,2.462,1.0
girasol,2015,2015/2016,La Pampa,Toay,9000,9000,14400,1.6,1.0
girasol,2015,2015/2016,La Pampa,Realicó,8000,7600,15200,2.0,0.95
girasol,2015,2015/2016,La Pampa,Utracán,6000,6000,10200,1.7,1.0
girasol,2015,2015/2016,San Luis,Coronel Pringles,1200,1200,3120,2.6,1.0
girasol,2015,2015/2016,San Luis,Chacabuco,300,300,720,2.4,1.0
girasol,2015,2015/2016,San Luis,Ayacucho,300,300,1020,3.4,1.0
girasol,2015,2015/2016,Santiago del Estero,Copo,300,300,510,1.7,1.0
girasol,2015,2015/2016,Santiago del Estero,Belgrano,750,750,1170,1.56,1.0
girasol,2015,2015/2016,Santa Fe,San Justo,5000,5000,11500,2.3,1.0
girasol,2015,2015/2016,Santa Fe,San Jerónimo,1700,1700,4760,2.8,1.0
girasol,2015,2015/2016,Santiago del Estero,Alberdi,1200,1200,2400,2.0,1.0
girasol,2015,2015/2016,Santiago del Estero,Aguirre,350,350,700,2.0,1.0
girasol,2015,2015/2016,Santa Fe,San Martín,1300,1300,3900,3.0,1.0
girasol,2015,2015/2016,Santa Fe,Vera,4000,4000,7200,1.8,1.0
girasol,2015,2015/2016,Santiago del Estero,General Taboada,1000,1000,2000,2.0,1.0
girasol,2015,2015/2016,Santiago del Estero,Moreno,1500,1500,2400,1.6,1.0
girasol,2015,2015/2016,Santiago del Estero,Juan F. Ibarra,400,400,680,1.7,1.0
girasol,2015,2015/2016,Santiago del Estero,Rivadavia,200,200,440,2.2,1.0
girasol,2016,2016/2017,Buenos Aires,Alberti,1000,1000,3000,3.0,1.0
girasol,2016,2016/2017,La Pampa,Catriló,57000,57000,125400,2.2,1.0
girasol,2016,2016/2017,Santiago del Estero,Juan F. Ibarra,4000,4000,6000,1.5,1.0
girasol,2016,2016/2017,Córdoba,San Justo,3000,3000,11700,3.9,1.0
girasol,2016,2016/2017,Buenos Aires,Adolfo Alsina,60000,60000,120000,2.0,1.0
girasol,2016,2016/2017,Buenos Aires,Junín,200,200,440,2.2,1.0
girasol,2016,2016/2017,Buenos Aires,Bragado,1000,1000,3000,3.0,1.0
girasol,2016,2016/2017,Buenos Aires,9 de Julio,3500,3500,10500,3.0,1.0
girasol,2016,2016/2017,Buenos Aires,25 de Mayo,2300,2300,6670,2.9,1.0
girasol,2016,2016/2017,Buenos Aires,Ayacucho,15000,15000,31500,2.1,1.0
girasol,2016,2016/2017,Buenos Aires,Benito Juárez,15000,14650,32230,2.2,0.977
girasol,2016,2016/2017,Buenos Aires,Arrecifes,600,600,1800,3.0,1.0
girasol,2016,2016/2017,Buenos Aires,Adolfo Gonzales Chaves,4780,4630,6482,1.4,0.969
girasol,2016,2016/2017,Buenos Aires,Bolívar,6000,5700,14250,2.5,0.95
girasol,2016,2016/2017,Buenos Aires,Azul,16300,15900,34980,2.2,0.975
girasol,2016,2016/2017,Buenos Aires,Baradero,1200,1200,3360,2.8,1.0
girasol,2016,2016/2017,Buenos Aires,Balcarce,45700,44600,107040,2.4,0.976
girasol,2016,2016/2017,Buenos Aires,Bahía Blanca,700,700,420,0.6,1.0
girasol,2016,2016/2017,Buenos Aires,Dolores,500,500,1050,2.1,1.0
girasol,2016,2016/2017,Buenos Aires,Hipólito Yrigoyen,3000,2850,7410,2.6,0.95
girasol,2016,2016/2017,Buenos Aires,Brandsen,750,750,1575,2.1,1.0
girasol,2016,2016/2017,Buenos Aires,Carmen de Areco,200,200,440,2.2,1.0
girasol,2016,2016/2017,Buenos Aires,Carlos Tejedor,10000,10000,25000,2.5,1.0
girasol,2016,2016/2017,Buenos Aires,Carlos Casares,8100,8100,21060,2.6,1.0
girasol,2016,2016/2017,Buenos Aires,Cañuelas,1000,1000,2300,2.3,1.0
girasol,2016,2016/2017,Buenos Aires,Chivilcoy,1200,1200,3600,3.0,1.0
girasol,2016,2016/2017,Buenos Aires,Daireaux,17900,17000,42500,2.5,0.95
girasol,2016,2016/2017,Buenos Aires,Chascomús,1700,1700,3740,2.2,1.0
girasol,2016,2016/2017,Buenos Aires,Castelli,1800,1800,4320,2.4,1.0
girasol,2016,2016/2017,Buenos Aires,Chacabuco,100,100,220,2.2,1.0
girasol,2016,2016/2017,Buenos Aires,Coronel de Marina Leonardo Rosales,600,600,420,0.7,1.0
girasol,2016,2016/2017,Buenos Aires,Coronel Suárez,33000,33000,72600,2.2,1.0
girasol,2016,2016/2017,Buenos Aires,Coronel Pringles,16500,16350,24525,1.5,0.991
girasol,2016,2016/2017,Buenos Aires,Coronel Dorrego,41350,40750,57050,1.4,0.985
girasol,2016,2016/2017,Buenos Aires,Guaminí,40000,40000,92000,2.3,1.0
girasol,2016,2016/2017,Buenos Aires,General Juan Madariaga,15500,13700,31510,2.3,0.884
girasol,2016,2016/2017,Buenos Aires,Florentino Ameghino,1300,1260,3150,2.5,0.969
girasol,2016,2016/2017,Buenos Aires,General Guido,3500,3500,7700,2.2,1.0
girasol,2016,2016/2017,Buenos Aires,General Alvear,1500,1500,3600,2.4,1.0
girasol,2016,2016/2017,Buenos Aires,General Alvarado,26500,25800,59340,2.3,0.974
girasol,2016,2016/2017,Buenos Aires,General Belgrano,900,900,2520,2.8,1.0
girasol,2016,2016/2017,Buenos Aires,General Arenales,200,200,400,2.0,1.0
girasol,2016,2016/2017,Buenos Aires,General Lavalle,500,500,1000,2.0,1.0
girasol,2016,2016/2017,Buenos Aires,General Villegas,3500,1925,4428,2.3,0.55
girasol,2016,2016/2017,Buenos Aires,General Las Heras,350,350,840,2.4,1.0
girasol,2016,2016/2017,Buenos Aires,General La Madrid,16000,16000,34400,2.15,1.0
girasol,2016,2016/2017,Buenos Aires,General Paz,350,350,805,2.3,1.0
girasol,2016,2016/2017,Buenos Aires,General Viamonte,1100,990,2772,2.8,0.9
girasol,2016,2016/2017,Buenos Aires,General Pueyrredón,8700,8500,19550,2.3,0.977
girasol,2016,2016/2017,Buenos Aires,General Pinto,1000,950,2470,2.6,0.95
girasol,2016,2016/2017,Buenos Aires,Lincoln,3200,3070,8289,2.7,0.959
girasol,2016,2016/2017,Buenos Aires,Necochea,47030,45230,104029,2.3,0.962
girasol,2016,2016/2017,Buenos Aires,Leandro N. Alem,700,655,1769,2.701,0.936
girasol,2016,2016/2017,Buenos Aires,Las Flores,4800,4800,13440,2.8,1.0
girasol,2016,2016/2017,Buenos Aires,Laprida,6530,6430,8359,1.3,0.985
girasol,2016,2016/2017,Buenos Aires,San Cayetano,29380,28730,45968,1.6,0.978
girasol,2016,2016/2017,Buenos Aires,Luján,950,950,2280,2.4,1.0
girasol,2016,2016/2017,Buenos Aires,Navarro,1500,1500,4350,2.9,1.0
girasol,2016,2016/2017,Buenos Aires,Lobos,2000,2000,5800,2.9,1.0
girasol,2016,2016/2017,Buenos Aires,Lobería,55800,54400,119680,2.2,0.975
girasol,2016,2016/2017,Buenos Aires,Monte,1500,1500,4350,2.9,1.0
girasol,2016,2016/2017,Buenos Aires,Mar Chiquita,15500,15500,34100,2.2,1.0
girasol,2016,2016/2017,Buenos Aires,Maipú,7500,7500,18000,2.4,1.0
girasol,2016,2016/2017,Buenos Aires,Mercedes,300,300,600,2.0,1.0
girasol,2016,2016/2017,Buenos Aires,Marcos Paz,200,200,460,2.3,1.0
girasol,2016,2016/2017,Buenos Aires,San Antonio de Areco,100,100,300,3.0,1.0
girasol,2016,2016/2017,Buenos Aires,Puán,6000,6000,6600,1.1,1.0
girasol,2016,2016/2017,Buenos Aires,Olavarría,11000,11000,26400,2.4,1.0
girasol,2016,2016/2017,Córdoba,Río Primero,2000,2000,7600,3.8,1.0
girasol,2016,2016/2017,Buenos Aires,Pilar,200,200,480,2.4,1.0
girasol,2016,2016/2017,Buenos Aires,Pehuajó,11000,11000,27500,2.5,1.0
girasol,2016,2016/2017,Buenos Aires,Patagones,1200,1200,2760,2.3,1.0
girasol,2016,2016/2017,Buenos Aires,Pila,2000,2000,4400,2.2,1.0
girasol,2016,2016/2017,Buenos Aires,Pellegrini,35000,35000,77000,2.2,1.0
girasol,2016,2016/2017,Buenos Aires,Rojas,200,200,480,2.4,1.0
girasol,2016,2016/2017,Buenos Aires,San Andrés de Giles,200,200,400,2.0,1.0
girasol,2016,2016/2017,Buenos Aires,Rivadavia,11000,11000,29700,2.7,1.0
girasol,2016,2016/2017,Buenos Aires,Rauch,9800,9800,21560,2.2,1.0
girasol,2016,2016/2017,Buenos Aires,Roque Pérez,1500,1500,4200,2.8,1.0
girasol,2016,2016/2017,Buenos Aires,Salliqueló,14000,14000,32200,2.3,1.0
girasol,2016,2016/2017,Buenos Aires,Saladillo,1500,1500,4200,2.8,1.0
girasol,2016,2016/2017,Buenos Aires,Saavedra,10000,10000,22000,2.2,1.0
girasol,2016,2016/2017,Córdoba,Río Cuarto,2170,2170,4991,2.3,1.0
girasol,2016,2016/2017,Chaco,Comandante Fernández,35000,34500,44850,1.3,0.986
girasol,2016,2016/2017,Buenos Aires,Suipacha,500,500,1000,2.0,1.0
girasol,2016,2016/2017,Buenos Aires,Trenque Lauquen,32900,32900,87185,2.65,1.0
girasol,2016,2016/2017,Buenos Aires,Tornquist,2000,2000,3800,1.9,1.0
girasol,2016,2016/2017,Buenos Aires,Tapalqué,600,600,1440,2.4,1.0
girasol,2016,2016/2017,Buenos Aires,Tandil,43300,42650,98095,2.3,0.985
girasol,2016,2016/2017,Chaco,12 de Octubre,50400,48100,76960,1.6,0.954
girasol,2016,2016/2017,Chaco,Chacabuco,50400,48800,78080,1.6,0.968
girasol,2016,2016/2017,Buenos Aires,Villarino,1000,1000,2300,2.3,1.0
girasol,2016,2016/2017,Buenos Aires,Tres Arroyos,44190,43190,99337,2.3,0.977
girasol,2016,2016/2017,Buenos Aires,Tres Lomas,21000,21000,50400,2.4,1.0
girasol,2016,2016/2017,Chaco,2 de Abril,30000,28200,39480,1.4,0.94
girasol,2016,2016/2017,Chaco,Almirante Brown,50000,50000,72500,1.45,1.0
girasol,2016,2016/2017,Chaco,9 de Julio,44080,44080,79344,1.8,1.0
girasol,2016,2016/2017,Chaco,25 de Mayo,500,500,625,1.25,1.0
girasol,2016,2016/2017,Chaco,Mayor Luis J. Fontana,27360,25460,38190,1.5,0.931
girasol,2016,2016/2017,Chaco,Fray Justo Santa María de Oro,33440,31690,47535,1.5,0.948
girasol,2016,2016/2017,Córdoba,Presidente Roque Sáenz Peña,2500,1900,4180,2.2,0.76
girasol,2016,2016/2017,Chaco,General Güemes,12000,11700,15210,1.3,0.975
girasol,2016,2016/2017,Chaco,General Belgrano,19000,19000,28500,1.5,1.0
girasol,2016,2016/2017,Chaco,Maipú,30000,29400,38220,1.3,0.98
girasol,2016,2016/2017,Chaco,Libertador General San Martín,500,500,650,1.3,1.0
girasol,2016,2016/2017,Chaco,Independencia,45000,45000,56250,1.25,1.0
girasol,2016,2016/2017,Córdoba,Marcos Juárez,950,850,1785,2.1,0.895
girasol,2016,2016/2017,Chaco,San Fernando,1980,1605,2087,1.3,0.811
girasol,2016,2016/2017,Chaco,Quitilipi,8000,8000,11200,1.4,1.0
girasol,2016,2016/2017,Chaco,O'Higgins,49400,46600,74560,1.6,0.943
girasol,2016,2016/2017,Chaco,San Lorenzo,4140,3990,5586,1.4,0.964
girasol,2016,2016/2017,Córdoba,Juárez Celman,1100,1100,2640,2.4,1.0
girasol,2016,2016/2017,Córdoba,General Roca,5500,4800,10560,2.2,0.873
girasol,2016,2016/2017,Chaco,Sargento Cabral,600,600,1200,2.0,1.0
girasol,2016,2016/2017,Santa Fe,General López,600,450,1260,2.8,0.75
girasol,2016,2016/2017,Córdoba,Unión,1250,1150,2300,2.0,0.92
girasol,2016,2016/2017,Entre Ríos,Tala,80,80,136,1.7,1.0
girasol,2016,2016/2017,Santa Fe,La Capital,5000,4800,7680,1.6,0.96
girasol,2016,2016/2017,San Luis,Coronel Pringles,1000,1000,2300,2.3,1.0
girasol,2016,2016/2017,Entre Ríos,Federación,500,500,900,1.8,1.0
girasol,2016,2016/2017,Entre Ríos,Paraná,300,300,660,2.2,1.0
girasol,2016,2016/2017,Entre Ríos,Diamante,400,400,960,2.4,1.0
girasol,2016,2016/2017,Entre Ríos,Concordia,100,100,180,1.8,1.0
girasol,2016,2016/2017,Entre Ríos,Federal,400,400,800,2.0,1.0
girasol,2016,2016/2017,Entre Ríos,Nogoyá,450,450,675,1.5,1.0
girasol,2016,2016/2017,Entre Ríos,La Paz,1800,1800,4320,2.4,1.0
girasol,2016,2016/2017,Entre Ríos,Gualeguay,50,50,80,1.6,1.0
girasol,2016,2016/2017,Santa Fe,General Obligado,58300,58300,93280,1.6,1.0
girasol,2016,2016/2017,San Luis,Chacabuco,200,200,440,2.2,1.0
girasol,2016,2016/2017,Entre Ríos,Uruguay,360,360,720,2.0,1.0
girasol,2016,2016/2017,La Pampa,Chapaleufú,6500,6300,15120,2.4,0.969
girasol,2016,2016/2017,La Pampa,Capital,22000,22000,41800,1.9,1.0
girasol,2016,2016/2017,La Pampa,Atreucó,42000,42000,79800,1.9,1.0
girasol,2016,2016/2017,Formosa,sin definir,6500,6500,11700,1.8,1.0
girasol,2016,2016/2017,La Pampa,Rancul,9700,9200,20240,2.2,0.948
girasol,2016,2016/2017,San Luis,Ayacucho,150,150,435,2.9,1.0
girasol,2016,2016/2017,La Pampa,Quemú Quemú,39700,38500,92400,2.4,0.97
girasol,2016,2016/2017,La Pampa,Conhelo,4500,4300,9890,2.3,0.956
girasol,2016,2016/2017,La Pampa,Maracó,13000,12600,30240,2.4,0.969
girasol,2016,2016/2017,La Pampa,Realicó,3500,3300,7590,2.3,0.943
girasol,2016,2016/2017,La Pampa,Utracán,3000,3000,4800,1.6,1.0
girasol,2016,2016/2017,La Pampa,Trenel,3400,3300,7260,2.2,0.971
girasol,2016,2016/2017,La Pampa,Toay,8000,8000,12800,1.6,1.0
girasol,2016,2016/2017,Santa Fe,9 de Julio,23900,22400,56000,2.5,0.937
girasol,2016,2016/2017,Santiago del Estero,Belgrano,12000,12000,15600,1.3,1.0
girasol,2016,2016/2017,San Luis,Juan Martín de Pueyrredón,400,400,960,2.4,1.0
girasol,2016,2016/2017,Santa Fe,Castellanos,19000,15900,20670,1.3,0.837
girasol,2016,2016/2017,San Luis,General Pedernera,5500,5500,12100,2.2,1.0
girasol,2016,2016/2017,San Luis,Gobernador Dupuy,1200,1200,2280,1.9,1.0
girasol,2016,2016/2017,Santa Fe,San Jerónimo,5000,4400,7040,1.6,0.88
girasol,2016,2016/2017,Santiago del Estero,Alberdi,1500,1500,2250,1.5,1.0
girasol,2016,2016/2017,Santa Fe,San Javier,8000,8000,14400,1.8,1.0
girasol,2016,2016/2017,Santa Fe,Las Colonias,23000,20800,31200,1.5,0.904
girasol,2016,2016/2017,Santa Fe,San Cristóbal,26000,26000,49400,1.9,1.0
girasol,2016,2016/2017,Santa Fe,San Justo,16000,15000,27000,1.8,0.938
girasol,2016,2016/2017,Santiago del Estero,Aguirre,2000,2000,3000,1.5,1.0
girasol,2016,2016/2017,Santa Fe,Vera,14000,14000,30800,2.2,1.0
girasol,2016,2016/2017,Santa Fe,San Martín,6000,5000,7500,1.5,0.833
girasol,2016,2016/2017,Santiago del Estero,General Taboada,16000,16000,30400,1.9,1.0
girasol,2016,2016/2017,Santiago del Estero,Copo,300,300,480,1.6,1.0
girasol,2016,2016/2017,Santiago del Estero,Rivadavia,2000,2000,2600,1.3,1.0
girasol,2016,2016/2017,Santiago del Estero,Moreno,8000,8000,11200,1.4,1.0
girasol,2017,2017/2018,Córdoba,Totoral,1134,1134,2268,2.0,1.0
girasol,2017,2017/2018,Buenos Aires,Tres Arroyos,50000,47500,95000,2.0,0.95
girasol,2017,2017/2018,Buenos Aires,Trenque Lauquen,28600,28600,68640,2.4,1.0
girasol,2017,2017/2018,Buenos Aires,Bolívar,6000,6000,12000,2.0,1.0
girasol,2017,2017/2018,Buenos Aires,Benito Juárez,16500,16500,28050,1.7,1.0
girasol,2017,2017/2018,Buenos Aires,Baradero,600,600,1800,3.0,1.0
girasol,2017,2017/2018,Buenos Aires,9 de Julio,3500,3500,9800,2.8,1.0
girasol,2017,2017/2018,Buenos Aires,25 de Mayo,5656,5486,9049,1.649,0.97
girasol,2017,2017/2018,Buenos Aires,Alberti,1000,1000,2000,2.0,1.0
girasol,2017,2017/2018,Buenos Aires,Balcarce,51184,51184,133078,2.6,1.0
girasol,2017,2017/2018,Buenos Aires,Adolfo Gonzales Chaves,4000,3500,7000,2.0,0.875
girasol,2017,2017/2018,Buenos Aires,Adolfo Alsina,40000,40000,88000,2.2,1.0
girasol,2017,2017/2018,Buenos Aires,Arrecifes,400,400,1120,2.8,1.0
girasol,2017,2017/2018,Buenos Aires,Bahía Blanca,700,700,560,0.8,1.0
girasol,2017,2017/2018,Buenos Aires,Azul,17115,17115,30807,1.8,1.0
girasol,2017,2017/2018,Buenos Aires,Ayacucho,18700,18700,56100,3.0,1.0
girasol,2017,2017/2018,Buenos Aires,Carlos Casares,6900,6900,19320,2.8,1.0
girasol,2017,2017/2018,Buenos Aires,Daireaux,10000,10000,20000,2.0,1.0
girasol,2017,2017/2018,Buenos Aires,Cañuelas,1000,1000,1900,1.9,1.0
girasol,2017,2017/2018,Buenos Aires,Brandsen,750,750,1425,1.9,1.0
girasol,2017,2017/2018,Buenos Aires,Bragado,1000,1000,2800,2.8,1.0
girasol,2017,2017/2018,Buenos Aires,Junín,500,500,1200,2.4,1.0
girasol,2017,2017/2018,Buenos Aires,Chacabuco,500,500,1200,2.4,1.0
girasol,2017,2017/2018,Buenos Aires,Coronel Suárez,26050,25170,35238,1.4,0.966
girasol,2017,2017/2018,Buenos Aires,Castelli,1500,1500,3000,2.0,1.0
girasol,2017,2017/2018,Buenos Aires,Carlos Tejedor,7800,7800,20280,2.6,1.0
girasol,2017,2017/2018,Buenos Aires,Coronel Pringles,18000,16500,33000,2.0,0.917
girasol,2017,2017/2018,Buenos Aires,Chivilcoy,1200,1200,2160,1.8,1.0
girasol,2017,2017/2018,Buenos Aires,Chascomús,2100,2100,4620,2.2,1.0
girasol,2017,2017/2018,Buenos Aires,Coronel Dorrego,46000,44000,79200,1.8,0.957
girasol,2017,2017/2018,Buenos Aires,Coronel de Marina Leonardo Rosales,600,600,600,1.0,1.0
girasol,2017,2017/2018,Buenos Aires,Hipólito Yrigoyen,3000,3000,6000,2.0,1.0
girasol,2017,2017/2018,Buenos Aires,General Juan Madariaga,11500,11500,36800,3.2,1.0
girasol,2017,2017/2018,Buenos Aires,Florentino Ameghino,520,520,1300,2.5,1.0
girasol,2017,2017/2018,Buenos Aires,Tornquist,6000,5300,7420,1.4,0.883
girasol,2017,2017/2018,Buenos Aires,General Guido,3330,3330,7326,2.2,1.0
girasol,2017,2017/2018,Buenos Aires,General Alvear,1400,1400,2800,2.0,1.0
girasol,2017,2017/2018,Buenos Aires,General Alvarado,30475,30475,85330,2.8,1.0
girasol,2017,2017/2018,Buenos Aires,General Belgrano,1308,1269,2094,1.65,0.97
girasol,2017,2017/2018,Buenos Aires,General Arenales,300,300,720,2.4,1.0
girasol,2017,2017/2018,Buenos Aires,General Paz,400,400,800,2.0,1.0
girasol,2017,2017/2018,Buenos Aires,Guaminí,25000,25000,55000,2.2,1.0
girasol,2017,2017/2018,Buenos Aires,General Las Heras,350,350,665,1.9,1.0
girasol,2017,2017/2018,Buenos Aires,General La Madrid,20000,19300,27020,1.4,0.965
girasol,2017,2017/2018,Buenos Aires,General Pinto,600,600,1560,2.6,1.0
girasol,2017,2017/2018,Buenos Aires,General Villegas,1100,1100,2530,2.3,1.0
girasol,2017,2017/2018,Buenos Aires,General Viamonte,650,650,1528,2.351,1.0
girasol,2017,2017/2018,Buenos Aires,General Pueyrredón,9800,9800,29400,3.0,1.0
girasol,2017,2017/2018,Buenos Aires,Tapalqué,600,600,1200,2.0,1.0
girasol,2017,2017/2018,Buenos Aires,Olavarría,11000,11000,22000,2.0,1.0
girasol,2017,2017/2018,Buenos Aires,Laprida,7000,6600,13200,2.0,0.943
girasol,2017,2017/2018,Buenos Aires,Lobería,62612,62612,156530,2.5,1.0
girasol,2017,2017/2018,Buenos Aires,Lincoln,2200,2200,5610,2.55,1.0
girasol,2017,2017/2018,Buenos Aires,Leandro N. Alem,450,450,1080,2.4,1.0
girasol,2017,2017/2018,Buenos Aires,Las Flores,4129,4005,6608,1.65,0.97
girasol,2017,2017/2018,Buenos Aires,Mar Chiquita,11600,11600,32480,2.8,1.0
girasol,2017,2017/2018,Buenos Aires,Maipú,3720,3720,12276,3.3,1.0
girasol,2017,2017/2018,Buenos Aires,Lobos,800,776,1280,1.649,0.97
girasol,2017,2017/2018,Buenos Aires,Luján,950,950,1805,1.9,1.0
girasol,2017,2017/2018,Buenos Aires,Necochea,52000,50000,110000,2.2,0.962
girasol,2017,2017/2018,Buenos Aires,Marcos Paz,250,250,475,1.9,1.0
girasol,2017,2017/2018,Buenos Aires,Navarro,1000,970,1610,1.66,0.97
girasol,2017,2017/2018,Buenos Aires,Monte,700,679,1086,1.599,0.97
girasol,2017,2017/2018,Buenos Aires,Mercedes,300,300,540,1.8,1.0
girasol,2017,2017/2018,Buenos Aires,Tandil,48970,48970,122425,2.5,1.0
girasol,2017,2017/2018,Buenos Aires,Rauch,4550,4550,11830,2.6,1.0
girasol,2017,2017/2018,Buenos Aires,Patagones,1200,1200,1560,1.3,1.0
girasol,2017,2017/2018,Buenos Aires,Puán,10000,9100,12740,1.4,0.91
girasol,2017,2017/2018,Buenos Aires,Pellegrini,25000,25000,62500,2.5,1.0
girasol,2017,2017/2018,Buenos Aires,Pehuajó,8500,8500,22950,2.7,1.0
girasol,2017,2017/2018,Buenos Aires,Pilar,200,200,380,1.9,1.0
girasol,2017,2017/2018,Buenos Aires,Pila,700,700,1610,2.3,1.0
girasol,2017,2017/2018,Buenos Aires,Saavedra,15000,14200,19880,1.4,0.947
girasol,2017,2017/2018,Buenos Aires,Suipacha,500,500,900,1.8,1.0
girasol,2017,2017/2018,Buenos Aires,Roque Pérez,900,873,1397,1.6,0.97
girasol,2017,2017/2018,Buenos Aires,Rivadavia,8200,8200,22140,2.7,1.0
girasol,2017,2017/2018,Buenos Aires,Saladillo,3329,3229,5328,1.65,0.97
girasol,2017,2017/2018,Buenos Aires,San Cayetano,33000,30000,72000,2.4,0.909
girasol,2017,2017/2018,Buenos Aires,San Antonio de Areco,100,100,290,2.9,1.0
girasol,2017,2017/2018,Buenos Aires,Salliqueló,6000,6000,15000,2.5,1.0
girasol,2017,2017/2018,Chaco,Comandante Fernández,33100,33100,52960,1.6,1.0
girasol,2017,2017/2018,Santa Fe,General Obligado,90000,90000,144000,1.6,1.0
girasol,2017,2017/2018,Chaco,Chacabuco,31059,30359,54646,1.8,0.977
girasol,2017,2017/2018,Chaco,12 de Octubre,32952,32202,54743,1.7,0.977
girasol,2017,2017/2018,Buenos Aires,Villarino,1000,1000,1400,1.4,1.0
girasol,2017,2017/2018,Buenos Aires,Tres Lomas,14000,14000,35000,2.5,1.0
girasol,2017,2017/2018,Chaco,2 de Abril,42705,41655,74979,1.8,0.975
girasol,2017,2017/2018,Chaco,Almirante Brown,49759,49759,92054,1.85,1.0
girasol,2017,2017/2018,Chaco,9 de Julio,26097,25447,43260,1.7,0.975
girasol,2017,2017/2018,Chaco,25 de Mayo,115,115,184,1.6,1.0
girasol,2017,2017/2018,San Luis,Gobernador Dupuy,1500,1500,3150,2.1,1.0
girasol,2017,2017/2018,Chaco,Maipú,22694,22694,37445,1.65,1.0
girasol,2017,2017/2018,Córdoba,Marcos Juárez,1100,1100,2420,2.2,1.0
girasol,2017,2017/2018,Chaco,Libertador General San Martín,900,900,1350,1.5,1.0
girasol,2017,2017/2018,Chaco,General Belgrano,17583,17133,30839,1.8,0.974
girasol,2017,2017/2018,Chaco,Fray Justo Santa María de Oro,17281,16881,28698,1.7,0.977
girasol,2017,2017/2018,Chaco,Independencia,49785,49785,79656,1.6,1.0
girasol,2017,2017/2018,Chaco,General Güemes,6848,6848,11642,1.7,1.0
girasol,2017,2017/2018,Córdoba,Juárez Celman,1096,1096,2192,2.0,1.0
girasol,2017,2017/2018,Chaco,Quitilipi,8189,8189,14740,1.8,1.0
girasol,2017,2017/2018,Córdoba,General San Martín,200,200,360,1.8,1.0
girasol,2017,2017/2018,Chaco,O'Higgins,33626,32776,52442,1.6,0.975
girasol,2017,2017/2018,Chaco,Mayor Luis J. Fontana,31416,30666,52132,1.7,0.976
girasol,2017,2017/2018,Chaco,San Fernando,3117,3037,4556,1.5,0.974
girasol,2017,2017/2018,Córdoba,General Roca,4000,3900,8580,2.2,0.975
girasol,2017,2017/2018,Chaco,Sargento Cabral,300,150,330,2.2,0.5
girasol,2017,2017/2018,Chaco,San Lorenzo,1322,1302,1953,1.5,0.985
girasol,2017,2017/2018,Entre Ríos,Diamante,500,500,1000,2.0,1.0
girasol,2017,2017/2018,Santa Fe,General López,500,500,1600,3.2,1.0
girasol,2017,2017/2018,San Luis,General Pedernera,4500,4500,8550,1.9,1.0
girasol,2017,2017/2018,La Pampa,Catriló,44100,44100,123480,2.8,1.0
girasol,2017,2017/2018,Córdoba,Unión,1000,1000,2400,2.4,1.0
girasol,2017,2017/2018,Córdoba,Río Cuarto,2170,2170,4340,2.0,1.0
girasol,2017,2017/2018,Córdoba,Presidente Roque Sáenz Peña,2000,1900,4180,2.2,0.95
girasol,2017,2017/2018,La Pampa,Capital,17100,17100,34200,2.0,1.0
girasol,2017,2017/2018,Entre Ríos,Paraná,4300,4300,8600,2.0,1.0
girasol,2017,2017/2018,Entre Ríos,La Paz,2200,2200,4400,2.0,1.0
girasol,2017,2017/2018,Entre Ríos,Federación,200,200,340,1.7,1.0
girasol,2017,2017/2018,Entre Ríos,Federal,500,500,900,1.8,1.0
girasol,2017,2017/2018,Entre Ríos,Uruguay,150,150,270,1.8,1.0
girasol,2017,2017/2018,La Pampa,Atreucó,33600,33600,84000,2.5,1.0
girasol,2017,2017/2018,Formosa,sin definir,10000,8500,15300,1.8,0.85
girasol,2017,2017/2018,Entre Ríos,Villaguay,50,50,70,1.4,1.0
girasol,2017,2017/2018,San Luis,Coronel Pringles,1000,1000,2300,2.3,1.0
girasol,2017,2017/2018,La Pampa,Chapaleufú,5900,5700,15960,2.8,0.966
girasol,2017,2017/2018,Santa Fe,Castellanos,19620,19620,43164,2.2,1.0
girasol,2017,2017/2018,La Pampa,Conhelo,3600,3500,7700,2.2,0.972
girasol,2017,2017/2018,La Pampa,Rancul,7800,7600,18240,2.4,0.974
girasol,2017,2017/2018,La Pampa,Realicó,7100,6900,16560,2.4,0.972
girasol,2017,2017/2018,La Pampa,Quemú Quemú,35700,34600,89960,2.6,0.969
girasol,2017,2017/2018,La Pampa,Maracó,11700,11300,30510,2.7,0.966
girasol,2017,2017/2018,San Luis,Chacabuco,300,300,630,2.1,1.0
girasol,2017,2017/2018,Santa Fe,Belgrano,700,700,1680,2.4,1.0
girasol,2017,2017/2018,La Pampa,Toay,5600,5600,8400,1.5,1.0
girasol,2017,2017/2018,La Pampa,Trenel,2700,2600,5720,2.2,0.963
girasol,2017,2017/2018,San Luis,Ayacucho,200,200,640,3.2,1.0
girasol,2017,2017/2018,Santa Fe,9 de Julio,26000,26000,67600,2.6,1.0
girasol,2017,2017/2018,La Pampa,Utracán,3000,3000,4500,1.5,1.0
girasol,2017,2017/2018,San Luis,Juan Martín de Pueyrredón,400,400,840,2.1,1.0
girasol,2017,2017/2018,Santiago del Estero,General Taboada,6500,6500,14300,2.2,1.0
girasol,2017,2017/2018,Santa Fe,San Cristóbal,26000,26000,59800,2.3,1.0
girasol,2017,2017/2018,Santa Fe,La Capital,5000,5000,12500,2.5,1.0
girasol,2017,2017/2018,Santa Fe,Las Colonias,15980,15980,38352,2.4,1.0
girasol,2017,2017/2018,Santa Fe,San Justo,16000,16000,38400,2.4,1.0
girasol,2017,2017/2018,Santiago del Estero,Copo,300,300,420,1.4,1.0
girasol,2017,2017/2018,Santa Fe,San Jerónimo,2450,2450,5390,2.2,1.0
girasol,2017,2017/2018,Santa Fe,San Javier,8000,8000,16000,2.0,1.0
girasol,2017,2017/2018,Santiago del Estero,Belgrano,4800,4800,10560,2.2,1.0
girasol,2017,2017/2018,Santa Fe,Vera,15500,15500,37200,2.4,1.0
girasol,2017,2017/2018,Santa Fe,San Martín,3850,3850,8470,2.2,1.0
girasol,2017,2017/2018,Santiago del Estero,Alberdi,1200,1200,1680,1.4,1.0
girasol,2017,2017/2018,Santiago del Estero,Aguirre,4000,4000,7200,1.8,1.0
girasol,2017,2017/2018,Santiago del Estero,Juan F. Ibarra,2500,2500,3750,1.5,1.0
girasol,2017,2017/2018,Santiago del Estero,Rivadavia,1000,1000,1400,1.4,1.0
girasol,2017,2017/2018,Santiago del Estero,Moreno,5100,5100,8160,1.6,1.0
girasol,2018,2018/2019,Chaco,12 de Octubre,36996,35808,60874,1.7,0.968
girasol,2018,2018/2019,San Luis,General Pedernera,8000,8000,16000,2.0,1.0
girasol,2018,2018/2019,Santa Fe,Castellanos,14470,13970,30734,2.2,0.965
girasol,2018,2018/2019,Santa Fe,Belgrano,400,400,800,2.0,1.0
girasol,2018,2018/2019,Buenos Aires,General Alvear,1400,1400,2940,2.1,1.0
girasol,2018,2018/2019,Buenos Aires,Lobos,960,950,1615,1.7,0.99
girasol,2018,2018/2019,Buenos Aires,Brandsen,800,800,1760,2.2,1.0
girasol,2018,2018/2019,Buenos Aires,General Alvarado,27176,27176,59787,2.2,1.0
girasol,2018,2018/2019,Buenos Aires,Bragado,800,800,2800,3.5,1.0
girasol,2018,2018/2019,Buenos Aires,Adolfo Gonzales Chaves,5000,4200,7980,1.9,0.84
girasol,2018,2018/2019,Buenos Aires,Lobería,47621,47621,109528,2.3,1.0
girasol,2018,2018/2019,Buenos Aires,Adolfo Alsina,40000,40000,80000,2.0,1.0
girasol,2018,2018/2019,Buenos Aires,9 de Julio,4000,4000,14000,3.5,1.0
girasol,2018,2018/2019,Buenos Aires,25 de Mayo,7939,7880,14578,1.85,0.993
girasol,2018,2018/2019,Buenos Aires,Ayacucho,30900,30900,61800,2.0,1.0
girasol,2018,2018/2019,Buenos Aires,Bolívar,20000,20000,42000,2.1,1.0
girasol,2018,2018/2019,Buenos Aires,Arrecifes,1107,1107,3542,3.2,1.0
girasol,2018,2018/2019,Buenos Aires,Alberti,800,800,2800,3.5,1.0
girasol,2018,2018/2019,Buenos Aires,Azul,19172,19172,42178,2.2,1.0
girasol,2018,2018/2019,Buenos Aires,Benito Juárez,16046,16046,36906,2.3,1.0
girasol,2018,2018/2019,Buenos Aires,Balcarce,33000,33000,72600,2.2,1.0
girasol,2018,2018/2019,Buenos Aires,Bahía Blanca,700,700,770,1.1,1.0
girasol,2018,2018/2019,Buenos Aires,Carmen de Areco,200,200,600,3.0,1.0
girasol,2018,2018/2019,Buenos Aires,Lincoln,3100,3100,6820,2.2,1.0
girasol,2018,2018/2019,Buenos Aires,Florentino Ameghino,900,900,1890,2.1,1.0
girasol,2018,2018/2019,Buenos Aires,Daireaux,20000,20000,42000,2.1,1.0
girasol,2018,2018/2019,Buenos Aires,Carlos Tejedor,6734,6734,17508,2.6,1.0
girasol,2018,2018/2019,Buenos Aires,Carlos Casares,4000,4000,11200,2.8,1.0
girasol,2018,2018/2019,Buenos Aires,Cañuelas,1000,1000,2200,2.2,1.0
girasol,2018,2018/2019,Buenos Aires,Chascomús,2400,2400,5280,2.2,1.0
girasol,2018,2018/2019,Buenos Aires,Coronel Suárez,25768,25268,40479,1.602,0.981
girasol,2018,2018/2019,Buenos Aires,Chacabuco,200,200,660,3.3,1.0
girasol,2018,2018/2019,Buenos Aires,Castelli,1400,1400,2520,1.8,1.0
girasol,2018,2018/2019,Buenos Aires,Chivilcoy,1000,1000,3500,3.5,1.0
girasol,2018,2018/2019,Buenos Aires,Coronel Pringles,18000,16000,28800,1.8,0.889
girasol,2018,2018/2019,Buenos Aires,Coronel Dorrego,21000,16000,25600,1.6,0.762
girasol,2018,2018/2019,Buenos Aires,Coronel de Marina Leonardo Rosales,600,600,720,1.2,1.0
girasol,2018,2018/2019,Buenos Aires,Leandro N. Alem,400,400,1040,2.6,1.0
girasol,2018,2018/2019,Buenos Aires,General Pinto,600,600,1440,2.4,1.0
girasol,2018,2018/2019,Buenos Aires,General Belgrano,2373,2359,3892,1.65,0.994
girasol,2018,2018/2019,Buenos Aires,General Paz,400,400,880,2.2,1.0
girasol,2018,2018/2019,Buenos Aires,General Juan Madariaga,8000,8000,20000,2.5,1.0
girasol,2018,2018/2019,Buenos Aires,General Guido,1800,1700,3400,2.0,0.944
girasol,2018,2018/2019,Buenos Aires,General Las Heras,400,400,880,2.2,1.0
girasol,2018,2018/2019,Buenos Aires,General La Madrid,23700,23000,22862,0.994,0.97
girasol,2018,2018/2019,Buenos Aires,General Villegas,1500,1500,3450,2.3,1.0
girasol,2018,2018/2019,Buenos Aires,Las Flores,5335,5292,8996,1.7,0.992
girasol,2018,2018/2019,Buenos Aires,General Viamonte,500,500,1350,2.7,1.0
girasol,2018,2018/2019,Buenos Aires,General Pueyrredón,10012,10012,24029,2.4,1.0
girasol,2018,2018/2019,Buenos Aires,Guaminí,26000,26000,57200,2.2,1.0
girasol,2018,2018/2019,Buenos Aires,Laprida,4500,4000,7600,1.9,0.889
girasol,2018,2018/2019,Buenos Aires,Junín,200,200,640,3.2,1.0
girasol,2018,2018/2019,Buenos Aires,Hipólito Yrigoyen,4900,4900,10290,2.1,1.0
girasol,2018,2018/2019,Buenos Aires,Pehuajó,2300,2300,5359,2.33,1.0
girasol,2018,2018/2019,Buenos Aires,Luján,1000,1000,2200,2.2,1.0
girasol,2018,2018/2019,Buenos Aires,Villarino,1000,1000,2200,2.2,1.0
girasol,2018,2018/2019,Córdoba,Santa María,100,100,200,2.0,1.0
girasol,2018,2018/2019,Buenos Aires,Mercedes,300,300,1050,3.5,1.0
girasol,2018,2018/2019,Buenos Aires,Marcos Paz,300,300,660,2.2,1.0
girasol,2018,2018/2019,Buenos Aires,Maipú,6200,6200,14260,2.3,1.0
girasol,2018,2018/2019,Buenos Aires,Mar Chiquita,15500,15500,34100,2.2,1.0
girasol,2018,2018/2019,Buenos Aires,Patagones,1200,1200,2640,2.2,1.0
girasol,2018,2018/2019,Buenos Aires,Monte,735,728,1310,1.799,0.99
girasol,2018,2018/2019,Buenos Aires,Olavarría,10000,10000,21000,2.1,1.0
girasol,2018,2018/2019,Buenos Aires,Necochea,52000,49600,104160,2.1,0.954
girasol,2018,2018/2019,Buenos Aires,Navarro,1050,1039,1974,1.9,0.99
girasol,2018,2018/2019,San Luis,Juan Martín de Pueyrredón,400,400,840,2.1,1.0
girasol,2018,2018/2019,Buenos Aires,San Nicolás,150,150,450,3.0,1.0
girasol,2018,2018/2019,Buenos Aires,Pellegrini,28000,28000,67200,2.4,1.0
girasol,2018,2018/2019,Buenos Aires,San Pedro,817,817,2533,3.1,1.0
girasol,2018,2018/2019,Buenos Aires,Rivadavia,9000,9000,24300,2.7,1.0
girasol,2018,2018/2019,Buenos Aires,Pila,3600,3600,7200,2.0,1.0
girasol,2018,2018/2019,Buenos Aires,Rauch,10700,10700,21400,2.0,1.0
girasol,2018,2018/2019,Buenos Aires,Puán,5956,5656,22833,4.037,0.95
girasol,2018,2018/2019,Buenos Aires,Pilar,200,200,440,2.2,1.0
girasol,2018,2018/2019,Buenos Aires,Saladillo,3495,3460,5882,1.7,0.99
girasol,2018,2018/2019,Buenos Aires,San Cayetano,25000,23000,46000,2.0,0.92
girasol,2018,2018/2019,Buenos Aires,Saavedra,7829,7329,10268,1.401,0.936
girasol,2018,2018/2019,Buenos Aires,Rojas,200,200,700,3.5,1.0
girasol,2018,2018/2019,Buenos Aires,Roque Pérez,945,936,1685,1.8,0.99
girasol,2018,2018/2019,Buenos Aires,Salliqueló,10000,10000,24000,2.4,1.0
girasol,2018,2018/2019,Buenos Aires,San Antonio de Areco,300,300,990,3.3,1.0
girasol,2018,2018/2019,Buenos Aires,San Andrés de Giles,200,200,600,3.0,1.0
girasol,2018,2018/2019,Buenos Aires,Salto,590,590,1652,2.8,1.0
girasol,2018,2018/2019,Buenos Aires,Trenque Lauquen,42300,42300,105750,2.5,1.0
girasol,2018,2018/2019,Chaco,General Güemes,9743,9443,16053,1.7,0.969
girasol,2018,2018/2019,Buenos Aires,Tres Arroyos,55000,51000,96900,1.9,0.927
girasol,2018,2018/2019,Córdoba,San Justo,7801,7501,16502,2.2,0.962
girasol,2018,2018/2019,Buenos Aires,Tapalqué,600,600,1140,1.9,1.0
girasol,2018,2018/2019,Buenos Aires,Tandil,44000,44000,105600,2.4,1.0
girasol,2018,2018/2019,Buenos Aires,Suipacha,500,500,1750,3.5,1.0
girasol,2018,2018/2019,Chaco,9 de Julio,29298,28760,51768,1.8,0.982
girasol,2018,2018/2019,Chaco,25 de Mayo,300,290,435,1.5,0.967
girasol,2018,2018/2019,Buenos Aires,Tres Lomas,18000,18000,43200,2.4,1.0
girasol,2018,2018/2019,Chaco,2 de Abril,47946,43988,61583,1.4,0.917
girasol,2018,2018/2019,Chaco,General Belgrano,19742,19380,34884,1.8,0.982
girasol,2018,2018/2019,Chaco,Almirante Brown,51938,51338,89842,1.75,0.988
girasol,2018,2018/2019,Chaco,Fray Justo Santa María de Oro,19182,14344,20655,1.44,0.748
girasol,2018,2018/2019,Chaco,Comandante Fernández,29348,28548,45677,1.6,0.973
girasol,2018,2018/2019,Chaco,Chacabuco,34870,34230,65037,1.9,0.982
girasol,2018,2018/2019,Chaco,San Fernando,3304,3241,5186,1.6,0.981
girasol,2018,2018/2019,Chaco,Independencia,48971,48471,79977,1.65,0.99
girasol,2018,2018/2019,Córdoba,Río Primero,720,720,1584,2.2,1.0
girasol,2018,2018/2019,Chaco,Quitilipi,5605,5505,8808,1.6,0.982
girasol,2018,2018/2019,Chaco,Maipú,23209,22509,36014,1.6,0.97
girasol,2018,2018/2019,Chaco,Libertador General San Martín,300,300,450,1.5,1.0
girasol,2018,2018/2019,Chaco,O'Higgins,36989,36317,72634,2.0,0.982
girasol,2018,2018/2019,Chaco,Mayor Luis J. Fontana,34872,30160,54288,1.8,0.865
girasol,2018,2018/2019,Córdoba,General Roca,7500,7300,16790,2.3,0.973
girasol,2018,2018/2019,Córdoba,Río Cuarto,1500,1500,3000,2.0,1.0
girasol,2018,2018/2019,Chaco,Sargento Cabral,200,200,400,2.0,1.0
girasol,2018,2018/2019,Chaco,San Lorenzo,1441,1411,1693,1.2,0.979
girasol,2018,2018/2019,Córdoba,General San Martín,185,185,463,2.503,1.0
girasol,2018,2018/2019,Córdoba,Presidente Roque Sáenz Peña,12000,11500,26450,2.3,0.958
girasol,2018,2018/2019,Córdoba,Marcos Juárez,1982,1532,2758,1.8,0.773
girasol,2018,2018/2019,Córdoba,Juárez Celman,500,500,1100,2.2,1.0
girasol,2018,2018/2019,Córdoba,Unión,3561,2716,4889,1.8,0.763
girasol,2018,2018/2019,Entre Ríos,Villaguay,1700,1700,3230,1.9,1.0
girasol,2018,2018/2019,San Luis,Gobernador Dupuy,1700,1700,3060,1.8,1.0
girasol,2018,2018/2019,Córdoba,Totoral,746,696,1531,2.2,0.933
girasol,2018,2018/2019,Córdoba,Tulumba,652,602,1204,2.0,0.923
girasol,2018,2018/2019,Santa Fe,La Capital,6000,6000,10800,1.8,1.0
girasol,2018,2018/2019,Entre Ríos,Federal,300,300,600,2.0,1.0
girasol,2018,2018/2019,San Luis,Coronel Pringles,800,800,1680,2.1,1.0
girasol,2018,2018/2019,Entre Ríos,Federación,300,300,600,2.0,1.0
girasol,2018,2018/2019,Entre Ríos,Diamante,600,600,1380,2.3,1.0
girasol,2018,2018/2019,Entre Ríos,Uruguay,350,350,770,2.2,1.0
girasol,2018,2018/2019,Entre Ríos,Gualeguaychú,100,100,270,2.7,1.0
girasol,2018,2018/2019,Entre Ríos,Paraná,1800,1800,3960,2.2,1.0
girasol,2018,2018/2019,Entre Ríos,Nogoyá,650,650,1625,2.5,1.0
girasol,2018,2018/2019,Entre Ríos,La Paz,2000,2000,4400,2.2,1.0
girasol,2018,2018/2019,Santa Fe,9 de Julio,37200,32200,57960,1.8,0.866
girasol,2018,2018/2019,Santa Fe,General Obligado,97000,88500,141600,1.6,0.912
girasol,2018,2018/2019,La Pampa,Conhelo,9500,9300,20460,2.2,0.979
girasol,2018,2018/2019,San Luis,Chacabuco,300,300,570,1.9,1.0
girasol,2018,2018/2019,La Pampa,Atreucó,18300,18300,43920,2.4,1.0
girasol,2018,2018/2019,La Pampa,Chapaleufú,400,400,800,2.0,1.0
girasol,2018,2018/2019,La Pampa,Catriló,35800,35800,85920,2.4,1.0
girasol,2018,2018/2019,La Pampa,Capital,21000,21000,48300,2.3,1.0
girasol,2018,2018/2019,San Luis,Ayacucho,200,200,640,3.2,1.0
girasol,2018,2018/2019,Santa Fe,General López,300,300,840,2.8,1.0
girasol,2018,2018/2019,La Pampa,Maracó,12900,12500,25000,2.0,0.969
girasol,2018,2018/2019,La Pampa,Quemú Quemú,26600,26100,60030,2.3,0.981
girasol,2018,2018/2019,La Pampa,Rancul,10700,10500,23100,2.2,0.981
girasol,2018,2018/2019,La Pampa,Trenel,5700,5600,11760,2.1,0.982
girasol,2018,2018/2019,La Pampa,Toay,2900,2900,4350,1.5,1.0
girasol,2018,2018/2019,La Pampa,Realicó,13700,13300,30590,2.3,0.971
girasol,2018,2018/2019,Santiago del Estero,Rivadavia,19200,19200,40320,2.1,1.0
girasol,2018,2018/2019,Santa Fe,Las Colonias,22114,20614,37105,1.8,0.932
girasol,2018,2018/2019,Santa Fe,San Justo,23000,20000,34000,1.7,0.87
girasol,2018,2018/2019,Santa Fe,San Jerónimo,2700,2700,4860,1.8,1.0
girasol,2018,2018/2019,Santa Fe,San Javier,12500,11200,15680,1.4,0.896
girasol,2018,2018/2019,Santa Fe,San Cristóbal,28500,28000,67200,2.4,0.982
girasol,2018,2018/2019,Santiago del Estero,Alberdi,1553,1553,3417,2.2,1.0
girasol,2018,2018/2019,Santiago del Estero,Moreno,3266,3266,6859,2.1,1.0
girasol,2018,2018/2019,Santiago del Estero,Aguirre,4151,4151,7057,1.7,1.0
girasol,2018,2018/2019,Santa Fe,San Martín,3500,3500,6300,1.8,1.0
girasol,2018,2018/2019,Santa Fe,Vera,19200,17700,24780,1.4,0.922
girasol,2018,2018/2019,Santiago del Estero,Belgrano,34500,34500,79350,2.3,1.0
girasol,2018,2018/2019,Santiago del Estero,Mitre,1000,1000,840,0.84,1.0
girasol,2018,2018/2019,Santiago del Estero,Juan F. Ibarra,500,500,800,1.6,1.0
girasol,2018,2018/2019,Santiago del Estero,General Taboada,33500,33430,83575,2.5,0.998
girasol,2019,2019/2020,Buenos Aires,General Arenales,300,300,900,3.0,1.0
girasol,2019,2019/2020,Chaco,General Güemes,4900,4820,9158,1.9,0.984
girasol,2019,2019/2020,Buenos Aires,Coronel de Marina Leonardo Rosales,600,600,420,0.7,1.0
girasol,2019,2019/2020,Buenos Aires,Chascomús,3588,3588,7893,2.2,1.0
girasol,2019,2019/2020,Buenos Aires,Chivilcoy,200,200,560,2.8,1.0
girasol,2019,2019/2020,Buenos Aires,Chacabuco,500,500,1550,3.1,1.0
girasol,2019,2019/2020,Buenos Aires,Castelli,1300,1300,3120,2.4,1.0
girasol,2019,2019/2020,Buenos Aires,Carlos Tejedor,5000,5000,13000,2.6,1.0
girasol,2019,2019/2020,Buenos Aires,Ayacucho,22600,22600,51980,2.3,1.0
girasol,2019,2019/2020,Buenos Aires,25 de Mayo,4145,4124,8392,2.035,0.995
girasol,2019,2019/2020,Buenos Aires,Carlos Casares,3000,3000,8100,2.7,1.0
girasol,2019,2019/2020,Buenos Aires,Adolfo Alsina,28000,28000,53200,1.9,1.0
girasol,2019,2019/2020,Buenos Aires,9 de Julio,2000,2000,5600,2.8,1.0
girasol,2019,2019/2020,Buenos Aires,Arrecifes,750,750,2250,3.0,1.0
girasol,2019,2019/2020,Buenos Aires,Alberti,200,200,560,2.8,1.0
girasol,2019,2019/2020,Buenos Aires,Adolfo Gonzales Chaves,5000,4500,9000,2.0,0.9
girasol,2019,2019/2020,Buenos Aires,Cañuelas,861,861,1894,2.2,1.0
girasol,2019,2019/2020,Buenos Aires,Balcarce,31000,31000,65100,2.1,1.0
girasol,2019,2019/2020,Buenos Aires,Bahía Blanca,700,700,420,0.6,1.0
girasol,2019,2019/2020,Buenos Aires,Azul,18000,18000,37800,2.1,1.0
girasol,2019,2019/2020,Buenos Aires,Benito Juárez,13000,13000,24700,1.9,1.0
girasol,2019,2019/2020,Buenos Aires,Brandsen,718,718,1579,2.201,1.0
girasol,2019,2019/2020,Buenos Aires,Bragado,300,300,840,2.8,1.0
girasol,2019,2019/2020,Buenos Aires,Bolívar,12000,12000,27600,2.3,1.0
girasol,2019,2019/2020,Buenos Aires,Tandil,43500,43500,91350,2.1,1.0
girasol,2019,2019/2020,Buenos Aires,Coronel Suárez,15000,14000,28000,2.0,0.933
girasol,2019,2019/2020,Buenos Aires,Coronel Pringles,15000,13000,22100,1.7,0.867
girasol,2019,2019/2020,Córdoba,Juárez Celman,500,500,1200,2.4,1.0
girasol,2019,2019/2020,Buenos Aires,General Alvarado,27000,27000,67500,2.5,1.0
girasol,2019,2019/2020,Buenos Aires,Coronel Dorrego,22000,18000,28800,1.6,0.818
girasol,2019,2019/2020,Buenos Aires,Las Flores,4802,4778,9747,2.04,0.995
girasol,2019,2019/2020,Buenos Aires,General La Madrid,21400,20000,40000,2.0,0.935
girasol,2019,2019/2020,Buenos Aires,Daireaux,12000,12000,27480,2.29,1.0
girasol,2019,2019/2020,Buenos Aires,Laprida,3000,3000,5700,1.9,1.0
girasol,2019,2019/2020,Buenos Aires,General Alvear,1400,1400,2646,1.89,1.0
girasol,2019,2019/2020,Buenos Aires,Florentino Ameghino,800,800,1720,2.15,1.0
girasol,2019,2019/2020,Buenos Aires,General Juan Madariaga,7000,7000,19600,2.8,1.0
girasol,2019,2019/2020,Buenos Aires,General Guido,1400,1400,3360,2.4,1.0
girasol,2019,2019/2020,Buenos Aires,General Belgrano,2636,2623,5194,1.98,0.995
girasol,2019,2019/2020,Buenos Aires,General Pinto,500,500,1150,2.3,1.0
girasol,2019,2019/2020,Buenos Aires,Junín,400,400,1280,3.2,1.0
girasol,2019,2019/2020,Buenos Aires,General Paz,718,718,1579,2.201,1.0
girasol,2019,2019/2020,Buenos Aires,General Las Heras,574,574,1263,2.2,1.0
girasol,2019,2019/2020,Buenos Aires,Hipólito Yrigoyen,4900,4900,11544,2.356,1.0
girasol,2019,2019/2020,Buenos Aires,General Viamonte,400,400,880,2.2,1.0
girasol,2019,2019/2020,Buenos Aires,General Pueyrredón,9000,9000,21600,2.4,1.0
girasol,2019,2019/2020,Buenos Aires,Guaminí,22000,22000,44000,2.0,1.0
girasol,2019,2019/2020,Buenos Aires,General Villegas,1100,1100,2640,2.4,1.0
girasol,2019,2019/2020,Buenos Aires,Pehuajó,5800,5800,15660,2.7,1.0
girasol,2019,2019/2020,Buenos Aires,Suipacha,200,200,560,2.8,1.0
girasol,2019,2019/2020,Santa Fe,San Cristóbal,40184,40184,96442,2.4,1.0
girasol,2019,2019/2020,Buenos Aires,Leandro N. Alem,400,400,900,2.25,1.0
girasol,2019,2019/2020,Buenos Aires,Luján,1435,1435,3157,2.2,1.0
girasol,2019,2019/2020,Buenos Aires,Lobos,864,860,1754,2.04,0.995
girasol,2019,2019/2020,Buenos Aires,Lobería,47500,47500,118750,2.5,1.0
girasol,2019,2019/2020,Buenos Aires,Lincoln,2800,2800,5880,2.1,1.0
girasol,2019,2019/2020,Buenos Aires,Mercedes,100,100,280,2.8,1.0
girasol,2019,2019/2020,Buenos Aires,Patagones,1200,1200,2040,1.7,1.0
girasol,2019,2019/2020,Buenos Aires,Marcos Paz,431,431,947,2.2,1.0
girasol,2019,2019/2020,Buenos Aires,Maipú,5500,5500,15400,2.8,1.0
girasol,2019,2019/2020,Buenos Aires,Mar Chiquita,13500,13500,35100,2.6,1.0
girasol,2019,2019/2020,Buenos Aires,Monte,662,659,1305,1.98,0.995
girasol,2019,2019/2020,Buenos Aires,Olavarría,10000,10000,18780,1.878,1.0
girasol,2019,2019/2020,Buenos Aires,Necochea,50000,48000,86400,1.8,0.96
girasol,2019,2019/2020,Buenos Aires,Navarro,945,940,1965,2.09,0.995
girasol,2019,2019/2020,Buenos Aires,San Pedro,450,450,1350,3.0,1.0
girasol,2019,2019/2020,Buenos Aires,Rojas,300,300,900,3.0,1.0
girasol,2019,2019/2020,Buenos Aires,Pellegrini,23000,23000,52900,2.3,1.0
girasol,2019,2019/2020,Buenos Aires,Rivadavia,4700,4700,13160,2.8,1.0
girasol,2019,2019/2020,Buenos Aires,Pilar,287,287,631,2.199,1.0
girasol,2019,2019/2020,Buenos Aires,Pila,2800,2800,7000,2.5,1.0
girasol,2019,2019/2020,Buenos Aires,Rauch,8600,8600,20640,2.4,1.0
girasol,2019,2019/2020,Buenos Aires,Puán,4160,4000,4400,1.1,0.962
girasol,2019,2019/2020,Buenos Aires,Saladillo,4146,4125,8415,2.04,0.995
girasol,2019,2019/2020,Buenos Aires,San Nicolás,200,200,600,3.0,1.0
girasol,2019,2019/2020,Buenos Aires,Saavedra,7152,6912,7603,1.1,0.966
girasol,2019,2019/2020,Buenos Aires,Roque Pérez,851,847,1677,1.98,0.995
girasol,2019,2019/2020,Buenos Aires,Salliqueló,9500,9500,20900,2.2,1.0
girasol,2019,2019/2020,Buenos Aires,San Cayetano,22500,21000,37800,1.8,0.933
girasol,2019,2019/2020,Buenos Aires,San Antonio de Areco,300,300,870,2.9,1.0
girasol,2019,2019/2020,Buenos Aires,Salto,350,350,1120,3.2,1.0
girasol,2019,2019/2020,Buenos Aires,Tornquist,1192,1152,1267,1.1,0.966
girasol,2019,2019/2020,Chaco,Chacabuco,19917,19917,33859,1.7,1.0
girasol,2019,2019/2020,Córdoba,General Roca,7600,7106,15313,2.155,0.935
girasol,2019,2019/2020,Buenos Aires,Tapalqué,600,600,1116,1.86,1.0
girasol,2019,2019/2020,Córdoba,Tercero Arriba,120,120,264,2.2,1.0
girasol,2019,2019/2020,Buenos Aires,Tres Lomas,17000,17000,39100,2.3,1.0
girasol,2019,2019/2020,Chaco,Sargento Cabral,200,200,560,2.8,1.0
girasol,2019,2019/2020,Buenos Aires,Tres Arroyos,52000,49500,89100,1.8,0.952
girasol,2019,2019/2020,Buenos Aires,Trenque Lauquen,32000,32000,80000,2.5,1.0
girasol,2019,2019/2020,Chaco,Almirante Brown,40000,39850,83685,2.1,0.996
girasol,2019,2019/2020,Buenos Aires,Villarino,1200,1200,2040,1.7,1.0
girasol,2019,2019/2020,Chaco,9 de Julio,15894,15894,28609,1.8,1.0
girasol,2019,2019/2020,Chaco,2 de Abril,26010,25760,42813,1.662,0.99
girasol,2019,2019/2020,Chaco,12 de Octubre,20070,19950,33935,1.701,0.994
girasol,2019,2019/2020,Córdoba,San Justo,7501,7501,18002,2.4,1.0
girasol,2019,2019/2020,Chaco,San Lorenzo,753,753,1054,1.4,1.0
girasol,2019,2019/2020,Chaco,Comandante Fernández,15000,14800,27380,1.85,0.987
girasol,2019,2019/2020,Santa Fe,Las Colonias,2348,2348,4226,1.8,1.0
girasol,2019,2019/2020,Chaco,Mayor Luis J. Fontana,18917,18867,32074,1.7,0.997
girasol,2019,2019/2020,Chaco,Fray Justo Santa María de Oro,10312,10212,15318,1.5,0.99
girasol,2019,2019/2020,Chaco,Maipú,15400,15240,28956,1.9,0.99
girasol,2019,2019/2020,Chaco,Independencia,26300,26000,52000,2.0,0.989
girasol,2019,2019/2020,Chaco,General Belgrano,10710,10620,18054,1.7,0.992
girasol,2019,2019/2020,Chaco,San Fernando,1792,1792,2688,1.5,1.0
girasol,2019,2019/2020,Córdoba,Río Segundo,210,210,494,2.352,1.0
girasol,2019,2019/2020,Chaco,O'Higgins,20066,19956,35921,1.8,0.995
girasol,2019,2019/2020,Chaco,Quitilipi,3500,3430,6346,1.85,0.98
girasol,2019,2019/2020,Córdoba,Marcos Juárez,1800,1800,4320,2.4,1.0
girasol,2019,2019/2020,Córdoba,Río Primero,2100,2100,4620,2.2,1.0
girasol,2019,2019/2020,Córdoba,Río Cuarto,1500,1500,3300,2.2,1.0
girasol,2019,2019/2020,Córdoba,Presidente Roque Sáenz Peña,12400,11594,27710,2.39,0.935
girasol,2019,2019/2020,La Pampa,Quemú Quemú,13400,13100,28800,2.198,0.978
girasol,2019,2019/2020,Santa Fe,La Capital,2133,2133,5371,2.518,1.0
girasol,2019,2019/2020,Córdoba,Unión,1400,1400,3360,2.4,1.0
girasol,2019,2019/2020,Entre Ríos,La Paz,800,800,1760,2.2,1.0
girasol,2019,2019/2020,Entre Ríos,Federal,300,300,660,2.2,1.0
girasol,2019,2019/2020,Entre Ríos,Federación,300,300,600,2.0,1.0
girasol,2019,2019/2020,Entre Ríos,Diamante,300,300,750,2.5,1.0
girasol,2019,2019/2020,La Pampa,Atreucó,15000,15000,30000,2.0,1.0
girasol,2019,2019/2020,La Pampa,Maracó,8600,8400,20200,2.405,0.977
girasol,2019,2019/2020,Formosa,sin definir,3000,3000,5400,1.8,1.0
girasol,2019,2019/2020,Entre Ríos,Paraná,1000,920,2171,2.36,0.92
girasol,2019,2019/2020,Entre Ríos,Uruguay,250,250,425,1.7,1.0
girasol,2019,2019/2020,La Pampa,Capital,15400,15400,27720,1.8,1.0
girasol,2019,2019/2020,La Pampa,Conhelo,3400,3300,7300,2.212,0.971
girasol,2019,2019/2020,La Pampa,Chapaleufú,4000,3900,9400,2.41,0.975
girasol,2019,2019/2020,La Pampa,Catriló,27750,27750,61050,2.2,1.0
girasol,2019,2019/2020,Santa Fe,General Obligado,92000,90500,160185,1.77,0.984
girasol,2019,2019/2020,San Luis,Ayacucho,100,100,290,2.9,1.0
girasol,2019,2019/2020,La Pampa,Rancul,9000,8800,20200,2.295,0.978
girasol,2019,2019/2020,Salta,Metán,240,240,480,2.0,1.0
girasol,2019,2019/2020,La Pampa,Toay,2200,2200,2860,1.3,1.0
girasol,2019,2019/2020,La Pampa,Realicó,12800,12500,28800,2.304,0.977
girasol,2019,2019/2020,Salta,Anta,385,385,847,2.2,1.0
girasol,2019,2019/2020,La Pampa,Trenel,1900,1900,4400,2.316,1.0
girasol,2019,2019/2020,San Luis,General Pedernera,5000,4200,7560,1.8,0.84
girasol,2019,2019/2020,Santa Fe,General López,200,200,600,3.0,1.0
girasol,2019,2019/2020,San Luis,Coronel Pringles,500,500,900,1.8,1.0
girasol,2019,2019/2020,San Luis,Chacabuco,800,800,1360,1.7,1.0
girasol,2019,2019/2020,San Luis,Gobernador Dupuy,9000,9000,17100,1.9,1.0
girasol,2019,2019/2020,Santa Fe,Castellanos,6576,6576,16440,2.5,1.0
girasol,2019,2019/2020,Santa Fe,9 de Julio,23000,21800,51230,2.35,0.948
girasol,2019,2019/2020,San Luis,Juan Martín de Pueyrredón,300,300,540,1.8,1.0
girasol,2019,2019/2020,Santa Fe,San Javier,8000,8000,15680,1.96,1.0
girasol,2019,2019/2020,Santa Fe,San Martín,3600,3600,8701,2.417,1.0
girasol,2019,2019/2020,Santiago del Estero,Choya,200,200,360,1.8,1.0
girasol,2019,2019/2020,Santa Fe,San Justo,13259,13259,26518,2.0,1.0
girasol,2019,2019/2020,Santa Fe,San Jerónimo,3000,3000,8100,2.7,1.0
girasol,2019,2019/2020,Santa Fe,Vera,16500,16500,32835,1.99,1.0
girasol,2019,2019/2020,Santiago del Estero,Belgrano,28497,28497,68393,2.4,1.0
girasol,2019,2019/2020,Santiago del Estero,General Taboada,6142,6142,14127,2.3,1.0
girasol,2019,2019/2020,Santiago del Estero,Alberdi,3138,3138,6904,2.2,1.0
girasol,2019,2019/2020,Santiago del Estero,Aguirre,3030,3030,6060,2.0,1.0
girasol,2019,2019/2020,Santiago del Estero,Guasayán,100,100,170,1.7,1.0
girasol,2019,2019/2020,Santiago del Estero,Rivadavia,18965,18965,39827,2.1,1.0
girasol,2019,2019/2020,Santiago del Estero,Juan F. Ibarra,2453,2453,4415,1.8,1.0
girasol,2019,2019/2020,Santiago del Estero,Pellegrini,100,100,180,1.8,1.0
girasol,2019,2019/2020,Santiago del Estero,Moreno,5329,5329,10125,1.9,1.0
girasol,2019,2019/2020,Santiago del Estero,Mitre,500,500,900,1.8,1.0
girasol,2020,2020/2021,Córdoba,Río Seco,1000,1000,2000,2.0,1.0
girasol,2020,2020/2021,Buenos Aires,General Villegas,4000,4000,9400,2.35,1.0
girasol,2020,2020/2021,Buenos Aires,9 de Julio,2000,2000,5000,2.5,1.0
girasol,2020,2020/2021,Buenos Aires,Laprida,4000,4000,6800,1.7,1.0
girasol,2020,2020/2021,Córdoba,Río Primero,1050,1050,2520,2.4,1.0
girasol,2020,2020/2021,Buenos Aires,Bragado,300,300,750,2.5,1.0
girasol,2020,2020/2021,Buenos Aires,Bolívar,22000,22000,46200,2.1,1.0
girasol,2020,2020/2021,Chaco,Independencia,5000,4830,6279,1.3,0.966
girasol,2020,2020/2021,Buenos Aires,Arrecifes,200,200,560,2.8,1.0
girasol,2020,2020/2021,Buenos Aires,Benito Juárez,18000,18000,37800,2.1,1.0
girasol,2020,2020/2021,Buenos Aires,Adolfo Gonzales Chaves,14000,14000,23800,1.7,1.0
girasol,2020,2020/2021,Buenos Aires,25 de Mayo,7516,7367,17239,2.34,0.98
girasol,2020,2020/2021,Buenos Aires,Adolfo Alsina,42000,42000,87360,2.08,1.0
girasol,2020,2020/2021,Buenos Aires,Ayacucho,24800,24800,59520,2.4,1.0
girasol,2020,2020/2021,Buenos Aires,Balcarce,40000,40000,88000,2.2,1.0
girasol,2020,2020/2021,Buenos Aires,Bahía Blanca,700,700,560,0.8,1.0
girasol,2020,2020/2021,Buenos Aires,Azul,24000,24000,57600,2.4,1.0
girasol,2020,2020/2021,Buenos Aires,Daireaux,21500,21500,45150,2.1,1.0
girasol,2020,2020/2021,Buenos Aires,Junín,500,500,1100,2.2,1.0
girasol,2020,2020/2021,Buenos Aires,General Viamonte,500,500,1225,2.45,1.0
girasol,2020,2020/2021,Buenos Aires,Carlos Tejedor,6267,6267,14414,2.3,1.0
girasol,2020,2020/2021,Buenos Aires,Carlos Casares,3500,3500,10850,3.1,1.0
girasol,2020,2020/2021,Buenos Aires,Cañuelas,900,900,2520,2.8,1.0
girasol,2020,2020/2021,Buenos Aires,Brandsen,100,100,260,2.6,1.0
girasol,2020,2020/2021,Buenos Aires,Chascomús,7500,7500,20250,2.7,1.0
girasol,2020,2020/2021,Buenos Aires,Coronel Suárez,32000,31920,60648,1.9,0.998
girasol,2020,2020/2021,Buenos Aires,Chacabuco,500,500,1150,2.3,1.0
girasol,2020,2020/2021,Buenos Aires,Carmen de Areco,500,500,1100,2.2,1.0
girasol,2020,2020/2021,Buenos Aires,Castelli,3500,3500,8750,2.5,1.0
girasol,2020,2020/2021,Buenos Aires,Chivilcoy,100,100,250,2.5,1.0
girasol,2020,2020/2021,Buenos Aires,Coronel Pringles,30000,30000,42000,1.4,1.0
girasol,2020,2020/2021,Buenos Aires,Coronel Dorrego,35000,35000,56000,1.6,1.0
girasol,2020,2020/2021,Buenos Aires,Coronel de Marina Leonardo Rosales,600,600,540,0.9,1.0
girasol,2020,2020/2021,Buenos Aires,Dolores,150,150,330,2.2,1.0
girasol,2020,2020/2021,Buenos Aires,General Pueyrredón,12000,12000,27600,2.3,1.0
girasol,2020,2020/2021,Buenos Aires,Florentino Ameghino,2000,2000,5000,2.5,1.0
girasol,2020,2020/2021,Buenos Aires,General Arenales,300,300,660,2.2,1.0
girasol,2020,2020/2021,Buenos Aires,General Belgrano,5868,5751,12296,2.138,0.98
girasol,2020,2020/2021,Buenos Aires,General Alvear,2000,2000,4200,2.1,1.0
girasol,2020,2020/2021,Buenos Aires,General Alvarado,28751,28751,69002,2.4,1.0
girasol,2020,2020/2021,Buenos Aires,Hipólito Yrigoyen,4900,4900,10290,2.1,1.0
girasol,2020,2020/2021,Buenos Aires,General Pinto,600,600,1470,2.45,1.0
girasol,2020,2020/2021,Buenos Aires,Guaminí,34000,34000,70720,2.08,1.0
girasol,2020,2020/2021,Buenos Aires,General Guido,2000,2000,5000,2.5,1.0
girasol,2020,2020/2021,Buenos Aires,General Juan Madariaga,8800,8800,24640,2.8,1.0
girasol,2020,2020/2021,Buenos Aires,General La Madrid,25000,24920,52332,2.1,0.997
girasol,2020,2020/2021,Buenos Aires,General Paz,620,620,1612,2.6,1.0
girasol,2020,2020/2021,Buenos Aires,General Lavalle,200,200,440,2.2,1.0
girasol,2020,2020/2021,Buenos Aires,General Las Heras,400,400,1040,2.6,1.0
girasol,2020,2020/2021,Buenos Aires,Lincoln,3500,3500,8925,2.55,1.0
girasol,2020,2020/2021,Buenos Aires,Saavedra,8000,8000,12800,1.6,1.0
girasol,2020,2020/2021,Buenos Aires,San Antonio de Areco,300,300,870,2.9,1.0
girasol,2020,2020/2021,Buenos Aires,Las Flores,9199,9015,19860,2.203,0.98
girasol,2020,2020/2021,Buenos Aires,Leandro N. Alem,400,400,1060,2.65,1.0
girasol,2020,2020/2021,Chaco,General Güemes,1025,985,1182,1.2,0.961
girasol,2020,2020/2021,Buenos Aires,Luján,350,350,980,2.8,1.0
girasol,2020,2020/2021,Buenos Aires,Navarro,807,793,1790,2.257,0.983
girasol,2020,2020/2021,Buenos Aires,Lobos,200,196,432,2.204,0.98
girasol,2020,2020/2021,Buenos Aires,Lobería,62000,62000,136400,2.2,1.0
girasol,2020,2020/2021,Buenos Aires,Monte,2176,2132,4558,2.138,0.98
girasol,2020,2020/2021,Buenos Aires,Magdalena,200,200,540,2.7,1.0
girasol,2020,2020/2021,Buenos Aires,Marcos Paz,200,200,560,2.8,1.0
girasol,2020,2020/2021,Buenos Aires,Mar Chiquita,13500,13500,36450,2.7,1.0
girasol,2020,2020/2021,Buenos Aires,Maipú,6600,6600,17820,2.7,1.0
girasol,2020,2020/2021,Buenos Aires,San Andrés de Giles,400,400,880,2.2,1.0
girasol,2020,2020/2021,Buenos Aires,Roque Pérez,3623,3551,7592,2.138,0.98
girasol,2020,2020/2021,Buenos Aires,Necochea,75000,75000,132750,1.77,1.0
girasol,2020,2020/2021,Córdoba,Río Cuarto,5500,5500,11550,2.1,1.0
girasol,2020,2020/2021,Buenos Aires,Pergamino,300,300,900,3.0,1.0
girasol,2020,2020/2021,Buenos Aires,Olavarría,12700,12700,26670,2.1,1.0
girasol,2020,2020/2021,Buenos Aires,Pellegrini,28000,28000,60200,2.15,1.0
girasol,2020,2020/2021,Buenos Aires,Pehuajó,11500,11500,33350,2.9,1.0
girasol,2020,2020/2021,Buenos Aires,Patagones,1200,720,864,1.2,0.6
girasol,2020,2020/2021,Buenos Aires,Rojas,300,300,690,2.3,1.0
girasol,2020,2020/2021,Buenos Aires,Salto,200,200,600,3.0,1.0
girasol,2020,2020/2021,Buenos Aires,Pila,2000,2000,5000,2.5,1.0
girasol,2020,2020/2021,Buenos Aires,Puán,5000,5000,8000,1.6,1.0
girasol,2020,2020/2021,Buenos Aires,Rivadavia,9500,9500,26600,2.8,1.0
girasol,2020,2020/2021,Buenos Aires,Salliqueló,23000,23000,49450,2.15,1.0
girasol,2020,2020/2021,Buenos Aires,Rauch,7200,7200,17280,2.4,1.0
girasol,2020,2020/2021,Buenos Aires,Saladillo,6148,6026,13275,2.203,0.98
girasol,2020,2020/2021,Buenos Aires,San Vicente,250,250,650,2.6,1.0
girasol,2020,2020/2021,Córdoba,Presidente Roque Sáenz Peña,11891,11772,27076,2.3,0.99
girasol,2020,2020/2021,Chaco,Maipú,19446,16746,25119,1.5,0.861
girasol,2020,2020/2021,Chaco,12 de Octubre,6500,6500,9100,1.4,1.0
girasol,2020,2020/2021,Buenos Aires,San Pedro,200,200,560,2.8,1.0
girasol,2020,2020/2021,Buenos Aires,San Nicolás,200,200,600,3.0,1.0
girasol,2020,2020/2021,Buenos Aires,San Cayetano,36000,36000,63720,1.77,1.0
girasol,2020,2020/2021,Chaco,General Belgrano,5500,5500,6600,1.2,1.0
girasol,2020,2020/2021,Buenos Aires,Tapalqué,1500,1500,2850,1.9,1.0
girasol,2020,2020/2021,Catamarca,Santa Rosa,30,30,96,3.2,1.0
girasol,2020,2020/2021,Buenos Aires,Tandil,40679,40679,97630,2.4,1.0
girasol,2020,2020/2021,Buenos Aires,Suipacha,300,300,750,2.5,1.0
girasol,2020,2020/2021,Buenos Aires,Tornquist,3000,3000,4800,1.6,1.0
girasol,2020,2020/2021,Buenos Aires,Villarino,2100,2100,2520,1.2,1.0
girasol,2020,2020/2021,Buenos Aires,Tres Lomas,20000,20000,42000,2.1,1.0
girasol,2020,2020/2021,Buenos Aires,Trenque Lauquen,33000,33000,82500,2.5,1.0
girasol,2020,2020/2021,Buenos Aires,Tres Arroyos,86000,86000,152220,1.77,1.0
girasol,2020,2020/2021,Córdoba,Marcos Juárez,3000,3000,7200,2.4,1.0
girasol,2020,2020/2021,Chaco,Fray Justo Santa María de Oro,3800,3800,3420,0.9,1.0
girasol,2020,2020/2021,Chaco,2 de Abril,9000,9000,11700,1.3,1.0
girasol,2020,2020/2021,Chaco,Comandante Fernández,10695,9795,10775,1.1,0.916
girasol,2020,2020/2021,Chaco,25 de Mayo,400,370,333,0.9,0.925
girasol,2020,2020/2021,Chaco,Chacabuco,7500,7500,9750,1.3,1.0
girasol,2020,2020/2021,Chaco,Almirante Brown,3586,3486,5229,1.5,0.972
girasol,2020,2020/2021,Chaco,9 de Julio,4800,4800,5760,1.2,1.0
girasol,2020,2020/2021,Chaco,Quitilipi,1945,1805,2347,1.3,0.928
girasol,2020,2020/2021,Córdoba,Juárez Celman,2500,2500,5500,2.2,1.0
girasol,2020,2020/2021,Chaco,O'Higgins,11900,11900,14280,1.2,1.0
girasol,2020,2020/2021,Chaco,Mayor Luis J. Fontana,7000,7000,8400,1.2,1.0
girasol,2020,2020/2021,Chaco,San Lorenzo,500,500,500,1.0,1.0
girasol,2020,2020/2021,Córdoba,General San Martín,1200,1150,2300,2.0,0.958
girasol,2020,2020/2021,Córdoba,General Roca,17837,17659,37084,2.1,0.99
girasol,2020,2020/2021,Córdoba,Colón,370,370,1480,4.0,1.0
girasol,2020,2020/2021,Córdoba,Tercero Arriba,400,400,800,2.0,1.0
girasol,2020,2020/2021,La Pampa,Atreucó,19430,19430,42746,2.2,1.0
girasol,2020,2020/2021,Santiago del Estero,Belgrano,13300,13300,18620,1.4,1.0
girasol,2020,2020/2021,Corrientes,Sauce,80,80,88,1.1,1.0
girasol,2020,2020/2021,Corrientes,Esquina,320,320,352,1.1,1.0
girasol,2020,2020/2021,Córdoba,San Justo,10700,10700,25680,2.4,1.0
girasol,2020,2020/2021,Córdoba,Río Segundo,500,500,1000,2.0,1.0
girasol,2020,2020/2021,Córdoba,Unión,7369,7209,16581,2.3,0.978
girasol,2020,2020/2021,Córdoba,Tulumba,100,100,200,2.0,1.0
girasol,2020,2020/2021,Córdoba,Totoral,327,327,654,2.0,1.0
girasol,2020,2020/2021,Formosa,sin definir,900,900,1458,1.62,1.0
girasol,2020,2020/2021,Santa Fe,9 de Julio,27600,27600,52440,1.9,1.0
girasol,2020,2020/2021,Entre Ríos,La Paz,2500,2500,5500,2.2,1.0
girasol,2020,2020/2021,La Pampa,Conhelo,8100,7700,13860,1.8,0.951
girasol,2020,2020/2021,Entre Ríos,Gualeguaychú,750,750,825,1.1,1.0
girasol,2020,2020/2021,Entre Ríos,Diamante,200,200,400,2.0,1.0
girasol,2020,2020/2021,Entre Ríos,Concordia,225,225,563,2.502,1.0
girasol,2020,2020/2021,Entre Ríos,Feliciano,700,700,1610,2.3,1.0
girasol,2020,2020/2021,Entre Ríos,Federal,100,100,210,2.1,1.0
girasol,2020,2020/2021,La Pampa,Chapaleufú,5400,5300,13250,2.5,0.981
girasol,2020,2020/2021,Entre Ríos,Villaguay,1750,1750,3675,2.1,1.0
girasol,2020,2020/2021,La Pampa,Catriló,30000,30000,75000,2.5,1.0
girasol,2020,2020/2021,Entre Ríos,Nogoyá,40,40,48,1.2,1.0
girasol,2020,2020/2021,Entre Ríos,Paraná,900,900,2070,2.3,1.0
girasol,2020,2020/2021,Entre Ríos,Victoria,650,650,715,1.1,1.0
girasol,2020,2020/2021,La Pampa,Capital,15000,15000,30000,2.0,1.0
girasol,2020,2020/2021,Entre Ríos,Uruguay,410,410,738,1.8,1.0
girasol,2020,2020/2021,Entre Ríos,San Salvador,100,100,120,1.2,1.0
girasol,2020,2020/2021,La Pampa,Quemú Quemú,29900,29300,67390,2.3,0.98
girasol,2020,2020/2021,Santiago del Estero,Alberdi,420,420,588,1.4,1.0
girasol,2020,2020/2021,San Luis,Libertador General San Martín,150,150,345,2.3,1.0
girasol,2020,2020/2021,San Luis,Chacabuco,1800,1800,3060,1.7,1.0
girasol,2020,2020/2021,La Pampa,Maracó,20300,19900,49750,2.5,0.98
girasol,2020,2020/2021,La Pampa,Hucal,160,160,288,1.8,1.0
girasol,2020,2020/2021,La Pampa,Guatraché,500,500,1000,2.0,1.0
girasol,2020,2020/2021,La Pampa,Trenel,3100,2900,5510,1.9,0.935
girasol,2020,2020/2021,San Luis,Ayacucho,150,150,420,2.8,1.0
girasol,2020,2020/2021,La Pampa,Toay,2000,2000,3000,1.5,1.0
girasol,2020,2020/2021,La Pampa,Rancul,11600,11000,22000,2.0,0.948
girasol,2020,2020/2021,La Pampa,Realicó,8500,8300,16600,2.0,0.976
girasol,2020,2020/2021,La Pampa,Utracán,90,90,135,1.5,1.0
girasol,2020,2020/2021,Salta,Metán,240,240,408,1.7,1.0
girasol,2020,2020/2021,Salta,Chicoana,40,40,64,1.6,1.0
girasol,2020,2020/2021,Salta,Anta,1085,1085,1736,1.6,1.0
girasol,2020,2020/2021,Santa Fe,General López,300,300,870,2.9,1.0
girasol,2020,2020/2021,Santa Fe,Vera,16000,16000,36800,2.3,1.0
girasol,2020,2020/2021,San Luis,Gobernador Dupuy,13500,13500,21600,1.6,1.0
girasol,2020,2020/2021,Santa Fe,Castellanos,8000,8000,17600,2.2,1.0
girasol,2020,2020/2021,San Luis,Juan Martín de Pueyrredón,7000,7000,11900,1.7,1.0
girasol,2020,2020/2021,San Luis,General Pedernera,18500,18050,30685,1.7,0.976
girasol,2020,2020/2021,San Luis,Coronel Pringles,6500,6500,11700,1.8,1.0
girasol,2020,2020/2021,Santa Fe,Belgrano,500,500,1200,2.4,1.0
girasol,2020,2020/2021,Santa Fe,Las Colonias,7000,7000,15400,2.2,1.0
girasol,2020,2020/2021,Santa Fe,San Martín,4000,4000,10400,2.6,1.0
girasol,2020,2020/2021,Santa Fe,La Capital,3800,3800,9120,2.4,1.0
girasol,2020,2020/2021,Santa Fe,General Obligado,83000,83000,99600,1.2,1.0
girasol,2020,2020/2021,Santa Fe,San Cristóbal,51500,51500,103000,2.0,1.0
girasol,2020,2020/2021,Santa Fe,San Justo,19200,19200,48000,2.5,1.0
girasol,2020,2020/2021,Santa Fe,San Jerónimo,3500,3500,9100,2.6,1.0
girasol,2020,2020/2021,Santa Fe,San Javier,8000,8000,14400,1.8,1.0
girasol,2020,2020/2021,Santiago del Estero,Pellegrini,300,300,750,2.5,1.0
girasol,2020,2020/2021,Santiago del Estero,General Taboada,9100,9100,13650,1.5,1.0
girasol,2020,2020/2021,Santiago del Estero,Choya,200,200,300,1.5,1.0
girasol,2020,2020/2021,Santiago del Estero,Moreno,3250,3250,3575,1.1,1.0
girasol,2020,2020/2021,Santiago del Estero,Guasayán,200,200,500,2.5,1.0
girasol,2020,2020/2021,Santiago del Estero,Juan F. Ibarra,390,390,468,1.2,1.0
girasol,2020,2020/2021,Santiago del Estero,Rivadavia,10780,10780,15092,1.4,1.0
girasol,2020,2020/2021,Santiago del Estero,Mitre,600,600,900,1.5,1.0
girasol,2020,2020/2021,Tucumán,La Cocha,50,50,150,3.0,1.0
girasol,2020,2020/2021,Tucumán,Burruyacú,50,50,155,3.1,1.0
girasol,2021,2021/2022,Santa Fe,San Martín,3500,3500,9100,2.6,1.0
girasol,2021,2021/2022,Santiago del Estero,Choya,200,200,240,1.2,1.0
girasol,2021,2021/2022,Buenos Aires,General Arenales,350,290,580,2.0,0.829
girasol,2021,2021/2022,Santa Fe,San Lorenzo,170,170,340,2.0,1.0
girasol,2021,2021/2022,Buenos Aires,Magdalena,260,260,546,2.1,1.0
girasol,2021,2021/2022,Santiago del Estero,Belgrano,6150,6150,10455,1.7,1.0
girasol,2021,2021/2022,Buenos Aires,Adolfo Alsina,44000,44000,92400,2.1,1.0
girasol,2021,2021/2022,Buenos Aires,Castelli,4600,4600,10120,2.2,1.0
girasol,2021,2021/2022,Buenos Aires,General Alvear,2200,2200,3645,1.657,1.0
girasol,2021,2021/2022,Buenos Aires,9 de Julio,2000,2000,5400,2.7,1.0
girasol,2021,2021/2022,Buenos Aires,25 de Mayo,10536,10452,22601,2.162,0.992
girasol,2021,2021/2022,Buenos Aires,Carmen de Areco,500,500,1300,2.6,1.0
girasol,2021,2021/2022,Buenos Aires,Baradero,203,203,589,2.901,1.0
girasol,2021,2021/2022,Buenos Aires,Adolfo Gonzales Chaves,11061,11061,20684,1.87,1.0
girasol,2021,2021/2022,Buenos Aires,Luján,350,350,840,2.4,1.0
girasol,2021,2021/2022,Buenos Aires,Balcarce,55200,55200,115920,2.1,1.0
girasol,2021,2021/2022,Buenos Aires,Ayacucho,29800,29800,65560,2.2,1.0
girasol,2021,2021/2022,Buenos Aires,Arrecifes,1529,1529,4434,2.9,1.0
girasol,2021,2021/2022,Buenos Aires,Bahía Blanca,400,400,400,1.0,1.0
girasol,2021,2021/2022,Buenos Aires,Azul,26500,26500,53000,2.0,1.0
girasol,2021,2021/2022,Buenos Aires,Bragado,300,300,810,2.7,1.0
girasol,2021,2021/2022,Buenos Aires,Carlos Tejedor,14459,14459,36148,2.5,1.0
girasol,2021,2021/2022,Buenos Aires,Bolívar,28000,28000,45640,1.63,1.0
girasol,2021,2021/2022,Buenos Aires,Benito Juárez,25163,25163,45293,1.8,1.0
girasol,2021,2021/2022,Buenos Aires,Brandsen,70,70,168,2.4,1.0
girasol,2021,2021/2022,Buenos Aires,Carlos Casares,4916,4916,13765,2.8,1.0
girasol,2021,2021/2022,Buenos Aires,Capitán Sarmiento,220,220,660,3.0,1.0
girasol,2021,2021/2022,Buenos Aires,Cañuelas,940,940,2256,2.4,1.0
girasol,2021,2021/2022,Buenos Aires,Coronel de Marina Leonardo Rosales,500,500,500,1.0,1.0
girasol,2021,2021/2022,Buenos Aires,General Juan Madariaga,11000,11000,27500,2.5,1.0
girasol,2021,2021/2022,Buenos Aires,Lobos,1125,1116,2324,2.082,0.992
girasol,2021,2021/2022,Buenos Aires,Florentino Ameghino,2100,2100,4515,2.15,1.0
girasol,2021,2021/2022,Buenos Aires,Chivilcoy,140,140,378,2.7,1.0
girasol,2021,2021/2022,Buenos Aires,Chascomús,7330,7330,17592,2.4,1.0
girasol,2021,2021/2022,Buenos Aires,Chacabuco,3000,1450,3625,2.5,0.483
girasol,2021,2021/2022,Buenos Aires,General Guido,3200,3200,7040,2.2,1.0
girasol,2021,2021/2022,Buenos Aires,Coronel Pringles,21138,21138,37414,1.77,1.0
girasol,2021,2021/2022,Buenos Aires,General Alvarado,30405,30405,72972,2.4,1.0
girasol,2021,2021/2022,Buenos Aires,Coronel Dorrego,43694,43694,61172,1.4,1.0
girasol,2021,2021/2022,Buenos Aires,Exaltación de la Cruz,124,124,347,2.798,1.0
girasol,2021,2021/2022,Buenos Aires,Dolores,150,150,270,1.8,1.0
girasol,2021,2021/2022,Buenos Aires,General Belgrano,6161,6112,12351,2.021,0.992
girasol,2021,2021/2022,Buenos Aires,Daireaux,21800,21800,38172,1.751,1.0
girasol,2021,2021/2022,Buenos Aires,Coronel Suárez,34000,34000,61200,1.8,1.0
girasol,2021,2021/2022,Buenos Aires,General Viamonte,600,600,1260,2.1,1.0
girasol,2021,2021/2022,Buenos Aires,General La Madrid,27000,27000,48600,1.8,1.0
girasol,2021,2021/2022,Buenos Aires,Lobería,70200,70200,133380,1.9,1.0
girasol,2021,2021/2022,Buenos Aires,General Pueyrredón,12000,12000,27600,2.3,1.0
girasol,2021,2021/2022,Buenos Aires,General Lavalle,200,200,400,2.0,1.0
girasol,2021,2021/2022,Buenos Aires,General Las Heras,450,450,1080,2.4,1.0
girasol,2021,2021/2022,Buenos Aires,General Pinto,800,800,1760,2.2,1.0
girasol,2021,2021/2022,Buenos Aires,General Paz,620,620,1488,2.4,1.0
girasol,2021,2021/2022,Buenos Aires,Hipólito Yrigoyen,7800,7800,13705,1.757,1.0
girasol,2021,2021/2022,Buenos Aires,Lincoln,3800,3800,8550,2.25,1.0
girasol,2021,2021/2022,Buenos Aires,Guaminí,36000,36000,79200,2.2,1.0
girasol,2021,2021/2022,Buenos Aires,General Villegas,4500,4500,9000,2.0,1.0
girasol,2021,2021/2022,Buenos Aires,Junín,500,460,1058,2.3,0.92
girasol,2021,2021/2022,Buenos Aires,Leandro N. Alem,500,500,1150,2.3,1.0
girasol,2021,2021/2022,Buenos Aires,Las Flores,11585,11492,23927,2.082,0.992
girasol,2021,2021/2022,Buenos Aires,Laprida,11087,11087,19513,1.76,1.0
girasol,2021,2021/2022,Buenos Aires,Maipú,9050,9050,21720,2.4,1.0
girasol,2021,2021/2022,Buenos Aires,Puán,6000,6000,10470,1.745,1.0
girasol,2021,2021/2022,Chaco,O'Higgins,11500,11300,20340,1.8,0.983
girasol,2021,2021/2022,Córdoba,Río Seco,880,880,1584,1.8,1.0
girasol,2021,2021/2022,Buenos Aires,Monte,4271,4237,8562,2.021,0.992
girasol,2021,2021/2022,Buenos Aires,Pehuajó,15399,15399,41577,2.7,1.0
girasol,2021,2021/2022,Santiago del Estero,Aguirre,550,550,748,1.36,1.0
girasol,2021,2021/2022,Buenos Aires,Marcos Paz,200,200,500,2.5,1.0
girasol,2021,2021/2022,Buenos Aires,Mar Chiquita,14500,14500,34800,2.4,1.0
girasol,2021,2021/2022,Buenos Aires,Pellegrini,30000,30000,67650,2.255,1.0
girasol,2021,2021/2022,Buenos Aires,Navarro,847,840,1792,2.133,0.992
girasol,2021,2021/2022,Buenos Aires,Patagones,2200,2200,2838,1.29,1.0
girasol,2021,2021/2022,Buenos Aires,Olavarría,12300,12300,22780,1.852,1.0
girasol,2021,2021/2022,Buenos Aires,Necochea,74858,74858,132124,1.765,1.0
girasol,2021,2021/2022,Buenos Aires,San Pedro,355,355,1065,3.0,1.0
girasol,2021,2021/2022,Santa Fe,San Justo,18000,18000,50400,2.8,1.0
girasol,2021,2021/2022,Buenos Aires,Pergamino,875,875,2800,3.2,1.0
girasol,2021,2021/2022,Buenos Aires,San Vicente,280,280,616,2.2,1.0
girasol,2021,2021/2022,Buenos Aires,Rojas,320,320,704,2.2,1.0
girasol,2021,2021/2022,Buenos Aires,Pila,4400,4400,10120,2.3,1.0
girasol,2021,2021/2022,Buenos Aires,Rivadavia,10875,10875,29363,2.7,1.0
girasol,2021,2021/2022,Buenos Aires,Rauch,6500,6500,14300,2.2,1.0
girasol,2021,2021/2022,Buenos Aires,Ramallo,232,232,696,3.0,1.0
girasol,2021,2021/2022,Buenos Aires,Salliqueló,24000,24000,54120,2.255,1.0
girasol,2021,2021/2022,Buenos Aires,San Nicolás,60,60,180,3.0,1.0
girasol,2021,2021/2022,Buenos Aires,Saladillo,8246,8180,17031,2.082,0.992
girasol,2021,2021/2022,Buenos Aires,Roque Pérez,4889,4850,9801,2.021,0.992
girasol,2021,2021/2022,Buenos Aires,Saavedra,9000,9000,16200,1.8,1.0
girasol,2021,2021/2022,Buenos Aires,Salto,70,70,231,3.3,1.0
girasol,2021,2021/2022,Buenos Aires,San Cayetano,41323,41323,80786,1.955,1.0
girasol,2021,2021/2022,Buenos Aires,San Antonio de Areco,98,98,294,3.0,1.0
girasol,2021,2021/2022,Buenos Aires,San Andrés de Giles,380,320,704,2.2,0.842
girasol,2021,2021/2022,Chaco,Mayor Luis J. Fontana,25000,24750,34650,1.4,0.99
girasol,2021,2021/2022,Buenos Aires,Tornquist,3000,3000,5400,1.8,1.0
girasol,2021,2021/2022,Córdoba,Río Primero,1130,1130,2373,2.1,1.0
girasol,2021,2021/2022,Chaco,Almirante Brown,2200,2200,5060,2.3,1.0
girasol,2021,2021/2022,Buenos Aires,Tapalqué,1500,1500,2627,1.751,1.0
girasol,2021,2021/2022,Buenos Aires,Tandil,61300,61300,134860,2.2,1.0
girasol,2021,2021/2022,Buenos Aires,Suipacha,300,300,810,2.7,1.0
girasol,2021,2021/2022,Buenos Aires,Villarino,2500,2500,3225,1.29,1.0
girasol,2021,2021/2022,Chaco,9 de Julio,9000,8850,15045,1.7,0.983
girasol,2021,2021/2022,Buenos Aires,Tres Lomas,21000,21000,47670,2.27,1.0
girasol,2021,2021/2022,Buenos Aires,Trenque Lauquen,35547,35547,95977,2.7,1.0
girasol,2021,2021/2022,Buenos Aires,Tres Arroyos,88155,88155,172784,1.96,1.0
girasol,2021,2021/2022,Catamarca,Santa Rosa,50,50,160,3.2,1.0
girasol,2021,2021/2022,Chaco,25 de Mayo,200,200,340,1.7,1.0
girasol,2021,2021/2022,Chaco,2 de Abril,29000,28770,51786,1.8,0.992
girasol,2021,2021/2022,Chaco,12 de Octubre,11500,11290,19193,1.7,0.982
girasol,2021,2021/2022,Córdoba,Río Cuarto,5500,5500,10450,1.9,1.0
girasol,2021,2021/2022,Chaco,Maipú,9000,8700,15660,1.8,0.967
girasol,2021,2021/2022,Chaco,Chacabuco,22000,21845,39321,1.8,0.993
girasol,2021,2021/2022,Chaco,Independencia,18000,17500,35000,2.0,0.972
girasol,2021,2021/2022,Chaco,Comandante Fernández,19000,18850,43355,2.3,0.992
girasol,2021,2021/2022,Chaco,General Belgrano,10000,9850,15760,1.6,0.985
girasol,2021,2021/2022,Chaco,Fray Justo Santa María de Oro,8000,7900,11060,1.4,0.988
girasol,2021,2021/2022,Córdoba,Colón,420,420,924,2.2,1.0
girasol,2021,2021/2022,Córdoba,Presidente Roque Sáenz Peña,23226,23226,53420,2.3,1.0
girasol,2021,2021/2022,Chaco,San Lorenzo,500,495,693,1.4,0.99
girasol,2021,2021/2022,Chaco,Quitilipi,3000,2950,4130,1.4,0.983
girasol,2021,2021/2022,Córdoba,General Roca,34061,34061,71528,2.1,1.0
girasol,2021,2021/2022,Córdoba,Marcos Juárez,3700,2900,6380,2.2,0.784
girasol,2021,2021/2022,Córdoba,Juárez Celman,2500,2500,5250,2.1,1.0
girasol,2021,2021/2022,Córdoba,General San Martín,3000,3000,5400,1.8,1.0
girasol,2021,2021/2022,Córdoba,Tercero Arriba,900,900,1620,1.8,1.0
girasol,2021,2021/2022,La Pampa,Atreucó,41562,41562,103904,2.5,1.0
girasol,2021,2021/2022,La Pampa,Guatraché,400,400,720,1.8,1.0
girasol,2021,2021/2022,Córdoba,Río Segundo,550,550,1100,2.0,1.0
girasol,2021,2021/2022,Córdoba,San Justo,11900,11900,28560,2.4,1.0
girasol,2021,2021/2022,Santa Fe,San Jerónimo,3000,3000,8400,2.8,1.0
girasol,2021,2021/2022,Córdoba,Unión,7600,7500,12750,1.7,0.987
girasol,2021,2021/2022,Entre Ríos,Feliciano,1550,1550,2945,1.9,1.0
girasol,2021,2021/2022,Córdoba,Tulumba,120,120,216,1.8,1.0
girasol,2021,2021/2022,Córdoba,Totoral,450,450,945,2.1,1.0
girasol,2021,2021/2022,Entre Ríos,Federal,750,750,1350,1.8,1.0
girasol,2021,2021/2022,Corrientes,Esquina,320,320,352,1.1,1.0
girasol,2021,2021/2022,Entre Ríos,Diamante,200,200,400,2.0,1.0
girasol,2021,2021/2022,Entre Ríos,Concordia,240,240,432,1.8,1.0
girasol,2021,2021/2022,Corrientes,Sauce,80,80,88,1.1,1.0
girasol,2021,2021/2022,La Pampa,Conhelo,7481,7281,16746,2.3,0.973
girasol,2021,2021/2022,Formosa,Pirané,850,850,1530,1.8,1.0
girasol,2021,2021/2022,Entre Ríos,Gualeguay,150,150,255,1.7,1.0
girasol,2021,2021/2022,Santa Fe,Vera,16000,16000,35200,2.2,1.0
girasol,2021,2021/2022,Entre Ríos,San Salvador,30,30,45,1.5,1.0
girasol,2021,2021/2022,Entre Ríos,Gualeguaychú,600,420,714,1.7,0.7
girasol,2021,2021/2022,Entre Ríos,Paraná,1900,1900,3610,1.9,1.0
girasol,2021,2021/2022,Entre Ríos,Nogoyá,150,150,210,1.4,1.0
girasol,2021,2021/2022,Entre Ríos,La Paz,4050,4050,8100,2.0,1.0
girasol,2021,2021/2022,Formosa,Patiño,200,200,360,1.8,1.0
girasol,2021,2021/2022,La Pampa,Chapaleufú,7258,6858,17145,2.5,0.945
girasol,2021,2021/2022,Entre Ríos,Tala,200,200,320,1.6,1.0
girasol,2021,2021/2022,Entre Ríos,Uruguay,820,820,1394,1.7,1.0
girasol,2021,2021/2022,Entre Ríos,Villaguay,2820,2820,4794,1.7,1.0
girasol,2021,2021/2022,La Pampa,Catriló,34330,34330,96123,2.8,1.0
girasol,2021,2021/2022,Entre Ríos,Victoria,140,140,224,1.6,1.0
girasol,2021,2021/2022,La Pampa,Capital,14768,14768,32490,2.2,1.0
girasol,2021,2021/2022,Santa Fe,San Javier,10000,10000,19500,1.95,1.0
girasol,2021,2021/2022,San Luis,Coronel Pringles,7000,7000,13300,1.9,1.0
girasol,2021,2021/2022,La Pampa,Hucal,200,200,300,1.5,1.0
girasol,2021,2021/2022,La Pampa,Realicó,16244,15644,39111,2.5,0.963
girasol,2021,2021/2022,La Pampa,Rancul,17752,17352,39910,2.3,0.977
girasol,2021,2021/2022,La Pampa,Quemú Quemú,29067,27667,66402,2.4,0.952
girasol,2021,2021/2022,La Pampa,Maracó,19903,19003,47507,2.5,0.955
girasol,2021,2021/2022,Salta,Anta,1465,1465,1758,1.2,1.0
girasol,2021,2021/2022,San Luis,Chacabuco,2650,2650,4770,1.8,1.0
girasol,2021,2021/2022,La Pampa,Utracán,300,300,450,1.5,1.0
girasol,2021,2021/2022,La Pampa,Toay,14155,14155,21232,1.5,1.0
girasol,2021,2021/2022,La Pampa,Trenel,5494,5394,12405,2.3,0.982
girasol,2021,2021/2022,Salta,Chicoana,60,60,84,1.4,1.0
girasol,2021,2021/2022,San Luis,Ayacucho,200,200,640,3.2,1.0
girasol,2021,2021/2022,Salta,Rosario de Lerma,15,15,23,1.533,1.0
girasol,2021,2021/2022,Salta,Metán,150,150,195,1.3,1.0
girasol,2021,2021/2022,Santa Fe,San Cristóbal,51100,51100,122640,2.4,1.0
girasol,2021,2021/2022,Santa Fe,Caseros,500,500,1250,2.5,1.0
girasol,2021,2021/2022,San Luis,General Pedernera,40000,40000,76000,1.9,1.0
girasol,2021,2021/2022,Santa Fe,9 de Julio,10000,10000,18500,1.85,1.0
girasol,2021,2021/2022,San Luis,Juan Martín de Pueyrredón,7300,7300,13140,1.8,1.0
girasol,2021,2021/2022,San Luis,Gobernador Dupuy,25000,25000,42500,1.7,1.0
girasol,2021,2021/2022,San Luis,Libertador General San Martín,1150,1150,1955,1.7,1.0
girasol,2021,2021/2022,San Luis,Junín,400,400,1320,3.3,1.0
girasol,2021,2021/2022,Santa Fe,Garay,160,160,416,2.6,1.0
girasol,2021,2021/2022,Santa Fe,Rosario,190,190,380,2.0,1.0
girasol,2021,2021/2022,Santa Fe,Villa Constitución,550,550,1210,2.2,1.0
girasol,2021,2021/2022,Santa Fe,Castellanos,11300,11300,33900,3.0,1.0
girasol,2021,2021/2022,Santa Fe,General López,700,700,1960,2.8,1.0
girasol,2021,2021/2022,Santa Fe,Las Colonias,16200,16200,48600,3.0,1.0
girasol,2021,2021/2022,Santa Fe,La Capital,4000,4000,11200,2.8,1.0
girasol,2021,2021/2022,Santa Fe,General Obligado,81000,81000,141750,1.75,1.0
girasol,2021,2021/2022,Santiago del Estero,Pellegrini,300,300,450,1.5,1.0
girasol,2021,2021/2022,Santiago del Estero,General Taboada,8400,8400,14994,1.785,1.0
girasol,2021,2021/2022,Santiago del Estero,Guasayán,200,200,240,1.2,1.0
girasol,2021,2021/2022,Santiago del Estero,Rivadavia,9100,9100,15470,1.7,1.0
girasol,2021,2021/2022,Santiago del Estero,Moreno,350,350,387,1.106,1.0
girasol,2021,2021/2022,Santiago del Estero,Mitre,500,500,750,1.5,1.0
girasol,2021,2021/2022,Santiago del Estero,Juan F. Ibarra,950,950,1292,1.36,1.0
girasol,2021,2021/2022,Tucumán,Burruyacú,50,50,155,3.1,1.0
girasol,2021,2021/2022,Tucumán,La Cocha,50,50,150,3.0,1.0
girasol,2022,2022/2023,Chaco,9 de Julio,7800,7530,14307,1.9,0.965
girasol,2022,2022/2023,Buenos Aires,Cañuelas,900,900,1980,2.2,1.0
girasol,2022,2022/2023,Córdoba,Presidente Roque Sáenz Peña,29939,29939,74848,2.5,1.0
girasol,2022,2022/2023,Buenos Aires,Alberti,1600,1600,4800,3.0,1.0
girasol,2022,2022/2023,Buenos Aires,Las Flores,11682,11589,27744,2.394,0.992
girasol,2022,2022/2023,Buenos Aires,Chacabuco,1000,1000,3200,3.2,1.0
girasol,2022,2022/2023,Buenos Aires,25 de Mayo,12843,12743,31692,2.487,0.992
girasol,2022,2022/2023,Buenos Aires,Adolfo Gonzales Chaves,19921,19921,43826,2.2,1.0
girasol,2022,2022/2023,Buenos Aires,Adolfo Alsina,45000,45000,112500,2.5,1.0
girasol,2022,2022/2023,Buenos Aires,9 de Julio,5600,5600,19600,3.5,1.0
girasol,2022,2022/2023,Buenos Aires,Azul,33930,33930,71253,2.1,1.0
girasol,2022,2022/2023,Buenos Aires,Bragado,1500,1500,5250,3.5,1.0
girasol,2022,2022/2023,Buenos Aires,Ayacucho,32000,32000,57600,1.8,1.0
girasol,2022,2022/2023,Buenos Aires,Arrecifes,720,720,1512,2.1,1.0
girasol,2022,2022/2023,Buenos Aires,Brandsen,120,120,264,2.2,1.0
girasol,2022,2022/2023,Buenos Aires,Balcarce,55436,55436,127503,2.3,1.0
girasol,2022,2022/2023,Buenos Aires,Bolívar,25000,25000,52500,2.1,1.0
girasol,2022,2022/2023,Buenos Aires,Benito Juárez,26385,26385,47493,1.8,1.0
girasol,2022,2022/2023,Buenos Aires,Baradero,200,200,400,2.0,1.0
girasol,2022,2022/2023,Buenos Aires,Castelli,3500,3500,7000,2.0,1.0
girasol,2022,2022/2023,Buenos Aires,Carlos Tejedor,15100,15100,34730,2.3,1.0
girasol,2022,2022/2023,Buenos Aires,Florentino Ameghino,3200,3200,9600,3.0,1.0
girasol,2022,2022/2023,Buenos Aires,Carmen de Areco,1000,1000,3200,3.2,1.0
girasol,2022,2022/2023,Buenos Aires,Laprida,8983,8983,17966,2.0,1.0
girasol,2022,2022/2023,Buenos Aires,Capitán Sarmiento,200,200,440,2.2,1.0
girasol,2022,2022/2023,Buenos Aires,Carlos Casares,5100,5100,11730,2.3,1.0
girasol,2022,2022/2023,Buenos Aires,Coronel Dorrego,48222,48222,106088,2.2,1.0
girasol,2022,2022/2023,Buenos Aires,Exaltación de la Cruz,100,100,200,2.0,1.0
girasol,2022,2022/2023,Buenos Aires,Coronel de Marina Leonardo Rosales,500,500,450,0.9,1.0
girasol,2022,2022/2023,Buenos Aires,Chascomús,10000,10000,22000,2.2,1.0
girasol,2022,2022/2023,Buenos Aires,Chivilcoy,1500,1500,3750,2.5,1.0
girasol,2022,2022/2023,Buenos Aires,Coronel Pringles,26525,26525,53050,2.0,1.0
girasol,2022,2022/2023,Buenos Aires,Dolores,800,800,1440,1.8,1.0
girasol,2022,2022/2023,Buenos Aires,Daireaux,25000,25000,52500,2.1,1.0
girasol,2022,2022/2023,Buenos Aires,Coronel Suárez,43000,42800,85600,2.0,0.995
girasol,2022,2022/2023,Buenos Aires,Junín,700,700,2310,3.3,1.0
girasol,2022,2022/2023,Buenos Aires,General La Madrid,36000,35500,53250,1.5,0.986
girasol,2022,2022/2023,Buenos Aires,General Alvarado,28673,28673,71683,2.5,1.0
girasol,2022,2022/2023,Buenos Aires,General Juan Madariaga,16300,16300,48900,3.0,1.0
girasol,2022,2022/2023,Buenos Aires,General Arenales,350,350,1190,3.4,1.0
girasol,2022,2022/2023,Buenos Aires,General Alvear,2800,2800,5880,2.1,1.0
girasol,2022,2022/2023,Buenos Aires,General Guido,3500,3500,7000,2.0,1.0
girasol,2022,2022/2023,Buenos Aires,General Belgrano,9219,9146,21255,2.324,0.992
girasol,2022,2022/2023,Buenos Aires,General Pinto,1500,1500,4800,3.2,1.0
girasol,2022,2022/2023,Buenos Aires,Hipólito Yrigoyen,21000,21000,44100,2.1,1.0
girasol,2022,2022/2023,Buenos Aires,General Paz,850,850,1870,2.2,1.0
girasol,2022,2022/2023,Buenos Aires,General Las Heras,500,500,1100,2.2,1.0
girasol,2022,2022/2023,Buenos Aires,General Pueyrredón,14032,14032,36483,2.6,1.0
girasol,2022,2022/2023,Buenos Aires,Guaminí,37000,37000,92500,2.5,1.0
girasol,2022,2022/2023,Buenos Aires,General Villegas,14000,14000,43400,3.1,1.0
girasol,2022,2022/2023,Buenos Aires,General Viamonte,500,500,1500,3.0,1.0
girasol,2022,2022/2023,Buenos Aires,Maipú,8200,8200,20500,2.5,1.0
girasol,2022,2022/2023,Buenos Aires,Lincoln,10500,10500,33075,3.15,1.0
girasol,2022,2022/2023,Buenos Aires,Olavarría,14200,14200,29820,2.1,1.0
girasol,2022,2022/2023,Buenos Aires,San Antonio de Areco,100,100,230,2.3,1.0
girasol,2022,2022/2023,Buenos Aires,Leandro N. Alem,300,300,870,2.9,1.0
girasol,2022,2022/2023,Chaco,25 de Mayo,750,700,630,0.9,0.933
girasol,2022,2022/2023,Buenos Aires,Magdalena,280,280,616,2.2,1.0
girasol,2022,2022/2023,Buenos Aires,Necochea,78444,78444,188266,2.4,1.0
girasol,2022,2022/2023,Buenos Aires,Lobería,70931,70931,141862,2.0,1.0
girasol,2022,2022/2023,Buenos Aires,Lobos,1134,1125,2693,2.394,0.992
girasol,2022,2022/2023,Buenos Aires,Navarro,854,847,2078,2.453,0.992
girasol,2022,2022/2023,Buenos Aires,Mar Chiquita,15500,15500,43400,2.8,1.0
girasol,2022,2022/2023,Buenos Aires,Luján,800,800,1760,2.2,1.0
girasol,2022,2022/2023,Buenos Aires,Monte,4307,4273,9930,2.324,0.992
girasol,2022,2022/2023,Buenos Aires,Marcos Paz,250,250,550,2.2,1.0
girasol,2022,2022/2023,Buenos Aires,Ramallo,167,167,367,2.198,1.0
girasol,2022,2022/2023,Córdoba,Marcos Juárez,6000,5900,14160,2.4,0.983
girasol,2022,2022/2023,Buenos Aires,Patagones,2200,2200,4400,2.0,1.0
girasol,2022,2022/2023,Buenos Aires,San Andrés de Giles,380,380,1178,3.1,1.0
girasol,2022,2022/2023,Buenos Aires,Pellegrini,31000,31000,83700,2.7,1.0
girasol,2022,2022/2023,Buenos Aires,Pehuajó,15900,15900,38160,2.4,1.0
girasol,2022,2022/2023,Buenos Aires,Puán,2000,1900,3800,2.0,0.95
girasol,2022,2022/2023,Buenos Aires,Pila,5800,5800,11600,2.0,1.0
girasol,2022,2022/2023,Buenos Aires,Pergamino,889,889,2134,2.4,1.0
girasol,2022,2022/2023,Buenos Aires,Rojas,500,500,1750,3.5,1.0
girasol,2022,2022/2023,Buenos Aires,Salto,150,150,345,2.3,1.0
girasol,2022,2022/2023,Buenos Aires,Rivadavia,11500,11500,28750,2.5,1.0
girasol,2022,2022/2023,Buenos Aires,Rauch,6200,6200,12400,2.0,1.0
girasol,2022,2022/2023,Buenos Aires,Roque Pérez,5085,5046,11727,2.324,0.992
girasol,2022,2022/2023,Buenos Aires,Salliqueló,25000,25000,67500,2.7,1.0
girasol,2022,2022/2023,Buenos Aires,Saladillo,8315,8248,19746,2.394,0.992
girasol,2022,2022/2023,Buenos Aires,Saavedra,6000,5900,10620,1.8,0.983
girasol,2022,2022/2023,Buenos Aires,San Vicente,300,300,660,2.2,1.0
girasol,2022,2022/2023,Córdoba,Juárez Celman,3500,3500,6300,1.8,1.0
girasol,2022,2022/2023,Chaco,2 de Abril,9000,8800,16614,1.888,0.978
girasol,2022,2022/2023,Chaco,12 de Octubre,7200,6900,11040,1.6,0.958
girasol,2022,2022/2023,Buenos Aires,San Pedro,200,200,400,2.0,1.0
girasol,2022,2022/2023,Buenos Aires,San Nicolás,60,60,120,2.0,1.0
girasol,2022,2022/2023,Buenos Aires,San Cayetano,51215,51215,122916,2.4,1.0
girasol,2022,2022/2023,Buenos Aires,Tornquist,3000,2900,4930,1.7,0.967
girasol,2022,2022/2023,Catamarca,Santa Rosa,50,50,100,2.0,1.0
girasol,2022,2022/2023,Buenos Aires,Tapalqué,1500,1500,2700,1.8,1.0
girasol,2022,2022/2023,Buenos Aires,Suipacha,500,500,750,1.5,1.0
girasol,2022,2022/2023,Buenos Aires,Tandil,56995,56995,119690,2.1,1.0
girasol,2022,2022/2023,Buenos Aires,Trenque Lauquen,37500,37500,93750,2.5,1.0
girasol,2022,2022/2023,Buenos Aires,Villarino,2100,2100,4620,2.2,1.0
girasol,2022,2022/2023,Buenos Aires,Tres Lomas,22000,22000,57200,2.6,1.0
girasol,2022,2022/2023,Buenos Aires,Tres Arroyos,110925,110925,277313,2.5,1.0
girasol,2022,2022/2023,Córdoba,General San Martín,5200,5200,9360,1.8,1.0
girasol,2022,2022/2023,Chaco,Independencia,37000,35500,56800,1.6,0.959
girasol,2022,2022/2023,Chaco,Almirante Brown,8000,8000,12000,1.5,1.0
girasol,2022,2022/2023,Chaco,General Güemes,7000,6650,7980,1.2,0.95
girasol,2022,2022/2023,Chaco,Comandante Fernández,17000,17000,22100,1.3,1.0
girasol,2022,2022/2023,Chaco,Chacabuco,16775,15975,25560,1.6,0.952
girasol,2022,2022/2023,Chaco,General Belgrano,18000,17400,31320,1.8,0.967
girasol,2022,2022/2023,Chaco,Fray Justo Santa María de Oro,11900,11500,18400,1.6,0.966
girasol,2022,2022/2023,Chaco,O'Higgins,12600,12200,24141,1.979,0.968
girasol,2022,2022/2023,Córdoba,General Roca,43890,43890,83391,1.9,1.0
girasol,2022,2022/2023,Chaco,Mayor Luis J. Fontana,22750,22050,35280,1.6,0.969
girasol,2022,2022/2023,Chaco,Maipú,17000,17000,28900,1.7,1.0
girasol,2022,2022/2023,Chaco,Quitilipi,900,900,1170,1.3,1.0
girasol,2022,2022/2023,Córdoba,Cruz del Eje,150,150,255,1.7,1.0
girasol,2022,2022/2023,Córdoba,Colón,760,760,1596,2.1,1.0
girasol,2022,2022/2023,Chaco,San Lorenzo,350,320,448,1.4,0.914
girasol,2022,2022/2023,Santa Fe,Villa Constitución,1400,1400,2100,1.5,1.0
girasol,2022,2022/2023,Córdoba,Río Cuarto,7000,7000,12600,1.8,1.0
girasol,2022,2022/2023,Entre Ríos,San Salvador,70,65,72,1.108,0.929
girasol,2022,2022/2023,Santa Fe,Garay,250,250,525,2.1,1.0
girasol,2022,2022/2023,Córdoba,Río Segundo,2000,2000,3400,1.7,1.0
girasol,2022,2022/2023,Córdoba,Unión,19600,19450,38900,2.0,0.992
girasol,2022,2022/2023,Córdoba,Río Seco,440,440,660,1.5,1.0
girasol,2022,2022/2023,Córdoba,Río Primero,1950,1900,3420,1.8,0.974
girasol,2022,2022/2023,Corrientes,Esquina,400,400,560,1.4,1.0
girasol,2022,2022/2023,Córdoba,San Justo,29100,28560,48552,1.7,0.981
girasol,2022,2022/2023,Córdoba,Tulumba,130,130,234,1.8,1.0
girasol,2022,2022/2023,Córdoba,Totoral,320,320,576,1.8,1.0
girasol,2022,2022/2023,Córdoba,Tercero Arriba,2200,2200,3740,1.7,1.0
girasol,2022,2022/2023,Formosa,Pirané,500,500,750,1.5,1.0
girasol,2022,2022/2023,Formosa,Patiño,1000,1000,1500,1.5,1.0
girasol,2022,2022/2023,Corrientes,Sauce,300,300,420,1.4,1.0
girasol,2022,2022/2023,Entre Ríos,Feliciano,1800,1800,3060,1.7,1.0
girasol,2022,2022/2023,Entre Ríos,Concordia,390,390,585,1.5,1.0
girasol,2022,2022/2023,Entre Ríos,Federal,1650,1650,2805,1.7,1.0
girasol,2022,2022/2023,Entre Ríos,Federación,400,400,680,1.7,1.0
girasol,2022,2022/2023,Entre Ríos,Diamante,100,100,230,2.3,1.0
girasol,2022,2022/2023,Entre Ríos,Villaguay,2900,2670,3204,1.2,0.921
girasol,2022,2022/2023,Entre Ríos,Gualeguaychú,630,575,690,1.2,0.913
girasol,2022,2022/2023,Entre Ríos,Paraná,2850,2850,4560,1.6,1.0
girasol,2022,2022/2023,Entre Ríos,Gualeguay,50,39,51,1.308,0.78
girasol,2022,2022/2023,Entre Ríos,Nogoyá,150,138,166,1.203,0.92
girasol,2022,2022/2023,Entre Ríos,La Paz,7500,7500,11250,1.5,1.0
girasol,2022,2022/2023,Entre Ríos,Victoria,500,455,546,1.2,0.91
girasol,2022,2022/2023,Entre Ríos,Uruguay,900,830,913,1.1,0.922
girasol,2022,2022/2023,Entre Ríos,Tala,200,184,221,1.201,0.92
girasol,2022,2022/2023,Santa Fe,Castellanos,17470,17470,34940,2.0,1.0
girasol,2022,2022/2023,Salta,Anta,980,980,1176,1.2,1.0
girasol,2022,2022/2023,La Pampa,Atreucó,49650,49650,124125,2.5,1.0
girasol,2022,2022/2023,La Pampa,Conhelo,25400,24900,44820,1.8,0.98
girasol,2022,2022/2023,La Pampa,Chapaleufú,12700,12400,27280,2.2,0.976
girasol,2022,2022/2023,La Pampa,Catriló,49400,49400,138320,2.8,1.0
girasol,2022,2022/2023,La Pampa,Capital,18200,18200,40040,2.2,1.0
girasol,2022,2022/2023,La Pampa,Quemú Quemú,38200,37400,82280,2.2,0.979
girasol,2022,2022/2023,La Pampa,Utracán,300,300,450,1.5,1.0
girasol,2022,2022/2023,La Pampa,Maracó,18300,17900,39380,2.2,0.978
girasol,2022,2022/2023,La Pampa,Guatraché,500,500,900,1.8,1.0
girasol,2022,2022/2023,La Pampa,Hucal,500,500,750,1.5,1.0
girasol,2022,2022/2023,La Pampa,Rancul,21600,21200,38160,1.8,0.981
girasol,2022,2022/2023,La Pampa,Trenel,17000,16700,30060,1.8,0.982
girasol,2022,2022/2023,La Pampa,Toay,4150,4150,6225,1.5,1.0
girasol,2022,2022/2023,La Pampa,Realicó,26000,25500,51000,2.0,0.981
girasol,2022,2022/2023,Santa Fe,Caseros,3500,3500,5250,1.5,1.0
girasol,2022,2022/2023,San Luis,Chacabuco,2700,2700,4590,1.7,1.0
girasol,2022,2022/2023,Salta,Cerrillos,20,20,26,1.3,1.0
girasol,2022,2022/2023,San Luis,Ayacucho,500,500,1550,3.1,1.0
girasol,2022,2022/2023,Salta,Metán,175,175,245,1.4,1.0
girasol,2022,2022/2023,Salta,Chicoana,65,65,85,1.308,1.0
girasol,2022,2022/2023,Salta,Rosario de Lerma,25,25,35,1.4,1.0
girasol,2022,2022/2023,Salta,Rosario de la Frontera,205,205,246,1.2,1.0
girasol,2022,2022/2023,San Luis,Gobernador Dupuy,24000,24000,40800,1.7,1.0
girasol,2022,2022/2023,Santa Fe,Belgrano,395,395,711,1.8,1.0
girasol,2022,2022/2023,San Luis,General Pedernera,47500,47200,80240,1.7,0.994
girasol,2022,2022/2023,San Luis,Coronel Pringles,9000,8850,15930,1.8,0.983
girasol,2022,2022/2023,San Luis,Juan Martín de Pueyrredón,12000,12000,19200,1.6,1.0
girasol,2022,2022/2023,Santa Fe,9 de Julio,55000,55000,88000,1.6,1.0
girasol,2022,2022/2023,San Luis,Libertador General San Martín,800,800,1360,1.7,1.0
girasol,2022,2022/2023,San Luis,Junín,600,600,1440,2.4,1.0
girasol,2022,2022/2023,Santa Fe,Iriondo,1823,1823,3099,1.7,1.0
girasol,2022,2022/2023,Santa Fe,Vera,28000,28000,25200,0.9,1.0
girasol,2022,2022/2023,Tucumán,La Cocha,50,50,100,2.0,1.0
girasol,2022,2022/2023,Santa Fe,General López,1500,1500,3900,2.6,1.0
girasol,2022,2022/2023,Santa Fe,General Obligado,85000,85000,93500,1.1,1.0
girasol,2022,2022/2023,Santa Fe,Rosario,1000,1000,1500,1.5,1.0
girasol,2022,2022/2023,Santa Fe,San Martín,7537,7537,11306,1.5,1.0
girasol,2022,2022/2023,Santa Fe,Las Colonias,32900,32900,72380,2.2,1.0
girasol,2022,2022/2023,Santa Fe,La Capital,6000,6000,10800,1.8,1.0
girasol,2022,2022/2023,Santa Fe,San Lorenzo,1100,1100,1650,1.5,1.0
girasol,2022,2022/2023,Santa Fe,San Javier,18000,18000,19800,1.1,1.0
girasol,2022,2022/2023,Santa Fe,San Cristóbal,89780,89780,152626,1.7,1.0
girasol,2022,2022/2023,Santa Fe,San Justo,33340,33340,66680,2.0,1.0
girasol,2022,2022/2023,Santa Fe,San Jerónimo,4020,4020,7236,1.8,1.0
girasol,2022,2022/2023,Tucumán,Burruyacú,80,80,160,2.0,1.0
girasol,2022,2022/2023,Santiago del Estero,Figueroa,500,500,750,1.5,1.0
girasol,2022,2022/2023,Santiago del Estero,Aguirre,3300,3300,3630,1.1,1.0
girasol,2022,2022/2023,Santiago del Estero,Copo,1500,1500,1050,0.7,1.0
girasol,2022,2022/2023,Santiago del Estero,Belgrano,22500,22500,27000,1.2,1.0
girasol,2022,2022/2023,Santiago del Estero,Alberdi,600,600,420,0.7,1.0
girasol,2022,2022/2023,Santiago del Estero,Choya,250,250,375,1.5,1.0
girasol,2022,2022/2023,Santiago del Estero,Capital,200,200,240,1.2,1.0
girasol,2022,2022/2023,Santiago del Estero,Jiménez,650,650,975,1.5,1.0
girasol,2022,2022/2023,Santiago del Estero,Rivadavia,15000,15000,18000,1.2,1.0
girasol,2022,2022/2023,Santiago del Estero,Guasayán,550,550,825,1.5,1.0
girasol,2022,2022/2023,Santiago del Estero,General Taboada,10700,10700,12840,1.2,1.0
girasol,2022,2022/2023,Santiago del Estero,Juan F. Ibarra,3000,3000,2100,0.7,1.0
girasol,2022,2022/2023,Santiago del Estero,Quebrachos,320,320,480,1.5,1.0
girasol,2022,2022/2023,Santiago del Estero,Pellegrini,500,500,750,1.5,1.0
girasol,2022,2022/2023,Santiago del Estero,Moreno,1800,1800,1260,0.7,1.0
girasol,2023,2023/2024,Chaco,General Belgrano,14000,13800,24840,1.8,0.986
girasol,2023,2023/2024,Buenos Aires,General Las Heras,200,200,520,2.6,1.0
girasol,2023,2023/2024,Buenos Aires,Carlos Tejedor,16700,16700,43420,2.6,1.0
girasol,2023,2023/2024,Buenos Aires,General La Madrid,36000,35500,63900,1.8,0.986
girasol,2023,2023/2024,Buenos Aires,Carlos Casares,2858,2858,7145,2.5,1.0
girasol,2023,2023/2024,Buenos Aires,Capitán Sarmiento,200,200,600,3.0,1.0
girasol,2023,2023/2024,Buenos Aires,General Juan Madariaga,13000,13000,32500,2.5,1.0
girasol,2023,2023/2024,Buenos Aires,Adolfo Gonzales Chaves,14191,14191,34768,2.45,1.0
girasol,2023,2023/2024,Buenos Aires,General Guido,2000,2000,4000,2.0,1.0
girasol,2023,2023/2024,Buenos Aires,Cañuelas,150,150,420,2.8,1.0
girasol,2023,2023/2024,Buenos Aires,Campana,560,560,1624,2.9,1.0
girasol,2023,2023/2024,Buenos Aires,Adolfo Alsina,43000,43000,103200,2.4,1.0
girasol,2023,2023/2024,Buenos Aires,9 de Julio,6173,6173,15433,2.5,1.0
girasol,2023,2023/2024,Buenos Aires,25 de Mayo,12201,11774,28258,2.4,0.965
girasol,2023,2023/2024,Buenos Aires,Balcarce,41509,41509,87169,2.1,1.0
girasol,2023,2023/2024,Buenos Aires,Brandsen,50,50,140,2.8,1.0
girasol,2023,2023/2024,Buenos Aires,Azul,15763,15763,34679,2.2,1.0
girasol,2023,2023/2024,Buenos Aires,Arrecifes,700,700,2100,3.0,1.0
girasol,2023,2023/2024,Buenos Aires,Ayacucho,27800,27800,61160,2.2,1.0
girasol,2023,2023/2024,Buenos Aires,Baradero,200,200,580,2.9,1.0
girasol,2023,2023/2024,Buenos Aires,Bragado,332,332,830,2.5,1.0
girasol,2023,2023/2024,Buenos Aires,Bolívar,20000,20000,42000,2.1,1.0
girasol,2023,2023/2024,Buenos Aires,Benito Juárez,17059,17059,34118,2.0,1.0
girasol,2023,2023/2024,Buenos Aires,General Belgrano,8758,8688,23458,2.7,0.992
girasol,2023,2023/2024,Buenos Aires,Coronel Dorrego,22676,22676,18141,0.8,1.0
girasol,2023,2023/2024,Buenos Aires,Carmen de Areco,1000,1000,2900,2.9,1.0
girasol,2023,2023/2024,Buenos Aires,Coronel de Marina Leonardo Rosales,200,200,200,1.0,1.0
girasol,2023,2023/2024,Buenos Aires,Chacabuco,1000,1000,3200,3.2,1.0
girasol,2023,2023/2024,Buenos Aires,Castelli,2000,2000,4000,2.0,1.0
girasol,2023,2023/2024,Buenos Aires,Chivilcoy,1695,1695,4238,2.5,1.0
girasol,2023,2023/2024,Buenos Aires,Chascomús,4400,4400,12320,2.8,1.0
girasol,2023,2023/2024,Buenos Aires,Daireaux,22000,22000,50600,2.3,1.0
girasol,2023,2023/2024,Buenos Aires,General Arenales,350,350,1190,3.4,1.0
girasol,2023,2023/2024,Buenos Aires,Coronel Suárez,43000,42500,80750,1.9,0.988
girasol,2023,2023/2024,Buenos Aires,Coronel Pringles,15803,15803,23705,1.5,1.0
girasol,2023,2023/2024,Buenos Aires,Exaltación de la Cruz,100,100,320,3.2,1.0
girasol,2023,2023/2024,Buenos Aires,General Alvear,2800,2800,6440,2.3,1.0
girasol,2023,2023/2024,Buenos Aires,General Alvarado,26326,26326,55285,2.1,1.0
girasol,2023,2023/2024,Buenos Aires,Florentino Ameghino,5000,5000,12750,2.55,1.0
girasol,2023,2023/2024,Buenos Aires,Leandro N. Alem,500,500,1250,2.5,1.0
girasol,2023,2023/2024,Buenos Aires,Rivadavia,12500,12500,28750,2.3,1.0
girasol,2023,2023/2024,Chaco,Fray Justo Santa María de Oro,11000,10800,16200,1.5,0.982
girasol,2023,2023/2024,Buenos Aires,Hipólito Yrigoyen,21000,21000,52500,2.5,1.0
girasol,2023,2023/2024,Buenos Aires,General Pinto,2500,2500,7000,2.8,1.0
girasol,2023,2023/2024,Buenos Aires,General Paz,900,900,2610,2.9,1.0
girasol,2023,2023/2024,Buenos Aires,General Pueyrredón,6223,6223,14313,2.3,1.0
girasol,2023,2023/2024,Buenos Aires,Guaminí,36000,36000,91800,2.55,1.0
girasol,2023,2023/2024,Buenos Aires,Junín,700,700,2380,3.4,1.0
girasol,2023,2023/2024,Buenos Aires,General Villegas,15000,15000,37500,2.5,1.0
girasol,2023,2023/2024,Buenos Aires,General Viamonte,1000,1000,2600,2.6,1.0
girasol,2023,2023/2024,San Luis,Coronel Pringles,6000,6000,10800,1.8,1.0
girasol,2023,2023/2024,Buenos Aires,Lobos,1077,1068,2542,2.38,0.992
girasol,2023,2023/2024,Buenos Aires,Rauch,7600,7600,15200,2.0,1.0
girasol,2023,2023/2024,Buenos Aires,Laprida,12134,12134,26695,2.2,1.0
girasol,2023,2023/2024,Buenos Aires,Pehuajó,17500,17500,42000,2.4,1.0
girasol,2023,2023/2024,Buenos Aires,Lobería,45976,45976,91952,2.0,1.0
girasol,2023,2023/2024,Buenos Aires,Las Flores,11098,11009,28073,2.55,0.992
girasol,2023,2023/2024,Buenos Aires,La Plata,30,30,78,2.6,1.0
girasol,2023,2023/2024,Buenos Aires,Lincoln,11000,11000,29700,2.7,1.0
girasol,2023,2023/2024,Buenos Aires,Lezama,6200,6200,17360,2.8,1.0
girasol,2023,2023/2024,Buenos Aires,Pellegrini,30000,30000,76500,2.55,1.0
girasol,2023,2023/2024,Buenos Aires,Mar Chiquita,13000,13000,31200,2.4,1.0
girasol,2023,2023/2024,Buenos Aires,Patagones,3600,3600,8280,2.3,1.0
girasol,2023,2023/2024,Buenos Aires,Maipú,7000,7000,15750,2.25,1.0
girasol,2023,2023/2024,Buenos Aires,Magdalena,250,250,700,2.8,1.0
girasol,2023,2023/2024,Buenos Aires,Monte,4622,4585,10912,2.38,0.992
girasol,2023,2023/2024,Buenos Aires,Olavarría,15000,15000,33000,2.2,1.0
girasol,2023,2023/2024,Buenos Aires,Necochea,66221,66221,145686,2.2,1.0
girasol,2023,2023/2024,Buenos Aires,Navarro,811,805,2029,2.52,0.993
girasol,2023,2023/2024,Buenos Aires,San Cayetano,33391,33391,80138,2.4,1.0
girasol,2023,2023/2024,Buenos Aires,Puán,2000,2000,3000,1.5,1.0
girasol,2023,2023/2024,Chaco,Comandante Fernández,12900,11200,10080,0.9,0.868
girasol,2023,2023/2024,Buenos Aires,Punta Indio,100,100,240,2.4,1.0
girasol,2023,2023/2024,Buenos Aires,Pergamino,900,900,2790,3.1,1.0
girasol,2023,2023/2024,Buenos Aires,Pila,3000,3000,6000,2.0,1.0
girasol,2023,2023/2024,Buenos Aires,Saavedra,6000,6000,10200,1.7,1.0
girasol,2023,2023/2024,Buenos Aires,San Antonio de Areco,100,100,300,3.0,1.0
girasol,2023,2023/2024,Buenos Aires,Roque Pérez,5945,5897,15037,2.55,0.992
girasol,2023,2023/2024,Buenos Aires,Ramallo,170,170,510,3.0,1.0
girasol,2023,2023/2024,Buenos Aires,Rojas,500,500,1750,3.5,1.0
girasol,2023,2023/2024,Buenos Aires,Saladillo,7899,7583,19337,2.55,0.96
girasol,2023,2023/2024,Buenos Aires,San Andrés de Giles,380,380,1064,2.8,1.0
girasol,2023,2023/2024,Buenos Aires,Salto,150,150,480,3.2,1.0
girasol,2023,2023/2024,Buenos Aires,Salliqueló,24000,24000,60000,2.5,1.0
girasol,2023,2023/2024,Buenos Aires,Trenque Lauquen,40300,40300,104780,2.6,1.0
girasol,2023,2023/2024,Buenos Aires,San Nicolás,60,60,174,2.9,1.0
girasol,2023,2023/2024,Chaco,Chacabuco,16000,15900,23850,1.5,0.994
girasol,2023,2023/2024,Buenos Aires,San Pedro,200,200,620,3.1,1.0
girasol,2023,2023/2024,Buenos Aires,Tornquist,3000,3000,4200,1.4,1.0
girasol,2023,2023/2024,Buenos Aires,Tapalqué,2000,2000,4600,2.3,1.0
girasol,2023,2023/2024,Buenos Aires,Tandil,37344,37344,82157,2.2,1.0
girasol,2023,2023/2024,Catamarca,Santa Rosa,50,50,105,2.1,1.0
girasol,2023,2023/2024,Chaco,Almirante Brown,4600,3400,4760,1.4,0.739
girasol,2023,2023/2024,Buenos Aires,Villarino,2100,2100,5040,2.4,1.0
girasol,2023,2023/2024,Buenos Aires,Tres Arroyos,81579,81579,179474,2.2,1.0
girasol,2023,2023/2024,Buenos Aires,Tres Lomas,22000,22000,55000,2.5,1.0
girasol,2023,2023/2024,Chaco,12 de Octubre,4500,3600,5400,1.5,0.8
girasol,2023,2023/2024,Chaco,9 de Julio,7200,7100,10650,1.5,0.986
girasol,2023,2023/2024,Chaco,25 de Mayo,240,240,240,1.0,1.0
girasol,2023,2023/2024,Chaco,2 de Abril,8000,7850,14130,1.8,0.981
girasol,2023,2023/2024,Chaco,Maipú,14000,13700,21920,1.6,0.979
girasol,2023,2023/2024,Córdoba,Ischilín,70,70,70,1.0,1.0
girasol,2023,2023/2024,Chaco,Libertador General San Martín,160,160,208,1.3,1.0
girasol,2023,2023/2024,Chaco,Independencia,23000,22700,35185,1.55,0.987
girasol,2023,2023/2024,Chaco,General Güemes,5800,5650,7910,1.4,0.974
girasol,2023,2023/2024,Entre Ríos,Feliciano,1200,1200,2400,2.0,1.0
girasol,2023,2023/2024,Chaco,Quitilipi,2300,2220,2664,1.2,0.965
girasol,2023,2023/2024,Córdoba,General San Martín,4000,4000,8800,2.2,1.0
girasol,2023,2023/2024,Chaco,O'Higgins,12000,11800,23600,2.0,0.983
girasol,2023,2023/2024,Chaco,Mayor Luis J. Fontana,12800,11800,17700,1.5,0.922
girasol,2023,2023/2024,Córdoba,General Roca,28343,28343,68023,2.4,1.0
girasol,2023,2023/2024,Chaco,Sargento Cabral,320,320,544,1.7,1.0
girasol,2023,2023/2024,Chaco,San Lorenzo,1450,1400,1680,1.2,0.966
girasol,2023,2023/2024,Córdoba,Cruz del Eje,170,170,340,2.0,1.0
girasol,2023,2023/2024,Córdoba,Colón,760,760,1520,2.0,1.0
girasol,2023,2023/2024,Entre Ríos,Federal,100,100,210,2.1,1.0
girasol,2023,2023/2024,Córdoba,Río Segundo,1500,1500,3450,2.3,1.0
girasol,2023,2023/2024,Córdoba,Juárez Celman,4500,4500,10800,2.4,1.0
girasol,2023,2023/2024,San Luis,Chacabuco,3000,3000,5100,1.7,1.0
girasol,2023,2023/2024,Córdoba,Río Seco,440,440,704,1.6,1.0
girasol,2023,2023/2024,Córdoba,Presidente Roque Sáenz Peña,25347,25347,63368,2.5,1.0
girasol,2023,2023/2024,Córdoba,Marcos Juárez,10400,10400,30160,2.9,1.0
girasol,2023,2023/2024,Córdoba,Río Primero,1850,1850,3515,1.9,1.0
girasol,2023,2023/2024,Córdoba,Río Cuarto,8000,8000,17600,2.2,1.0
girasol,2023,2023/2024,Córdoba,Tercero Arriba,1500,1500,3300,2.2,1.0
girasol,2023,2023/2024,Corrientes,Sauce,300,300,900,3.0,1.0
girasol,2023,2023/2024,Córdoba,Santa María,100,100,200,2.0,1.0
girasol,2023,2023/2024,Córdoba,San Justo,26500,26500,60950,2.3,1.0
girasol,2023,2023/2024,Córdoba,Totoral,320,320,512,1.6,1.0
girasol,2023,2023/2024,Corrientes,Esquina,400,400,1200,3.0,1.0
girasol,2023,2023/2024,Córdoba,Unión,16500,15600,40560,2.6,0.945
girasol,2023,2023/2024,Córdoba,Tulumba,130,130,234,1.8,1.0
girasol,2023,2023/2024,San Luis,Ayacucho,450,450,1215,2.7,1.0
girasol,2023,2023/2024,La Pampa,Capital,19200,19200,42240,2.2,1.0
girasol,2023,2023/2024,Entre Ríos,Gualeguay,500,500,850,1.7,1.0
girasol,2023,2023/2024,Entre Ríos,Paraná,900,900,1980,2.2,1.0
girasol,2023,2023/2024,Entre Ríos,Nogoyá,650,650,1105,1.7,1.0
girasol,2023,2023/2024,Entre Ríos,La Paz,1600,1600,3200,2.0,1.0
girasol,2023,2023/2024,Entre Ríos,Gualeguaychú,1500,1500,2550,1.7,1.0
girasol,2023,2023/2024,Entre Ríos,Victoria,800,800,1360,1.7,1.0
girasol,2023,2023/2024,La Pampa,Atreucó,26200,26200,62880,2.4,1.0
girasol,2023,2023/2024,Entre Ríos,Uruguay,200,200,340,1.7,1.0
girasol,2023,2023/2024,Entre Ríos,San Salvador,400,400,680,1.7,1.0
girasol,2023,2023/2024,Entre Ríos,Tala,1300,1300,2210,1.7,1.0
girasol,2023,2023/2024,Entre Ríos,Villaguay,700,700,1190,1.7,1.0
girasol,2023,2023/2024,Formosa,Pirané,180,180,252,1.4,1.0
girasol,2023,2023/2024,Formosa,Patiño,500,500,800,1.6,1.0
girasol,2023,2023/2024,Formosa,Laishí,1340,1340,2010,1.5,1.0
girasol,2023,2023/2024,La Pampa,Realicó,24600,24100,55430,2.3,0.98
girasol,2023,2023/2024,La Pampa,Catriló,34300,34300,85750,2.5,1.0
girasol,2023,2023/2024,Salta,Rosario de la Frontera,101,101,152,1.5,1.0
girasol,2023,2023/2024,La Pampa,Conhelo,30100,28600,62920,2.2,0.95
girasol,2023,2023/2024,La Pampa,Chapaleufú,9700,9500,23750,2.5,0.979
girasol,2023,2023/2024,La Pampa,Rancul,12000,11400,26220,2.3,0.95
girasol,2023,2023/2024,La Pampa,Quemú Quemú,25000,24500,61250,2.5,0.98
girasol,2023,2023/2024,La Pampa,Maracó,17200,16900,42250,2.5,0.983
girasol,2023,2023/2024,Salta,Metán,100,100,150,1.5,1.0
girasol,2023,2023/2024,La Pampa,Utracán,1600,1600,1920,1.2,1.0
girasol,2023,2023/2024,La Pampa,Trenel,13900,13200,29040,2.2,0.95
girasol,2023,2023/2024,La Pampa,Toay,12700,12700,15240,1.2,1.0
girasol,2023,2023/2024,Salta,Anta,114,114,171,1.5,1.0
girasol,2023,2023/2024,Salta,General José de San Martín,349,349,349,1.0,1.0
girasol,2023,2023/2024,Salta,Chicoana,35,35,123,3.5,1.0
girasol,2023,2023/2024,Salta,Cerrillos,10,10,15,1.5,1.0
girasol,2023,2023/2024,San Luis,General Pedernera,38000,38000,68400,1.8,1.0
girasol,2023,2023/2024,Santa Fe,Garay,200,200,440,2.2,1.0
girasol,2023,2023/2024,Santiago del Estero,Capital,200,200,500,2.5,1.0
girasol,2023,2023/2024,San Luis,Libertador General San Martín,350,350,595,1.7,1.0
girasol,2023,2023/2024,San Luis,Junín,550,550,1430,2.6,1.0
girasol,2023,2023/2024,San Luis,Gobernador Dupuy,12000,12000,20400,1.7,1.0
girasol,2023,2023/2024,San Luis,Juan Martín de Pueyrredón,4000,4000,7200,1.8,1.0
girasol,2023,2023/2024,Santa Fe,Villa Constitución,1400,1400,3500,2.5,1.0
girasol,2023,2023/2024,Santa Fe,9 de Julio,37300,36300,43560,1.2,0.973
girasol,2023,2023/2024,Santa Fe,Castellanos,6100,6100,14640,2.4,1.0
girasol,2023,2023/2024,Santa Fe,Caseros,2700,2700,7020,2.6,1.0
girasol,2023,2023/2024,Santa Fe,Belgrano,500,500,900,1.8,1.0
girasol,2023,2023/2024,Santiago del Estero,Belgrano,3250,3250,4875,1.5,1.0
girasol,2023,2023/2024,Santa Fe,General López,1100,1100,2970,2.7,1.0
girasol,2023,2023/2024,Santa Fe,Rosario,400,400,880,2.2,1.0
girasol,2023,2023/2024,Santa Fe,General Obligado,67100,66900,86970,1.3,0.997
girasol,2023,2023/2024,Santa Fe,Las Colonias,7900,7900,18960,2.4,1.0
girasol,2023,2023/2024,Santa Fe,La Capital,1200,1200,2760,2.3,1.0
girasol,2023,2023/2024,Santa Fe,Iriondo,1500,1500,3000,2.0,1.0
girasol,2023,2023/2024,Santa Fe,San Jerónimo,3000,3000,6000,2.0,1.0
girasol,2023,2023/2024,Santiago del Estero,Alberdi,400,400,600,1.5,1.0
girasol,2023,2023/2024,Santa Fe,San Javier,20100,20000,28000,1.4,0.995
girasol,2023,2023/2024,Santa Fe,San Cristóbal,19200,19200,42240,2.2,1.0
girasol,2023,2023/2024,Santiago del Estero,Aguirre,250,250,400,1.6,1.0
girasol,2023,2023/2024,Santa Fe,San Lorenzo,500,500,1200,2.4,1.0
girasol,2023,2023/2024,Santa Fe,San Justo,14500,14500,33350,2.3,1.0
girasol,2023,2023/2024,Santa Fe,Vera,20600,20500,30750,1.5,0.995
girasol,2023,2023/2024,Santa Fe,San Martín,5000,5000,9000,1.8,1.0
girasol,2023,2023/2024,Santiago del Estero,Guasayán,550,550,1375,2.5,1.0
girasol,2023,2023/2024,Santiago del Estero,General Taboada,2180,2180,3270,1.5,1.0
girasol,2023,2023/2024,Santiago del Estero,Figueroa,400,400,1000,2.5,1.0
girasol,2023,2023/2024,Santiago del Estero,Choya,250,250,625,2.5,1.0
girasol,2023,2023/2024,Santiago del Estero,Pellegrini,500,500,1250,2.5,1.0
girasol,2023,2023/2024,Santiago del Estero,Moreno,1150,1150,1725,1.5,1.0
girasol,2023,2023/2024,Santiago del Estero,Jiménez,650,650,1625,2.5,1.0
girasol,2023,2023/2024,Santiago del Estero,Juan F. Ibarra,420,420,672,1.6,1.0
girasol,2023,2023/2024,Santiago del Estero,Quebrachos,300,300,750,2.5,1.0
girasol,2023,2023/2024,Tucumán,La Cocha,50,50,115,2.3,1.0
girasol,2023,2023/2024,Tucumán,Burruyacú,60,60,138,2.3,1.0
girasol,2023,2023/2024,Santiago del Estero,Rivadavia,1860,1860,2790,1.5,1.0
girasol,2024,2024/2025,Buenos Aires,General Guido,2450,2450,5390,2.2,1.0
girasol,2024,2024/2025,Santiago del Estero,Belgrano,10600,10600,20140,1.9,1.0
girasol,2024,2024/2025,Chaco,12 de Octubre,500,330,733,2.22,0.66
girasol,2024,2024/2025,Buenos Aires,Campana,1100,1100,3080,2.8,1.0
girasol,2024,2024/2025,Buenos Aires,Brandsen,150,150,300,2.0,1.0
girasol,2024,2024/2025,Catamarca,Santa Rosa,100,100,250,2.5,1.0
girasol,2024,2024/2025,Buenos Aires,Villarino,1000,1000,2000,2.0,1.0
girasol,2024,2024/2025,Buenos Aires,Bragado,2000,2000,6000,3.0,1.0
girasol,2024,2024/2025,Buenos Aires,Bolívar,22000,21995,46190,2.1,1.0
girasol,2024,2024/2025,Buenos Aires,Tres Lomas,26000,25500,63750,2.5,0.981
girasol,2024,2024/2025,Buenos Aires,Tres Arroyos,97545,97545,234108,2.4,1.0
girasol,2024,2024/2025,Buenos Aires,Benito Juárez,14878,14878,30574,2.055,1.0
girasol,2024,2024/2025,Buenos Aires,Coronel Pringles,26033,26033,54669,2.1,1.0
girasol,2024,2024/2025,Buenos Aires,Baradero,220,220,616,2.8,1.0
girasol,2024,2024/2025,Buenos Aires,Balcarce,32485,32485,76340,2.35,1.0
girasol,2024,2024/2025,Buenos Aires,Coronel Dorrego,40000,40000,84000,2.1,1.0
girasol,2024,2024/2025,Buenos Aires,25 de Mayo,20620,19589,56416,2.88,0.95
girasol,2024,2024/2025,Buenos Aires,9 de Julio,10000,10000,30000,3.0,1.0
girasol,2024,2024/2025,Buenos Aires,Cañuelas,200,200,400,2.0,1.0
girasol,2024,2024/2025,Buenos Aires,Colón,116,116,348,3.0,1.0
girasol,2024,2024/2025,Buenos Aires,Ayacucho,30000,30000,69000,2.3,1.0
girasol,2024,2024/2025,Buenos Aires,Azul,17707,17707,38070,2.15,1.0
girasol,2024,2024/2025,Buenos Aires,Adolfo Alsina,51000,49400,115596,2.34,0.969
girasol,2024,2024/2025,Buenos Aires,Arrecifes,1550,1550,4650,3.0,1.0
girasol,2024,2024/2025,Buenos Aires,Alberti,200,200,600,3.0,1.0
girasol,2024,2024/2025,Buenos Aires,Adolfo Gonzales Chaves,12571,12571,30170,2.4,1.0
girasol,2024,2024/2025,Buenos Aires,Carlos Tejedor,22819,22819,64578,2.83,1.0
girasol,2024,2024/2025,Buenos Aires,Chivilcoy,2000,2000,6000,3.0,1.0
girasol,2024,2024/2025,Buenos Aires,Carlos Casares,11093,10353,29196,2.82,0.933
girasol,2024,2024/2025,Buenos Aires,Capitán Sarmiento,100,100,300,3.0,1.0
girasol,2024,2024/2025,Buenos Aires,Carmen de Areco,1000,1000,3000,3.0,1.0
girasol,2024,2024/2025,Buenos Aires,Chascomús,9000,9000,19800,2.2,1.0
girasol,2024,2024/2025,Buenos Aires,Chacabuco,1500,1500,4800,3.2,1.0
girasol,2024,2024/2025,Buenos Aires,Castelli,4300,4300,10750,2.5,1.0
girasol,2024,2024/2025,Buenos Aires,Exaltación de la Cruz,50,50,145,2.9,1.0
girasol,2024,2024/2025,Buenos Aires,General Paz,900,900,1980,2.2,1.0
girasol,2024,2024/2025,Buenos Aires,Dolores,700,700,1540,2.2,1.0
girasol,2024,2024/2025,Buenos Aires,Daireaux,22000,21500,49450,2.3,0.977
girasol,2024,2024/2025,Buenos Aires,Coronel Suárez,43000,42997,90294,2.1,1.0
girasol,2024,2024/2025,Buenos Aires,Magdalena,250,250,500,2.0,1.0
girasol,2024,2024/2025,Buenos Aires,General Alvear,2800,2660,6118,2.3,0.95
girasol,2024,2024/2025,Buenos Aires,General Lavalle,450,450,1080,2.4,1.0
girasol,2024,2024/2025,Buenos Aires,General Alvarado,21301,21301,54318,2.55,1.0
girasol,2024,2024/2025,Buenos Aires,Florentino Ameghino,7300,7300,18469,2.53,1.0
girasol,2024,2024/2025,Buenos Aires,General Las Heras,150,150,300,2.0,1.0
girasol,2024,2024/2025,Buenos Aires,General Belgrano,10091,9990,25874,2.59,0.99
girasol,2024,2024/2025,Buenos Aires,General Arenales,350,350,1155,3.3,1.0
girasol,2024,2024/2025,Buenos Aires,General La Madrid,36000,35995,57592,1.6,1.0
girasol,2024,2024/2025,Buenos Aires,General Juan Madariaga,9800,9800,29400,3.0,1.0
girasol,2024,2024/2025,Buenos Aires,Hipólito Yrigoyen,21000,20600,45320,2.2,0.981
girasol,2024,2024/2025,Buenos Aires,Trenque Lauquen,30216,30216,82792,2.74,1.0
girasol,2024,2024/2025,Buenos Aires,Lobos,2001,1981,5658,2.856,0.99
girasol,2024,2024/2025,Buenos Aires,Guaminí,43000,40900,94888,2.32,0.951
girasol,2024,2024/2025,Buenos Aires,General Pueyrredón,8556,8556,20962,2.45,1.0
girasol,2024,2024/2025,Buenos Aires,General Pinto,2700,2700,6858,2.54,1.0
girasol,2024,2024/2025,Buenos Aires,General Villegas,22700,22700,56977,2.51,1.0
girasol,2024,2024/2025,Buenos Aires,General Viamonte,4600,4600,11868,2.58,1.0
girasol,2024,2024/2025,Buenos Aires,Laprida,7213,7213,15147,2.1,1.0
girasol,2024,2024/2025,Buenos Aires,Lobería,54981,54981,135253,2.46,1.0
girasol,2024,2024/2025,Buenos Aires,La Plata,50,50,100,2.0,1.0
girasol,2024,2024/2025,Buenos Aires,Junín,2500,2500,8750,3.5,1.0
girasol,2024,2024/2025,Buenos Aires,Las Flores,12433,12309,31702,2.576,0.99
girasol,2024,2024/2025,Buenos Aires,Lincoln,19600,19600,48020,2.45,1.0
girasol,2024,2024/2025,Buenos Aires,Lezama,10100,10100,22725,2.25,1.0
girasol,2024,2024/2025,Buenos Aires,Leandro N. Alem,800,800,2032,2.54,1.0
girasol,2024,2024/2025,Buenos Aires,Tornquist,3000,2999,4529,1.51,1.0
girasol,2024,2024/2025,Buenos Aires,Rauch,6900,6900,15594,2.26,1.0
girasol,2024,2024/2025,Buenos Aires,Maipú,5900,5900,15163,2.57,1.0
girasol,2024,2024/2025,Buenos Aires,Necochea,69411,69411,159645,2.3,1.0
girasol,2024,2024/2025,Buenos Aires,Navarro,883,874,2445,2.797,0.99
girasol,2024,2024/2025,Buenos Aires,Monte,5035,4985,13051,2.618,0.99
girasol,2024,2024/2025,Buenos Aires,Mar Chiquita,13500,13500,37800,2.8,1.0
girasol,2024,2024/2025,Buenos Aires,Pellegrini,33000,32700,81750,2.5,0.991
girasol,2024,2024/2025,Buenos Aires,Ramallo,550,550,1540,2.8,1.0
girasol,2024,2024/2025,Buenos Aires,Pehuajó,16152,15227,43245,2.84,0.943
girasol,2024,2024/2025,Buenos Aires,Olavarría,15000,14500,31900,2.2,0.967
girasol,2024,2024/2025,Buenos Aires,Patagones,4600,4600,9200,2.0,1.0
girasol,2024,2024/2025,Buenos Aires,Pergamino,1150,1150,3450,3.0,1.0
girasol,2024,2024/2025,Buenos Aires,Punta Indio,100,100,200,2.0,1.0
girasol,2024,2024/2025,Buenos Aires,Puán,2000,1830,3678,2.01,0.915
girasol,2024,2024/2025,Buenos Aires,Pila,5000,5000,11800,2.36,1.0
girasol,2024,2024/2025,Buenos Aires,Tapalqué,2000,1900,4370,2.3,0.95
girasol,2024,2024/2025,Buenos Aires,Rivadavia,9217,9217,26729,2.9,1.0
girasol,2024,2024/2025,Buenos Aires,Salliqueló,18000,17700,44250,2.5,0.983
girasol,2024,2024/2025,Buenos Aires,Rojas,600,600,2100,3.5,1.0
girasol,2024,2024/2025,Buenos Aires,Saladillo,13892,13197,37859,2.869,0.95
girasol,2024,2024/2025,Buenos Aires,Saavedra,6000,6000,9060,1.51,1.0
girasol,2024,2024/2025,Buenos Aires,Roque Pérez,7162,7090,19887,2.805,0.99
girasol,2024,2024/2025,Buenos Aires,San Antonio de Areco,50,50,140,2.8,1.0
girasol,2024,2024/2025,Buenos Aires,Tandil,36647,36647,82822,2.26,1.0
girasol,2024,2024/2025,Buenos Aires,San Andrés de Giles,400,400,1200,3.0,1.0
girasol,2024,2024/2025,Buenos Aires,Salto,50,50,150,3.0,1.0
girasol,2024,2024/2025,Buenos Aires,Suipacha,200,200,500,2.5,1.0
girasol,2024,2024/2025,Buenos Aires,San Nicolás,850,850,2550,3.0,1.0
girasol,2024,2024/2025,Buenos Aires,San Cayetano,37074,37074,88978,2.4,1.0
girasol,2024,2024/2025,Buenos Aires,San Vicente,100,100,210,2.1,1.0
girasol,2024,2024/2025,Buenos Aires,San Pedro,200,200,580,2.9,1.0
girasol,2024,2024/2025,Chaco,25 de Mayo,350,320,544,1.7,0.914
girasol,2024,2024/2025,Formosa,Formosa,2860,2860,6578,2.3,1.0
girasol,2024,2024/2025,La Pampa,Toay,12000,12000,21600,1.8,1.0
girasol,2024,2024/2025,Chaco,2 de Abril,3500,3500,7770,2.22,1.0
girasol,2024,2024/2025,Córdoba,Ischilín,40,40,60,1.5,1.0
girasol,2024,2024/2025,Córdoba,General San Martín,13500,13500,31050,2.3,1.0
girasol,2024,2024/2025,Chaco,Almirante Brown,14000,14000,30800,2.2,1.0
girasol,2024,2024/2025,Chaco,9 de Julio,8000,7935,16664,2.1,0.992
girasol,2024,2024/2025,Chaco,Independencia,17000,16700,36740,2.2,0.982
girasol,2024,2024/2025,Chaco,Comandante Fernández,18000,18000,39600,2.2,1.0
girasol,2024,2024/2025,Chaco,Chacabuco,15000,15000,33150,2.21,1.0
girasol,2024,2024/2025,Chaco,General Güemes,2000,2000,3800,1.9,1.0
girasol,2024,2024/2025,Chaco,General Belgrano,13000,12885,28347,2.2,0.991
girasol,2024,2024/2025,Chaco,Fray Justo Santa María de Oro,4800,4600,8418,1.83,0.958
girasol,2024,2024/2025,Chaco,O'Higgins,12000,11950,18045,1.51,0.996
girasol,2024,2024/2025,Córdoba,General Roca,48439,48439,115769,2.39,1.0
girasol,2024,2024/2025,Chaco,Mayor Luis J. Fontana,4900,4900,9310,1.9,1.0
girasol,2024,2024/2025,Chaco,Maipú,32000,31800,76320,2.4,0.994
girasol,2024,2024/2025,Córdoba,Cruz del Eje,100,100,200,2.0,1.0
girasol,2024,2024/2025,Chaco,San Lorenzo,300,300,456,1.52,1.0
girasol,2024,2024/2025,Chaco,Quitilipi,2800,2800,5880,2.1,1.0
girasol,2024,2024/2025,Córdoba,Colón,1100,1100,2200,2.0,1.0
girasol,2024,2024/2025,Córdoba,Capital,250,250,575,2.3,1.0
girasol,2024,2024/2025,Córdoba,Río Primero,6900,6900,15870,2.3,1.0
girasol,2024,2024/2025,Entre Ríos,Villaguay,6200,6200,14260,2.3,1.0
girasol,2024,2024/2025,Córdoba,Juárez Celman,6000,6000,13200,2.2,1.0
girasol,2024,2024/2025,Corrientes,Curuzu Cuatia,700,700,1330,1.9,1.0
girasol,2024,2024/2025,Córdoba,Río Cuarto,13500,13500,29700,2.2,1.0
girasol,2024,2024/2025,Córdoba,Presidente Roque Sáenz Peña,44074,44074,115474,2.62,1.0
girasol,2024,2024/2025,Córdoba,Marcos Juárez,16180,16180,50158,3.1,1.0
girasol,2024,2024/2025,Córdoba,Santa María,1000,1000,2000,2.0,1.0
girasol,2024,2024/2025,Córdoba,San Justo,65000,64880,155712,2.4,0.998
girasol,2024,2024/2025,Córdoba,Río Seco,1800,1800,3060,1.7,1.0
girasol,2024,2024/2025,Córdoba,Río Segundo,8800,8800,20548,2.335,1.0
girasol,2024,2024/2025,Corrientes,Bella Vista,120,120,228,1.9,1.0
girasol,2024,2024/2025,Córdoba,Tercero Arriba,3900,3900,8970,2.3,1.0
girasol,2024,2024/2025,Córdoba,Unión,45290,45290,126812,2.8,1.0
girasol,2024,2024/2025,Córdoba,Tulumba,250,250,425,1.7,1.0
girasol,2024,2024/2025,Córdoba,Totoral,1080,1080,1944,1.8,1.0
girasol,2024,2024/2025,Entre Ríos,Federal,1000,1000,2010,2.01,1.0
girasol,2024,2024/2025,Corrientes,Esquina,400,400,760,1.9,1.0
girasol,2024,2024/2025,Entre Ríos,Diamante,220,220,486,2.21,1.0
girasol,2024,2024/2025,Corrientes,Sauce,300,300,570,1.9,1.0
girasol,2024,2024/2025,Corrientes,Mercedes,300,300,570,1.9,1.0
girasol,2024,2024/2025,Entre Ríos,Concordia,800,800,1776,2.22,1.0
girasol,2024,2024/2025,Entre Ríos,Colón,500,500,1150,2.3,1.0
girasol,2024,2024/2025,Entre Ríos,Victoria,600,600,1380,2.3,1.0
girasol,2024,2024/2025,Entre Ríos,La Paz,5200,5200,10400,2.0,1.0
girasol,2024,2024/2025,Entre Ríos,Uruguay,1300,1300,2990,2.3,1.0
girasol,2024,2024/2025,Entre Ríos,Gualeguaychú,800,800,1840,2.3,1.0
girasol,2024,2024/2025,Entre Ríos,Gualeguay,500,500,1150,2.3,1.0
girasol,2024,2024/2025,Entre Ríos,Nogoyá,2600,2600,5980,2.3,1.0
girasol,2024,2024/2025,Entre Ríos,Tala,1500,1500,3450,2.3,1.0
girasol,2024,2024/2025,Entre Ríos,San Salvador,1000,1000,2300,2.3,1.0
girasol,2024,2024/2025,Entre Ríos,Paraná,5100,5100,11220,2.2,1.0
girasol,2024,2024/2025,La Pampa,Quemú Quemú,45500,44580,113679,2.55,0.98
girasol,2024,2024/2025,La Pampa,Rancul,24100,23610,54303,2.3,0.98
girasol,2024,2024/2025,La Pampa,Capital,18200,18200,45500,2.5,1.0
girasol,2024,2024/2025,Salta,Metán,30,30,33,1.1,1.0
girasol,2024,2024/2025,La Pampa,Atreucó,45000,45000,112500,2.5,1.0
girasol,2024,2024/2025,Santa Fe,General Obligado,80600,80550,177210,2.2,0.999
girasol,2024,2024/2025,La Pampa,Maracó,19400,19010,48476,2.55,0.98
girasol,2024,2024/2025,Salta,Anta,114,114,114,1.0,1.0
girasol,2024,2024/2025,La Pampa,Catriló,38100,38100,106680,2.8,1.0
girasol,2024,2024/2025,La Pampa,Chapaleufú,13400,13130,33482,2.55,0.98
girasol,2024,2024/2025,La Pampa,Utracán,2000,2000,3600,1.8,1.0
girasol,2024,2024/2025,La Pampa,Realicó,25150,24640,59136,2.4,0.98
girasol,2024,2024/2025,La Pampa,Guatraché,2200,2200,4400,2.0,1.0
girasol,2024,2024/2025,La Pampa,Conhelo,33350,32680,78432,2.4,0.98
girasol,2024,2024/2025,La Pampa,Trenel,12500,12250,29400,2.4,0.98
girasol,2024,2024/2025,Santa Fe,General López,3748,3748,10494,2.8,1.0
girasol,2024,2024/2025,San Luis,Gobernador Dupuy,40500,40500,72900,1.8,1.0
girasol,2024,2024/2025,Salta,Rivadavia,265,265,292,1.1,1.0
girasol,2024,2024/2025,San Luis,General Pedernera,55000,55000,99000,1.8,1.0
girasol,2024,2024/2025,San Luis,Ayacucho,350,350,1015,2.9,1.0
girasol,2024,2024/2025,Salta,Rosario de la Frontera,50,50,55,1.1,1.0
girasol,2024,2024/2025,San Luis,Coronel Pringles,8700,8700,15660,1.8,1.0
girasol,2024,2024/2025,San Luis,Chacabuco,4150,4150,7470,1.8,1.0
girasol,2024,2024/2025,San Luis,Libertador General San Martín,700,700,1190,1.7,1.0
girasol,2024,2024/2025,Santa Fe,Garay,600,600,1320,2.2,1.0
girasol,2024,2024/2025,San Luis,Junín,250,250,625,2.5,1.0
girasol,2024,2024/2025,San Luis,Juan Martín de Pueyrredón,1350,1350,2430,1.8,1.0
girasol,2024,2024/2025,Santa Fe,9 de Julio,48540,48040,76912,1.601,0.99
girasol,2024,2024/2025,Santa Fe,Villa Constitución,2000,2000,5100,2.55,1.0
girasol,2024,2024/2025,Santa Fe,Castellanos,21200,21200,57240,2.7,1.0
girasol,2024,2024/2025,Santa Fe,Caseros,3700,3700,10545,2.85,1.0
girasol,2024,2024/2025,Santiago del Estero,Capital,300,290,725,2.5,0.967
girasol,2024,2024/2025,Santa Fe,Rosario,800,800,2048,2.56,1.0
girasol,2024,2024/2025,Santa Fe,Las Colonias,22800,22800,61560,2.7,1.0
girasol,2024,2024/2025,Santa Fe,La Capital,5300,5300,14310,2.7,1.0
girasol,2024,2024/2025,Santa Fe,Iriondo,1446,1446,4049,2.8,1.0
girasol,2024,2024/2025,Santa Fe,San Justo,21500,21500,47300,2.2,1.0
girasol,2024,2024/2025,Santiago del Estero,Alberdi,220,220,220,1.0,1.0
girasol,2024,2024/2025,Santa Fe,San Jerónimo,5829,5829,16321,2.8,1.0
girasol,2024,2024/2025,Santa Fe,San Cristóbal,70100,70100,147210,2.1,1.0
girasol,2024,2024/2025,Santa Fe,San Javier,16100,16100,32200,2.0,1.0
girasol,2024,2024/2025,Santa Fe,San Lorenzo,1500,1500,3855,2.57,1.0
girasol,2024,2024/2025,Santiago del Estero,Aguirre,850,850,1190,1.4,1.0
girasol,2024,2024/2025,Santa Fe,Vera,23800,23800,49980,2.1,1.0
girasol,2024,2024/2025,Santa Fe,San Martín,12084,12084,33835,2.8,1.0
girasol,2024,2024/2025,Santiago del Estero,Moreno,480,480,480,1.0,1.0
girasol,2024,2024/2025,Santiago del Estero,Choya,1500,1425,3605,2.53,0.95
girasol,2024,2024/2025,Santiago del Estero,Juan F. Ibarra,450,450,450,1.0,1.0
girasol,2024,2024/2025,Santiago del Estero,General Taboada,5540,5540,9972,1.8,1.0
girasol,2024,2024/2025,Santiago del Estero,Figueroa,700,660,1663,2.52,0.943
girasol,2024,2024/2025,Santiago del Estero,Jiménez,650,600,1500,2.5,0.923
girasol,2024,2024/2025,Santiago del Estero,Guasayán,550,535,1284,2.4,0.973
girasol,2024,2024/2025,Santiago del Estero,Rivadavia,14580,14580,29160,2.0,1.0
girasol,2024,2024/2025,Santiago del Estero,Quebrachos,300,280,700,2.5,0.933
girasol,2024,2024/2025,Santiago del Estero,Pellegrini,800,785,1963,2.5,0.981
girasol,2024,2024/2025,Tucumán,Burruyacú,100,100,250,2.5,1.0
girasol,2024,2024/2025,Tucumán,La Cocha,150,150,375,2.5,1.0
maiz,2015,2015/2016,La Pampa,Capital,45000,24100,127730,5.3,0.536
maiz,2015,2015/2016,Jujuy,Santa Bárbara,1880,1830,7869,4.3,0.973
maiz,2015,2015/2016,Jujuy,San Pedro,2550,2450,10535,4.3,0.961
maiz,2015,2015/2016,Jujuy,San Antonio,870,870,3741,4.3,1.0
maiz,2015,2015/2016,La Pampa,Atreucó,55000,30400,164160,5.4,0.553
maiz,2015,2015/2016,Misiones,25 de Mayo,3800,3500,10150,2.9,0.921
maiz,2015,2015/2016,Jujuy,Dr. Manuel Belgrano,100,100,430,4.3,1.0
maiz,2015,2015/2016,La Pampa,Utracán,11000,4530,17214,3.8,0.412
maiz,2015,2015/2016,Buenos Aires,Guaminí,39000,4590,38097,8.3,0.118
maiz,2015,2015/2016,Formosa,sin definir,35000,27000,135000,5.0,0.771
maiz,2015,2015/2016,Buenos Aires,Cañuelas,4170,2920,21316,7.3,0.7
maiz,2015,2015/2016,Buenos Aires,General Villegas,66000,60320,579072,9.6,0.914
maiz,2015,2015/2016,Buenos Aires,25 de Mayo,42700,37340,324858,8.7,0.874
maiz,2015,2015/2016,Buenos Aires,9 de Julio,34590,21910,227864,10.4,0.633
maiz,2015,2015/2016,Buenos Aires,Campana,2550,2550,19380,7.6,1.0
maiz,2015,2015/2016,Buenos Aires,Ayacucho,23000,18280,133444,7.3,0.795
maiz,2015,2015/2016,Buenos Aires,Arrecifes,7500,7320,56364,7.7,0.976
maiz,2015,2015/2016,Buenos Aires,Adolfo Alsina,38000,4940,24700,5.0,0.13
maiz,2015,2015/2016,Buenos Aires,Alberti,14270,11550,113190,9.8,0.809
maiz,2015,2015/2016,Buenos Aires,Adolfo Gonzales Chaves,5500,3524,16915,4.8,0.641
maiz,2015,2015/2016,Buenos Aires,Balcarce,22700,4860,29646,6.1,0.214
maiz,2015,2015/2016,Buenos Aires,Brandsen,2910,1200,8520,7.1,0.412
maiz,2015,2015/2016,Buenos Aires,Azul,43300,16410,96819,5.9,0.379
maiz,2015,2015/2016,Buenos Aires,Bragado,26390,21860,192368,8.8,0.828
maiz,2015,2015/2016,Buenos Aires,Baradero,9250,9190,71682,7.8,0.994
maiz,2015,2015/2016,Buenos Aires,Bolívar,35000,30030,228228,7.6,0.858
maiz,2015,2015/2016,Buenos Aires,Benito Juárez,20000,5550,31635,5.7,0.278
maiz,2015,2015/2016,Buenos Aires,Capitán Sarmiento,4050,3990,31920,8.0,0.985
maiz,2015,2015/2016,Buenos Aires,General Viamonte,19000,16770,162669,9.7,0.883
maiz,2015,2015/2016,Buenos Aires,Daireaux,38260,32860,253022,7.7,0.859
maiz,2015,2015/2016,Buenos Aires,Chacabuco,24490,18765,174515,9.3,0.766
maiz,2015,2015/2016,Buenos Aires,Carlos Casares,32160,23610,200685,8.5,0.734
maiz,2015,2015/2016,Buenos Aires,Castelli,12000,9540,74412,7.8,0.795
maiz,2015,2015/2016,Buenos Aires,Carmen de Areco,9700,8130,71544,8.8,0.838
maiz,2015,2015/2016,Buenos Aires,Carlos Tejedor,32000,20960,176064,8.4,0.655
maiz,2015,2015/2016,Buenos Aires,Chivilcoy,22600,19780,174064,8.8,0.875
maiz,2015,2015/2016,Buenos Aires,Coronel Suárez,29000,26400,153120,5.8,0.91
maiz,2015,2015/2016,Buenos Aires,Chascomús,8300,5810,43575,7.5,0.7
maiz,2015,2015/2016,Buenos Aires,Coronel Pringles,24700,15860,99918,6.3,0.642
maiz,2015,2015/2016,Buenos Aires,Colón,9100,8980,74534,8.3,0.987
maiz,2015,2015/2016,Buenos Aires,Coronel Dorrego,39850,25550,173740,6.8,0.641
maiz,2015,2015/2016,Buenos Aires,Exaltación de la Cruz,2350,2350,18330,7.8,1.0
maiz,2015,2015/2016,Buenos Aires,General Rodríguez,330,30,234,7.8,0.091
maiz,2015,2015/2016,Buenos Aires,Dolores,2000,1590,10017,6.3,0.795
maiz,2015,2015/2016,Buenos Aires,General Belgrano,2000,1730,14359,8.3,0.865
maiz,2015,2015/2016,Buenos Aires,Florentino Ameghino,25150,22720,222656,9.8,0.903
maiz,2015,2015/2016,Buenos Aires,General Arenales,20000,14940,146412,9.8,0.747
maiz,2015,2015/2016,Buenos Aires,General Alvear,10000,8580,65208,7.6,0.858
maiz,2015,2015/2016,Buenos Aires,General Alvarado,9600,3470,20126,5.8,0.361
maiz,2015,2015/2016,Buenos Aires,General La Madrid,24590,12200,58560,4.8,0.496
maiz,2015,2015/2016,Buenos Aires,General Pueyrredón,11400,3940,22458,5.7,0.346
maiz,2015,2015/2016,Buenos Aires,General Juan Madariaga,17000,12485,109868,8.8,0.734
maiz,2015,2015/2016,Buenos Aires,General Guido,8700,6200,40920,6.6,0.713
maiz,2015,2015/2016,Buenos Aires,General Pinto,27150,24300,245430,10.1,0.895
maiz,2015,2015/2016,Buenos Aires,General Las Heras,500,55,418,7.6,0.11
maiz,2015,2015/2016,Buenos Aires,General Paz,1300,745,5513,7.4,0.573
maiz,2015,2015/2016,Buenos Aires,General Lavalle,1000,705,4794,6.8,0.705
maiz,2015,2015/2016,Buenos Aires,Maipú,6900,4950,41085,8.3,0.717
maiz,2015,2015/2016,Buenos Aires,Rauch,12800,9300,67890,7.3,0.727
maiz,2015,2015/2016,Chaco,Comandante Fernández,9620,8500,45900,5.4,0.884
maiz,2015,2015/2016,Buenos Aires,La Plata,175,65,494,7.6,0.371
maiz,2015,2015/2016,Buenos Aires,Junín,21530,17070,160458,9.4,0.793
maiz,2015,2015/2016,La Pampa,Trenel,48800,18700,127160,6.8,0.383
maiz,2015,2015/2016,Entre Ríos,Villaguay,10400,9560,59272,6.2,0.919
maiz,2015,2015/2016,Buenos Aires,Hipólito Yrigoyen,18000,15440,118888,7.7,0.858
maiz,2015,2015/2016,Buenos Aires,Magdalena,2500,1120,8288,7.4,0.448
maiz,2015,2015/2016,Buenos Aires,Leandro N. Alem,21300,19500,210600,10.8,0.915
maiz,2015,2015/2016,Buenos Aires,Las Flores,16000,12790,109994,8.6,0.799
maiz,2015,2015/2016,Buenos Aires,Laprida,10600,6830,39614,5.8,0.644
maiz,2015,2015/2016,Buenos Aires,Lincoln,39680,34760,351076,10.1,0.876
maiz,2015,2015/2016,Buenos Aires,Luján,1300,170,1326,7.8,0.131
maiz,2015,2015/2016,Buenos Aires,Lobos,17000,12940,107402,8.3,0.761
maiz,2015,2015/2016,Buenos Aires,Lobería,25900,8530,50327,5.9,0.329
maiz,2015,2015/2016,Buenos Aires,Olavarría,33233,28543,216927,7.6,0.859
maiz,2015,2015/2016,Buenos Aires,Marcos Paz,560,220,1694,7.7,0.393
maiz,2015,2015/2016,Buenos Aires,Mar Chiquita,30000,22150,190490,8.6,0.738
maiz,2015,2015/2016,Buenos Aires,Ramallo,6550,6490,50622,7.8,0.991
maiz,2015,2015/2016,Buenos Aires,Mercedes,2800,1930,14089,7.3,0.689
maiz,2015,2015/2016,Buenos Aires,Necochea,14700,9500,78850,8.3,0.646
maiz,2015,2015/2016,Buenos Aires,Navarro,12000,8240,68392,8.3,0.687
maiz,2015,2015/2016,Buenos Aires,Monte,9000,6480,56376,8.7,0.72
maiz,2015,2015/2016,Buenos Aires,Pellegrini,25000,5720,38896,6.8,0.229
maiz,2015,2015/2016,Buenos Aires,Punta Indio,610,145,1044,7.2,0.238
maiz,2015,2015/2016,Buenos Aires,Pehuajó,54100,45580,387430,8.5,0.843
maiz,2015,2015/2016,Buenos Aires,Patagones,5800,1600,12800,8.0,0.276
maiz,2015,2015/2016,Buenos Aires,Puán,18000,5740,25830,4.5,0.319
maiz,2015,2015/2016,Buenos Aires,Pergamino,22800,22620,190008,8.4,0.992
maiz,2015,2015/2016,Buenos Aires,Pilar,330,115,923,8.026,0.348
maiz,2015,2015/2016,Buenos Aires,Pila,10000,7050,58515,8.3,0.705
maiz,2015,2015/2016,Buenos Aires,Rivadavia,75000,49840,438592,8.8,0.665
maiz,2015,2015/2016,Buenos Aires,Salliqueló,11000,3010,21973,7.3,0.274
maiz,2015,2015/2016,Buenos Aires,Tandil,39600,14040,84240,6.0,0.355
maiz,2015,2015/2016,Chaco,Chacabuco,17600,16560,96048,5.8,0.941
maiz,2015,2015/2016,Buenos Aires,Saladillo,24000,20210,167743,8.3,0.842
maiz,2015,2015/2016,Buenos Aires,Rojas,22500,16840,173452,10.3,0.748
maiz,2015,2015/2016,Buenos Aires,Saavedra,11200,6010,31853,5.3,0.537
maiz,2015,2015/2016,Buenos Aires,Roque Pérez,9000,6600,56760,8.6,0.733
maiz,2015,2015/2016,Buenos Aires,San Antonio de Areco,10200,10080,79632,7.9,0.988
maiz,2015,2015/2016,Buenos Aires,Suipacha,1800,1090,7957,7.3,0.606
maiz,2015,2015/2016,Buenos Aires,San Andrés de Giles,12550,11190,104067,9.3,0.892
maiz,2015,2015/2016,Buenos Aires,Salto,17100,16980,137538,8.1,0.993
maiz,2015,2015/2016,Buenos Aires,San Vicente,570,200,1520,7.6,0.351
maiz,2015,2015/2016,Buenos Aires,San Cayetano,19000,12240,95472,7.8,0.644
maiz,2015,2015/2016,Buenos Aires,San Pedro,4550,4490,34124,7.6,0.987
maiz,2015,2015/2016,Buenos Aires,San Nicolás,2600,2600,20020,7.7,1.0
maiz,2015,2015/2016,Buenos Aires,Villarino,7500,3000,24000,8.0,0.4
maiz,2015,2015/2016,Buenos Aires,Tordillo,1200,870,4176,4.8,0.725
maiz,2015,2015/2016,Chaco,Bermejo,460,340,1700,5.0,0.739
maiz,2015,2015/2016,Buenos Aires,Tapalqué,2000,1680,12264,7.3,0.84
maiz,2015,2015/2016,Buenos Aires,Tres Lomas,12000,3790,33352,8.8,0.316
maiz,2015,2015/2016,Buenos Aires,Tornquist,4000,2910,11640,4.0,0.728
maiz,2015,2015/2016,Buenos Aires,Tres Arroyos,56000,35915,280137,7.8,0.641
maiz,2015,2015/2016,Buenos Aires,Trenque Lauquen,93560,68560,589616,8.6,0.733
maiz,2015,2015/2016,Catamarca,Santa Rosa,12000,11640,90792,7.8,0.97
maiz,2015,2015/2016,Chaco,Almirante Brown,73900,63910,357896,5.6,0.865
maiz,2015,2015/2016,Catamarca,El Alto,400,400,2400,6.0,1.0
maiz,2015,2015/2016,Buenos Aires,Zárate,1800,1800,14040,7.8,1.0
maiz,2015,2015/2016,Chaco,9 de Julio,26400,24970,144826,5.8,0.946
maiz,2015,2015/2016,Chaco,12 de Octubre,26400,26010,145656,5.6,0.985
maiz,2015,2015/2016,Chaco,25 de Mayo,350,275,1265,4.6,0.786
maiz,2015,2015/2016,Chaco,2 de Abril,18400,17880,96552,5.4,0.972
maiz,2015,2015/2016,Chaco,Independencia,11420,9810,51993,5.3,0.859
maiz,2015,2015/2016,Entre Ríos,Victoria,27900,26340,179112,6.8,0.944
maiz,2015,2015/2016,Córdoba,San Justo,155000,107000,823900,7.7,0.69
maiz,2015,2015/2016,Chaco,Sargento Cabral,580,505,3333,6.6,0.871
maiz,2015,2015/2016,La Pampa,Toay,23000,12210,46398,3.8,0.531
maiz,2015,2015/2016,Chaco,General Güemes,6820,5890,32395,5.5,0.864
maiz,2015,2015/2016,Chaco,General Belgrano,10400,9930,52629,5.3,0.955
maiz,2015,2015/2016,Chaco,Fray Justo Santa María de Oro,4480,3430,19551,5.7,0.766
maiz,2015,2015/2016,Chaco,Mayor Luis J. Fontana,8800,8210,47618,5.8,0.933
maiz,2015,2015/2016,Chaco,San Lorenzo,1400,1290,6966,5.4,0.921
maiz,2015,2015/2016,Chaco,Maipú,7930,6831,36885,5.4,0.861
maiz,2015,2015/2016,Chaco,Libertador General San Martín,1730,1415,6368,4.5,0.818
maiz,2015,2015/2016,Chaco,San Fernando,2100,1470,7350,5.0,0.7
maiz,2015,2015/2016,Chaco,O'Higgins,4000,3800,19000,5.0,0.95
maiz,2015,2015/2016,Chaco,Quitilipi,2770,2390,12428,5.2,0.863
maiz,2015,2015/2016,Chaco,Presidencia de la Plaza,150,125,600,4.8,0.833
maiz,2015,2015/2016,Córdoba,Juárez Celman,170000,147200,1059840,7.2,0.866
maiz,2015,2015/2016,Córdoba,Capital,1100,920,7636,8.3,0.836
maiz,2015,2015/2016,Córdoba,Calamuchita,14000,13040,75632,5.8,0.931
maiz,2015,2015/2016,Córdoba,San Javier,3000,3000,26400,8.8,1.0
maiz,2015,2015/2016,Córdoba,Ischilín,8000,7550,55115,7.3,0.944
maiz,2015,2015/2016,Córdoba,Colón,30000,27550,214890,7.8,0.918
maiz,2015,2015/2016,Córdoba,General San Martín,77600,34950,276105,7.9,0.45
maiz,2015,2015/2016,Córdoba,General Roca,247000,211800,1630860,7.7,0.857
maiz,2015,2015/2016,Córdoba,Presidente Roque Sáenz Peña,117000,84550,667945,7.9,0.723
maiz,2015,2015/2016,Córdoba,San Alberto,1000,1000,5800,5.8,1.0
maiz,2015,2015/2016,Córdoba,Pocho,3500,3500,18550,5.3,1.0
maiz,2015,2015/2016,Córdoba,Marcos Juárez,108240,87040,774656,8.9,0.804
maiz,2015,2015/2016,Córdoba,Río Segundo,79900,57520,477416,8.3,0.72
maiz,2015,2015/2016,Córdoba,Río Cuarto,329000,298000,1996600,6.7,0.906
maiz,2015,2015/2016,Córdoba,Río Seco,47000,46500,385950,8.3,0.989
maiz,2015,2015/2016,Córdoba,Río Primero,150000,123500,963300,7.8,0.823
maiz,2015,2015/2016,Córdoba,Tulumba,47000,46500,339450,7.3,0.989
maiz,2015,2015/2016,Entre Ríos,Gualeguay,30800,29600,198320,6.7,0.961
maiz,2015,2015/2016,Entre Ríos,Uruguay,26000,24560,149816,6.1,0.945
maiz,2015,2015/2016,La Pampa,Realicó,62800,14860,130768,8.8,0.237
maiz,2015,2015/2016,Córdoba,Santa María,27300,24575,191685,7.8,0.9
maiz,2015,2015/2016,Córdoba,Totoral,85000,83300,691390,8.3,0.98
maiz,2015,2015/2016,Córdoba,Tercero Arriba,88900,67460,499204,7.4,0.759
maiz,2015,2015/2016,Córdoba,Sobremonte,3000,2800,17640,6.3,0.933
maiz,2015,2015/2016,Entre Ríos,Colón,4000,3400,21420,6.3,0.85
maiz,2015,2015/2016,Entre Ríos,Feliciano,2500,2140,12626,5.9,0.856
maiz,2015,2015/2016,Corrientes,sin definir,13000,10000,50000,5.0,0.769
maiz,2015,2015/2016,Córdoba,Unión,143430,121330,1055571,8.7,0.846
maiz,2015,2015/2016,Entre Ríos,Federal,5500,4280,31244,7.3,0.778
maiz,2015,2015/2016,Entre Ríos,Concordia,3000,2280,16872,7.4,0.76
maiz,2015,2015/2016,Entre Ríos,Federación,1500,1260,7938,6.3,0.84
maiz,2015,2015/2016,Entre Ríos,Diamante,25000,21610,179363,8.3,0.864
maiz,2015,2015/2016,La Pampa,Rancul,52100,16380,127764,7.8,0.314
maiz,2015,2015/2016,Jujuy,Ledesma,100,100,430,4.3,1.0
maiz,2015,2015/2016,Entre Ríos,Tala,23400,21600,133920,6.2,0.923
maiz,2015,2015/2016,Entre Ríos,San Salvador,1600,1240,7812,6.3,0.775
maiz,2015,2015/2016,Entre Ríos,Gualeguaychú,29500,27100,178860,6.6,0.919
maiz,2015,2015/2016,Entre Ríos,Paraná,24000,19100,148980,7.8,0.796
maiz,2015,2015/2016,Entre Ríos,Nogoyá,27800,24800,153760,6.2,0.892
maiz,2015,2015/2016,Entre Ríos,La Paz,15000,10960,83296,7.6,0.731
maiz,2015,2015/2016,La Pampa,Chapaleufú,44400,35620,341952,9.6,0.802
maiz,2015,2015/2016,La Pampa,Quemú Quemú,66800,32980,306714,9.3,0.494
maiz,2015,2015/2016,La Pampa,Catriló,51000,30100,174580,5.8,0.59
maiz,2015,2015/2016,Jujuy,Palpalá,150,150,645,4.3,1.0
maiz,2015,2015/2016,La Pampa,Maracó,55500,34680,332928,9.6,0.625
maiz,2015,2015/2016,La Pampa,Conhelo,58500,21940,149192,6.8,0.375
maiz,2015,2015/2016,La Pampa,Hucal,6000,2300,7590,3.3,0.383
maiz,2015,2015/2016,La Pampa,Guatraché,35000,19650,94320,4.8,0.561
maiz,2015,2015/2016,Santa Fe,Vera,15000,10000,59000,5.9,0.667
maiz,2015,2015/2016,Salta,La Candelaria,3860,3600,20160,5.6,0.933
maiz,2015,2015/2016,Misiones,Guaraní,7800,7500,22500,3.0,0.962
maiz,2015,2015/2016,Jujuy,El Carmen,980,980,4214,4.3,1.0
maiz,2015,2015/2016,Misiones,Cainguás,1800,1700,4760,2.8,0.944
maiz,2015,2015/2016,Misiones,General Manuel Belgrano,4500,4300,13760,3.2,0.956
maiz,2015,2015/2016,Misiones,Apóstoles,700,450,1260,2.8,0.643
maiz,2015,2015/2016,Misiones,Eldorado,130,105,294,2.8,0.808
maiz,2015,2015/2016,Misiones,Candelaria,20,20,50,2.5,1.0
maiz,2015,2015/2016,Misiones,Concepción,30,15,42,2.8,0.5
maiz,2015,2015/2016,Misiones,Capital,230,210,546,2.6,0.913
maiz,2015,2015/2016,Misiones,San Javier,500,500,1300,2.6,1.0
maiz,2015,2015/2016,Misiones,Leandro N. Alem,650,650,1755,2.7,1.0
maiz,2015,2015/2016,Misiones,Iguazú,60,60,162,2.7,1.0
maiz,2015,2015/2016,Salta,La Caldera,100,100,520,5.2,1.0
maiz,2015,2015/2016,Misiones,Libertador General San Martín,300,300,840,2.8,1.0
maiz,2015,2015/2016,Misiones,San Ignacio,150,150,375,2.5,1.0
maiz,2015,2015/2016,Misiones,Oberá,900,900,2520,2.8,1.0
maiz,2015,2015/2016,Misiones,Montecarlo,50,50,145,2.9,1.0
maiz,2015,2015/2016,Salta,Cachi,70,70,378,5.4,1.0
maiz,2015,2015/2016,Salta,General José de San Martín,56000,52230,282042,5.4,0.933
maiz,2015,2015/2016,Salta,Anta,160000,148950,849015,5.7,0.931
maiz,2015,2015/2016,Misiones,San Pedro,1900,1780,5340,3.0,0.937
maiz,2015,2015/2016,Salta,General Güemes,5650,5273,29529,5.6,0.933
maiz,2015,2015/2016,Salta,Capital,1350,1259,7302,5.8,0.933
maiz,2015,2015/2016,Salta,Chicoana,790,738,4207,5.701,0.934
maiz,2015,2015/2016,Salta,Cerrillos,1680,1576,9141,5.8,0.938
maiz,2015,2015/2016,Salta,La Viña,100,100,560,5.6,1.0
maiz,2015,2015/2016,San Luis,Ayacucho,3500,2500,29500,11.8,0.714
maiz,2015,2015/2016,Santa Fe,San Martín,56000,32600,257540,7.9,0.582
maiz,2015,2015/2016,Santa Fe,9 de Julio,77500,68400,513000,7.5,0.883
maiz,2015,2015/2016,Salta,Metán,32900,30690,178002,5.8,0.933
maiz,2015,2015/2016,Salta,Rosario de Lerma,1250,1172,6798,5.8,0.938
maiz,2015,2015/2016,Salta,Rosario de la Frontera,43000,40140,232812,5.8,0.933
maiz,2015,2015/2016,Salta,Orán,7000,6532,35273,5.4,0.933
maiz,2015,2015/2016,San Luis,Libertador General San Martín,600,420,2268,5.4,0.7
maiz,2015,2015/2016,San Luis,General Pedernera,166000,157400,1101800,7.0,0.948
maiz,2015,2015/2016,San Luis,Coronel Pringles,56200,53630,353958,6.6,0.954
maiz,2015,2015/2016,San Luis,Chacabuco,14000,12200,70760,5.8,0.871
maiz,2015,2015/2016,San Luis,Gobernador Dupuy,41400,32480,146160,4.5,0.785
maiz,2015,2015/2016,San Luis,Junín,600,400,4320,10.8,0.667
maiz,2015,2015/2016,San Luis,Juan Martín de Pueyrredón,18000,14270,104171,7.3,0.793
maiz,2015,2015/2016,Santa Fe,General Obligado,30000,20100,76380,3.8,0.67
maiz,2015,2015/2016,Santa Fe,Caseros,32300,31950,277965,8.7,0.989
maiz,2015,2015/2016,Santa Fe,Belgrano,20170,11810,93299,7.9,0.586
maiz,2015,2015/2016,Santa Fe,San Lorenzo,17100,16910,147117,8.7,0.989
maiz,2015,2015/2016,Santa Fe,Castellanos,86000,63000,497700,7.9,0.733
maiz,2015,2015/2016,Santa Fe,General López,134900,121900,1255570,10.3,0.904
maiz,2015,2015/2016,Santa Fe,Garay,500,200,1380,6.9,0.4
maiz,2015,2015/2016,Santa Fe,Villa Constitución,16000,15800,137460,8.7,0.988
maiz,2015,2015/2016,Santa Fe,Las Colonias,45000,26300,202510,7.7,0.584
maiz,2015,2015/2016,Santa Fe,San Justo,9000,5300,33920,6.4,0.589
maiz,2015,2015/2016,Santa Fe,La Capital,5000,2440,16836,6.9,0.488
maiz,2015,2015/2016,Santa Fe,Iriondo,31800,18520,150012,8.1,0.582
maiz,2015,2015/2016,Santa Fe,San Jerónimo,14900,8750,61250,7.0,0.587
maiz,2015,2015/2016,Santa Fe,Rosario,12500,12300,104550,8.5,0.984
maiz,2015,2015/2016,Santa Fe,San Javier,5000,3150,11970,3.8,0.63
maiz,2015,2015/2016,Santa Fe,San Cristóbal,20500,7020,44928,6.4,0.342
maiz,2015,2015/2016,Santiago del Estero,Avellaneda,2415,2220,13986,6.3,0.919
maiz,2015,2015/2016,Tucumán,Trancas,750,270,1890,7.0,0.36
maiz,2015,2015/2016,Santiago del Estero,Belgrano,73500,66480,485304,7.3,0.904
maiz,2015,2015/2016,Santiago del Estero,Loreto,1000,870,5481,6.3,0.87
maiz,2015,2015/2016,Santiago del Estero,Alberdi,57840,51050,387980,7.6,0.883
maiz,2015,2015/2016,Santiago del Estero,Aguirre,18360,16670,113356,6.8,0.908
maiz,2015,2015/2016,Santiago del Estero,Banda,2500,2175,14790,6.8,0.87
maiz,2015,2015/2016,Santiago del Estero,Copo,6480,5830,36146,6.2,0.9
maiz,2015,2015/2016,Santiago del Estero,Juan F. Ibarra,52500,46830,318444,6.8,0.892
maiz,2015,2015/2016,Santiago del Estero,Choya,4500,2715,17105,6.3,0.603
maiz,2015,2015/2016,Santiago del Estero,Capital,1500,1305,9527,7.3,0.87
maiz,2015,2015/2016,Santiago del Estero,Jiménez,59000,52500,383250,7.3,0.89
maiz,2015,2015/2016,Santiago del Estero,Figueroa,1500,1305,6917,5.3,0.87
maiz,2015,2015/2016,Santiago del Estero,Guasayán,4500,2715,17105,6.3,0.603
maiz,2015,2015/2016,Santiago del Estero,General Taboada,108000,97600,692960,7.1,0.904
maiz,2015,2015/2016,Santiago del Estero,San Martín,1000,870,4611,5.3,0.87
maiz,2015,2015/2016,Santiago del Estero,Moreno,200000,178360,1302028,7.3,0.892
maiz,2015,2015/2016,Tucumán,Tafí del Valle,100,100,700,7.0,1.0
maiz,2015,2015/2016,Santiago del Estero,Mitre,8000,6960,50808,7.3,0.87
maiz,2015,2015/2016,Santiago del Estero,Robles,2000,1260,9198,7.3,0.63
maiz,2015,2015/2016,Santiago del Estero,Pellegrini,34700,30800,224840,7.3,0.888
maiz,2015,2015/2016,Santiago del Estero,Rivadavia,21200,15650,109550,7.0,0.738
maiz,2015,2015/2016,Santiago del Estero,Río Hondo,6700,5855,42742,7.3,0.874
maiz,2015,2015/2016,Tucumán,Burruyacú,33400,32550,231105,7.1,0.975
maiz,2015,2015/2016,Tucumán,Simoca,400,335,2111,6.301,0.838
maiz,2015,2015/2016,Santiago del Estero,Silípica,2500,1525,975,0.639,0.61
maiz,2015,2015/2016,Santiago del Estero,Sarmiento,2625,2365,15373,6.5,0.901
maiz,2015,2015/2016,Tucumán,Leales,10760,9910,69370,7.0,0.921
maiz,2015,2015/2016,Tucumán,Cruz Alta,3000,2760,19596,7.1,0.92
maiz,2015,2015/2016,Tucumán,La Cocha,5950,5405,38916,7.2,0.908
maiz,2015,2015/2016,Tucumán,Graneros,12600,12135,82518,6.8,0.963
maiz,2016,2016/2017,Santiago del Estero,General Taboada,82000,75200,511360,6.8,0.917
maiz,2016,2016/2017,Buenos Aires,San Andrés de Giles,17700,14700,141120,9.6,0.831
maiz,2016,2016/2017,Santiago del Estero,Figueroa,2000,1600,11200,7.0,0.8
maiz,2016,2016/2017,Buenos Aires,Salto,29500,29200,303680,10.4,0.99
maiz,2016,2016/2017,Buenos Aires,Salliqueló,14000,6800,50320,7.4,0.486
maiz,2016,2016/2017,Santiago del Estero,Copo,5600,4250,27200,6.4,0.759
maiz,2016,2016/2017,Buenos Aires,Exaltación de la Cruz,2600,2600,24440,9.4,1.0
maiz,2016,2016/2017,Entre Ríos,Diamante,25000,19500,161850,8.3,0.78
maiz,2016,2016/2017,Buenos Aires,Saavedra,14600,10400,57200,5.5,0.712
maiz,2016,2016/2017,Buenos Aires,Saladillo,39000,27500,244750,8.9,0.705
maiz,2016,2016/2017,Buenos Aires,Dolores,2500,970,6402,6.6,0.388
maiz,2016,2016/2017,Buenos Aires,25 de Mayo,50000,43000,382700,8.9,0.86
maiz,2016,2016/2017,Buenos Aires,Bragado,39000,34870,313830,9.0,0.894
maiz,2016,2016/2017,Buenos Aires,Arrecifes,19050,18850,180960,9.6,0.99
maiz,2016,2016/2017,Buenos Aires,Daireaux,40200,34200,273600,8.0,0.851
maiz,2016,2016/2017,Buenos Aires,9 de Julio,73000,45200,429400,9.5,0.619
maiz,2016,2016/2017,Buenos Aires,Alberti,25000,21340,206998,9.7,0.854
maiz,2016,2016/2017,Buenos Aires,Adolfo Gonzales Chaves,11080,7680,50688,6.6,0.693
maiz,2016,2016/2017,Buenos Aires,Adolfo Alsina,47000,19000,112100,5.9,0.404
maiz,2016,2016/2017,Buenos Aires,Azul,67690,30690,174933,5.7,0.453
maiz,2016,2016/2017,Buenos Aires,Bolívar,38000,32300,258400,8.0,0.85
maiz,2016,2016/2017,Buenos Aires,Ayacucho,22000,19600,135240,6.9,0.891
maiz,2016,2016/2017,Buenos Aires,Bahía Blanca,4800,700,4550,6.5,0.146
maiz,2016,2016/2017,Buenos Aires,Benito Juárez,18120,4620,25872,5.6,0.255
maiz,2016,2016/2017,Buenos Aires,Baradero,24200,24050,228475,9.5,0.994
maiz,2016,2016/2017,Buenos Aires,Balcarce,43350,14850,90585,6.1,0.343
maiz,2016,2016/2017,Buenos Aires,Carmen de Areco,14600,11300,108480,9.6,0.774
maiz,2016,2016/2017,Buenos Aires,Campana,2800,2800,27160,9.7,1.0
maiz,2016,2016/2017,Buenos Aires,Coronel Suárez,38500,27500,151250,5.5,0.714
maiz,2016,2016/2017,Buenos Aires,Brandsen,3500,1250,10625,8.5,0.357
maiz,2016,2016/2017,Buenos Aires,Cañuelas,5500,3900,34710,8.9,0.709
maiz,2016,2016/2017,Buenos Aires,Carlos Tejedor,39250,24800,205840,8.3,0.632
maiz,2016,2016/2017,Buenos Aires,Carlos Casares,41600,30800,271040,8.8,0.74
maiz,2016,2016/2017,Buenos Aires,Capitán Sarmiento,10350,10350,103500,10.0,1.0
maiz,2016,2016/2017,Buenos Aires,Chascomús,11000,6550,53710,8.2,0.595
maiz,2016,2016/2017,Buenos Aires,Coronel Pringles,17540,8240,58504,7.1,0.47
maiz,2016,2016/2017,Buenos Aires,Chacabuco,51100,38100,373380,9.8,0.746
maiz,2016,2016/2017,Buenos Aires,Castelli,13000,11570,72891,6.3,0.89
maiz,2016,2016/2017,Buenos Aires,Coronel Dorrego,47000,30300,184830,6.1,0.645
maiz,2016,2016/2017,Buenos Aires,Chivilcoy,37000,32900,312550,9.5,0.889
maiz,2016,2016/2017,Buenos Aires,Coronel de Marina Leonardo Rosales,6800,900,6300,7.0,0.132
maiz,2016,2016/2017,Buenos Aires,Colón,19750,19600,205800,10.5,0.992
maiz,2016,2016/2017,Buenos Aires,Magdalena,3000,240,1920,8.0,0.08
maiz,2016,2016/2017,Buenos Aires,Rauch,11600,8800,60720,6.9,0.759
maiz,2016,2016/2017,Buenos Aires,General Alvarado,13270,670,3886,5.8,0.05
maiz,2016,2016/2017,Buenos Aires,Roque Pérez,9800,3800,33060,8.7,0.388
maiz,2016,2016/2017,Buenos Aires,Florentino Ameghino,14600,9812,93214,9.5,0.672
maiz,2016,2016/2017,Buenos Aires,General Paz,1700,1240,10540,8.5,0.729
maiz,2016,2016/2017,Catamarca,El Alto,300,250,1300,5.2,0.833
maiz,2016,2016/2017,Buenos Aires,General Belgrano,3900,1700,14620,8.6,0.436
maiz,2016,2016/2017,Buenos Aires,General Lavalle,1500,950,6745,7.1,0.633
maiz,2016,2016/2017,Buenos Aires,General Arenales,27000,18700,183260,9.8,0.693
maiz,2016,2016/2017,Buenos Aires,General Alvear,13000,11000,88000,8.0,0.846
maiz,2016,2016/2017,Buenos Aires,General Las Heras,700,400,3280,8.2,0.571
maiz,2016,2016/2017,Buenos Aires,General Guido,4500,2900,20010,6.9,0.644
maiz,2016,2016/2017,Buenos Aires,General La Madrid,31800,15800,86900,5.5,0.497
maiz,2016,2016/2017,Buenos Aires,General Juan Madariaga,17800,16120,122512,7.6,0.906
maiz,2016,2016/2017,Buenos Aires,Hipólito Yrigoyen,20000,17000,136000,8.0,0.85
maiz,2016,2016/2017,Buenos Aires,General Pueyrredón,17100,700,4060,5.8,0.041
maiz,2016,2016/2017,Buenos Aires,General Pinto,25600,18601,178570,9.6,0.727
maiz,2016,2016/2017,Buenos Aires,Luján,1600,760,6840,9.0,0.475
maiz,2016,2016/2017,Buenos Aires,General Rodríguez,390,210,1848,8.8,0.538
maiz,2016,2016/2017,Buenos Aires,Guaminí,45000,20000,144000,7.2,0.444
maiz,2016,2016/2017,Buenos Aires,General Villegas,78600,37200,327360,8.8,0.473
maiz,2016,2016/2017,Buenos Aires,General Viamonte,12400,9199,96590,10.5,0.742
maiz,2016,2016/2017,Buenos Aires,Laprida,10930,5930,39138,6.6,0.543
maiz,2016,2016/2017,Buenos Aires,Lobos,23000,18800,165440,8.8,0.817
maiz,2016,2016/2017,Buenos Aires,La Plata,220,110,957,8.7,0.5
maiz,2016,2016/2017,Buenos Aires,Junín,34800,24800,248000,10.0,0.713
maiz,2016,2016/2017,Buenos Aires,Las Flores,21000,15000,135000,9.0,0.714
maiz,2016,2016/2017,Buenos Aires,Lobería,55850,21450,126555,5.9,0.384
maiz,2016,2016/2017,Buenos Aires,Lincoln,50500,39304,389110,9.9,0.778
maiz,2016,2016/2017,Buenos Aires,Leandro N. Alem,19900,14315,146013,10.2,0.719
maiz,2016,2016/2017,Buenos Aires,Monte,12000,6800,59160,8.7,0.567
maiz,2016,2016/2017,Buenos Aires,Pilar,380,200,1880,9.4,0.526
maiz,2016,2016/2017,Buenos Aires,Zárate,2100,2100,19950,9.5,1.0
maiz,2016,2016/2017,Buenos Aires,Ramallo,11550,11500,110400,9.6,0.996
maiz,2016,2016/2017,Buenos Aires,Maipú,8000,6400,50560,7.9,0.8
maiz,2016,2016/2017,Buenos Aires,Mercedes,6300,4150,31125,7.5,0.659
maiz,2016,2016/2017,Buenos Aires,Marcos Paz,620,20,180,9.0,0.032
maiz,2016,2016/2017,Buenos Aires,Mar Chiquita,21000,18900,134190,7.1,0.9
maiz,2016,2016/2017,Buenos Aires,Olavarría,25200,21200,169600,8.0,0.841
maiz,2016,2016/2017,Buenos Aires,Pila,9500,7200,51120,7.1,0.758
maiz,2016,2016/2017,Buenos Aires,Necochea,36710,27210,193191,7.1,0.741
maiz,2016,2016/2017,Buenos Aires,Navarro,18000,10200,87720,8.6,0.567
maiz,2016,2016/2017,Buenos Aires,Pergamino,44600,43950,457080,10.4,0.985
maiz,2016,2016/2017,Buenos Aires,Pellegrini,29000,12500,86250,6.9,0.431
maiz,2016,2016/2017,Buenos Aires,Pehuajó,69600,55100,446310,8.1,0.792
maiz,2016,2016/2017,Buenos Aires,Punta Indio,700,70,560,8.0,0.1
maiz,2016,2016/2017,Buenos Aires,San Vicente,700,340,2958,8.7,0.486
maiz,2016,2016/2017,Buenos Aires,Puán,23800,11800,64900,5.5,0.496
maiz,2016,2016/2017,Buenos Aires,San Antonio de Areco,12850,12750,123675,9.7,0.992
maiz,2016,2016/2017,Buenos Aires,San Pedro,11900,11850,112575,9.5,0.996
maiz,2016,2016/2017,Buenos Aires,San Nicolás,5250,5250,50400,9.6,1.0
maiz,2016,2016/2017,Buenos Aires,San Cayetano,15000,7800,55380,7.1,0.52
maiz,2016,2016/2017,Buenos Aires,Tapalqué,2200,1600,11200,7.0,0.727
maiz,2016,2016/2017,Buenos Aires,Tres Lomas,15000,7600,60040,7.9,0.507
maiz,2016,2016/2017,Buenos Aires,Tandil,49620,16820,102602,6.1,0.339
maiz,2016,2016/2017,Buenos Aires,Suipacha,5000,3300,26400,8.0,0.66
maiz,2016,2016/2017,Buenos Aires,Tres Arroyos,34580,14780,97548,6.6,0.427
maiz,2016,2016/2017,Buenos Aires,Tordillo,1200,900,5490,6.1,0.75
maiz,2016,2016/2017,Buenos Aires,Trenque Lauquen,130500,90390,777354,8.6,0.693
maiz,2016,2016/2017,Buenos Aires,Tornquist,13300,9600,52800,5.5,0.722
maiz,2016,2016/2017,Buenos Aires,Rojas,34800,26600,266000,10.0,0.764
maiz,2016,2016/2017,Chaco,Independencia,23000,22350,145275,6.5,0.972
maiz,2016,2016/2017,Chaco,12 de Octubre,38850,35450,223335,6.3,0.912
maiz,2016,2016/2017,Chaco,General Güemes,12000,11860,68788,5.8,0.988
maiz,2016,2016/2017,Catamarca,Santa Rosa,9000,7500,48750,6.5,0.833
maiz,2016,2016/2017,Chaco,9 de Julio,39000,35600,234960,6.6,0.913
maiz,2016,2016/2017,Chaco,General Belgrano,15420,14348,93262,6.5,0.93
maiz,2016,2016/2017,Chaco,25 de Mayo,550,440,1980,4.5,0.8
maiz,2016,2016/2017,Chaco,2 de Abril,27300,25200,176400,7.0,0.923
maiz,2016,2016/2017,Chaco,Fray Justo Santa María de Oro,6730,6250,41250,6.6,0.929
maiz,2016,2016/2017,Chaco,Almirante Brown,78000,76670,513689,6.7,0.983
maiz,2016,2016/2017,Chaco,Comandante Fernández,9500,9250,55500,6.0,0.974
maiz,2016,2016/2017,Chaco,Chacabuco,25970,23870,157542,6.6,0.919
maiz,2016,2016/2017,Chaco,Libertador General San Martín,3000,2470,11609,4.7,0.823
maiz,2016,2016/2017,Buenos Aires,Rivadavia,81100,54500,495950,9.1,0.672
maiz,2016,2016/2017,Chaco,Quitilipi,400,380,2204,5.8,0.95
maiz,2016,2016/2017,Chaco,Presidencia de la Plaza,130,100,420,4.2,0.769
maiz,2016,2016/2017,Chaco,Maipú,20000,19220,115320,6.0,0.961
maiz,2016,2016/2017,Chaco,O'Higgins,6000,5560,37808,6.8,0.927
maiz,2016,2016/2017,Chaco,Mayor Luis J. Fontana,12920,12010,82869,6.9,0.93
maiz,2016,2016/2017,Córdoba,Ischilín,10000,9800,67620,6.9,0.98
maiz,2016,2016/2017,Córdoba,Calamuchita,25100,22600,146900,6.5,0.9
maiz,2016,2016/2017,Chaco,Sargento Cabral,930,750,4875,6.5,0.806
maiz,2016,2016/2017,Chaco,San Fernando,3300,2970,18414,6.2,0.9
maiz,2016,2016/2017,Chaco,San Lorenzo,2500,2320,14384,6.2,0.928
maiz,2016,2016/2017,Entre Ríos,Colón,7000,6250,36250,5.8,0.893
maiz,2016,2016/2017,Córdoba,General San Martín,100000,43000,365500,8.5,0.43
maiz,2016,2016/2017,Córdoba,Capital,1200,1100,8800,8.0,0.917
maiz,2016,2016/2017,Corrientes,sin definir,14000,7000,34020,4.86,0.5
maiz,2016,2016/2017,Córdoba,Juárez Celman,178640,148640,951296,6.4,0.832
maiz,2016,2016/2017,Entre Ríos,Concordia,4800,3100,23250,7.5,0.646
maiz,2016,2016/2017,Córdoba,General Roca,333500,254500,1985100,7.8,0.763
maiz,2016,2016/2017,Santiago del Estero,Silípica,3500,3050,25925,8.5,0.871
maiz,2016,2016/2017,Córdoba,Colón,32000,31500,252000,8.0,0.984
maiz,2016,2016/2017,Santiago del Estero,Choya,5000,4400,30800,7.0,0.88
maiz,2016,2016/2017,Córdoba,Pocho,4200,3600,18000,5.0,0.857
maiz,2016,2016/2017,Córdoba,Unión,237670,212470,1997218,9.4,0.894
maiz,2016,2016/2017,Córdoba,Río Segundo,120000,92000,782000,8.5,0.767
maiz,2016,2016/2017,Córdoba,Marcos Juárez,183940,164940,1599918,9.7,0.897
maiz,2016,2016/2017,Córdoba,Río Seco,50000,49000,294000,6.0,0.98
maiz,2016,2016/2017,Córdoba,Presidente Roque Sáenz Peña,163500,107200,836160,7.8,0.656
maiz,2016,2016/2017,Córdoba,Río Primero,160000,123250,1010650,8.2,0.77
maiz,2016,2016/2017,Córdoba,Río Cuarto,534610,461610,2908143,6.3,0.863
maiz,2016,2016/2017,Córdoba,San Justo,170000,112500,933750,8.3,0.662
maiz,2016,2016/2017,Córdoba,Tulumba,48000,46000,230000,5.0,0.958
maiz,2016,2016/2017,Córdoba,San Javier,3600,3500,31500,9.0,0.972
maiz,2016,2016/2017,Córdoba,San Alberto,1950,1750,9625,5.5,0.897
maiz,2016,2016/2017,Córdoba,Santa María,45000,43500,348000,8.0,0.967
maiz,2016,2016/2017,Córdoba,Totoral,94000,89000,614100,6.9,0.947
maiz,2016,2016/2017,Córdoba,Tercero Arriba,115000,90000,765000,8.5,0.783
maiz,2016,2016/2017,Córdoba,Sobremonte,3000,2500,15000,6.0,0.833
maiz,2016,2016/2017,Santiago del Estero,Capital,3500,3100,24800,8.0,0.886
maiz,2016,2016/2017,La Pampa,Conhelo,41000,6000,43800,7.3,0.146
maiz,2016,2016/2017,Entre Ríos,Paraná,37000,31000,248000,8.0,0.838
maiz,2016,2016/2017,Entre Ríos,Federación,4000,2400,16800,7.0,0.6
maiz,2016,2016/2017,Entre Ríos,Nogoyá,34000,30150,195975,6.5,0.887
maiz,2016,2016/2017,Entre Ríos,Federal,8200,6700,50250,7.5,0.817
maiz,2016,2016/2017,Entre Ríos,La Paz,18000,10400,83200,8.0,0.578
maiz,2016,2016/2017,Entre Ríos,Gualeguaychú,68000,64000,409600,6.4,0.941
maiz,2016,2016/2017,Entre Ríos,Feliciano,4000,3150,22050,7.0,0.788
maiz,2016,2016/2017,Entre Ríos,Gualeguay,40000,38200,255940,6.7,0.955
maiz,2016,2016/2017,Santiago del Estero,Belgrano,31800,26000,179400,6.9,0.818
maiz,2016,2016/2017,Salta,General José de San Martín,44500,39500,256750,6.5,0.888
maiz,2016,2016/2017,Entre Ríos,Tala,23500,22400,141120,6.3,0.953
maiz,2016,2016/2017,Entre Ríos,San Salvador,3500,3200,17280,5.4,0.914
maiz,2016,2016/2017,Jujuy,El Carmen,720,700,2100,3.0,0.972
maiz,2016,2016/2017,Jujuy,Dr. Manuel Belgrano,70,65,195,3.0,0.929
maiz,2016,2016/2017,Entre Ríos,Victoria,43000,41500,290500,7.0,0.965
maiz,2016,2016/2017,Entre Ríos,Uruguay,33000,31500,201600,6.4,0.955
maiz,2016,2016/2017,Formosa,sin definir,40000,34000,153000,4.5,0.85
maiz,2016,2016/2017,Entre Ríos,Villaguay,29500,27800,144560,5.2,0.942
maiz,2016,2016/2017,Jujuy,San Antonio,660,640,1920,3.0,0.97
maiz,2016,2016/2017,La Pampa,Chapaleufú,46300,17300,162620,9.4,0.374
maiz,2016,2016/2017,Jujuy,Palpalá,120,110,330,3.0,0.917
maiz,2016,2016/2017,Jujuy,Ledesma,70,65,195,3.0,0.929
maiz,2016,2016/2017,La Pampa,Catriló,30000,19200,97920,5.1,0.64
maiz,2016,2016/2017,Jujuy,San Pedro,2050,1950,5850,3.0,0.951
maiz,2016,2016/2017,La Pampa,Capital,22500,16000,73600,4.6,0.711
maiz,2016,2016/2017,La Pampa,Atreucó,36500,25000,90000,3.6,0.685
maiz,2016,2016/2017,Jujuy,Santa Bárbara,1554,1474,4422,3.0,0.949
maiz,2016,2016/2017,La Pampa,Rancul,48200,7700,63140,8.2,0.16
maiz,2016,2016/2017,Misiones,Concepción,50,30,84,2.8,0.6
maiz,2016,2016/2017,La Pampa,Quemú Quemú,52800,26300,220920,8.4,0.498
maiz,2016,2016/2017,La Pampa,Maracó,62900,24900,234060,9.4,0.396
maiz,2016,2016/2017,La Pampa,Guatraché,12500,4200,13020,3.1,0.336
maiz,2016,2016/2017,La Pampa,Hucal,9500,3500,9100,2.6,0.368
maiz,2016,2016/2017,Salta,General Güemes,4250,3950,25675,6.5,0.929
maiz,2016,2016/2017,La Pampa,Trenel,43000,2000,14800,7.4,0.047
maiz,2016,2016/2017,Misiones,Capital,230,50,135,2.7,0.217
maiz,2016,2016/2017,La Pampa,Toay,18000,9500,34200,3.6,0.528
maiz,2016,2016/2017,La Pampa,Realicó,44800,3800,27740,7.3,0.085
maiz,2016,2016/2017,Misiones,Candelaria,10,10,25,2.5,1.0
maiz,2016,2016/2017,Misiones,25 de Mayo,4800,4680,14040,3.0,0.975
maiz,2016,2016/2017,La Pampa,Utracán,11000,4500,11700,2.6,0.409
maiz,2016,2016/2017,Misiones,Cainguás,2500,2500,7000,2.8,1.0
maiz,2016,2016/2017,Misiones,Apóstoles,600,100,270,2.7,0.167
maiz,2016,2016/2017,Salta,Chicoana,790,740,4810,6.5,0.937
maiz,2016,2016/2017,Misiones,Montecarlo,50,20,60,3.0,0.4
maiz,2016,2016/2017,Misiones,Eldorado,100,50,140,2.8,0.5
maiz,2016,2016/2017,Misiones,Libertador General San Martín,200,200,560,2.8,1.0
maiz,2016,2016/2017,Misiones,Guaraní,9000,8800,27280,3.1,0.978
maiz,2016,2016/2017,Misiones,General Manuel Belgrano,4500,4500,14400,3.2,1.0
maiz,2016,2016/2017,Misiones,Leandro N. Alem,650,650,1755,2.7,1.0
maiz,2016,2016/2017,Misiones,Iguazú,300,300,870,2.9,1.0
maiz,2016,2016/2017,Misiones,San Javier,650,650,1755,2.7,1.0
maiz,2016,2016/2017,Salta,Cerrillos,1450,1350,8640,6.4,0.931
maiz,2016,2016/2017,Misiones,San Ignacio,100,100,260,2.6,1.0
maiz,2016,2016/2017,Misiones,Oberá,700,700,2030,2.9,1.0
maiz,2016,2016/2017,Misiones,San Pedro,2600,2600,8060,3.1,1.0
maiz,2016,2016/2017,Salta,Capital,1150,950,6175,6.5,0.826
maiz,2016,2016/2017,Salta,Cachi,70,50,240,4.8,0.714
maiz,2016,2016/2017,Salta,Anta,136000,117000,760500,6.5,0.86
maiz,2016,2016/2017,Santa Fe,San Jerónimo,49200,41400,322920,7.8,0.841
maiz,2016,2016/2017,Salta,La Viña,100,90,576,6.4,0.9
maiz,2016,2016/2017,Santiago del Estero,Banda,3500,3300,28050,8.5,0.943
maiz,2016,2016/2017,Salta,La Caldera,100,90,522,5.8,0.9
maiz,2016,2016/2017,Salta,La Candelaria,2050,2000,12800,6.4,0.976
maiz,2016,2016/2017,Salta,Rosario de la Frontera,37800,35300,225920,6.4,0.934
maiz,2016,2016/2017,San Luis,Juan Martín de Pueyrredón,23000,20350,150590,7.4,0.885
maiz,2016,2016/2017,San Luis,Gobernador Dupuy,35000,31800,165360,5.2,0.909
maiz,2016,2016/2017,Salta,Orán,3600,3300,21450,6.5,0.917
maiz,2016,2016/2017,Salta,Metán,29140,28040,190672,6.8,0.962
maiz,2016,2016/2017,San Luis,General Pedernera,218000,206000,1483200,7.2,0.945
maiz,2016,2016/2017,San Luis,Ayacucho,4300,3300,37950,11.5,0.767
maiz,2016,2016/2017,Salta,Rosario de Lerma,1150,1050,6825,6.5,0.913
maiz,2016,2016/2017,San Luis,Coronel Pringles,67000,62500,468750,7.5,0.933
maiz,2016,2016/2017,San Luis,Chacabuco,29000,27000,186300,6.9,0.931
maiz,2016,2016/2017,Santa Fe,San Javier,5500,1500,5250,3.5,0.273
maiz,2016,2016/2017,Santa Fe,Villa Constitución,30900,30700,251740,8.2,0.994
maiz,2016,2016/2017,San Luis,Junín,700,580,5220,9.0,0.829
maiz,2016,2016/2017,Santa Fe,Castellanos,120760,73760,508944,6.9,0.611
maiz,2016,2016/2017,Santa Fe,9 de Julio,75000,66500,465500,7.0,0.887
maiz,2016,2016/2017,San Luis,Libertador General San Martín,800,600,3600,6.0,0.75
maiz,2016,2016/2017,Santa Fe,Caseros,23300,23150,194460,8.4,0.994
maiz,2016,2016/2017,Santa Fe,Belgrano,21800,20700,186300,9.0,0.95
maiz,2016,2016/2017,Santa Fe,General Obligado,50000,44000,176000,4.0,0.88
maiz,2016,2016/2017,Santa Fe,San Cristóbal,26000,10400,74880,7.2,0.4
maiz,2016,2016/2017,Santa Fe,General López,230000,200000,2040000,10.2,0.87
maiz,2016,2016/2017,Santa Fe,Garay,1000,300,1920,6.4,0.3
maiz,2016,2016/2017,Santa Fe,Iriondo,35000,33300,293040,8.8,0.951
maiz,2016,2016/2017,Santa Fe,Rosario,12100,12000,96000,8.0,0.992
maiz,2016,2016/2017,Santa Fe,Las Colonias,90940,61940,452162,7.3,0.681
maiz,2016,2016/2017,Santa Fe,La Capital,8000,4400,30800,7.0,0.55
maiz,2016,2016/2017,Santiago del Estero,Avellaneda,2300,1900,12160,6.4,0.826
maiz,2016,2016/2017,Santa Fe,San Martín,69000,58600,468800,8.0,0.849
maiz,2016,2016/2017,Tucumán,Trancas,750,350,2415,6.9,0.467
maiz,2016,2016/2017,Santiago del Estero,Alberdi,95000,89600,618240,6.9,0.943
maiz,2016,2016/2017,Santa Fe,San Lorenzo,18800,18650,158525,8.5,0.992
maiz,2016,2016/2017,Santa Fe,San Justo,13000,7900,56090,7.1,0.608
maiz,2016,2016/2017,Tucumán,Cruz Alta,7500,6950,41005,5.9,0.927
maiz,2016,2016/2017,Santiago del Estero,Aguirre,18000,16600,114540,6.9,0.922
maiz,2016,2016/2017,Santa Fe,Vera,10500,3500,19250,5.5,0.333
maiz,2016,2016/2017,Tucumán,Burruyacú,33900,32600,189080,5.8,0.962
maiz,2016,2016/2017,Tucumán,Tafí del Valle,100,80,456,5.7,0.8
maiz,2016,2016/2017,Tucumán,Graneros,8400,4650,26970,5.8,0.554
maiz,2016,2016/2017,Tucumán,Simoca,500,350,2170,6.2,0.7
maiz,2016,2016/2017,Tucumán,Leales,10600,9750,57525,5.9,0.92
maiz,2016,2016/2017,Tucumán,La Cocha,4000,1700,10370,6.1,0.425
maiz,2016,2016/2017,Santiago del Estero,Pellegrini,50000,46000,391000,8.5,0.92
maiz,2016,2016/2017,Santiago del Estero,Juan F. Ibarra,55000,50900,341030,6.7,0.925
maiz,2016,2016/2017,Santiago del Estero,Sarmiento,2600,2100,14280,6.8,0.808
maiz,2016,2016/2017,Santiago del Estero,Jiménez,50000,46500,395250,8.5,0.93
maiz,2016,2016/2017,Santiago del Estero,Guasayán,5000,4400,35200,8.0,0.88
maiz,2016,2016/2017,Santiago del Estero,Moreno,220000,205400,1396720,6.8,0.934
maiz,2016,2016/2017,Santiago del Estero,Loreto,3000,2600,19500,7.5,0.867
maiz,2016,2016/2017,Santiago del Estero,Mitre,10000,9300,79050,8.5,0.93
maiz,2016,2016/2017,Santiago del Estero,San Martín,2000,1700,10200,6.0,0.85
maiz,2016,2016/2017,Santiago del Estero,Rivadavia,21200,17600,123200,7.0,0.83
maiz,2016,2016/2017,Santiago del Estero,Río Hondo,10000,8800,70400,8.0,0.88
maiz,2016,2016/2017,Santiago del Estero,Robles,3500,3050,24400,8.0,0.871
maiz,2017,2017/2018,Entre Ríos,Feliciano,3600,2240,8960,4.0,0.622
maiz,2017,2017/2018,Entre Ríos,Federal,8400,5900,29500,5.0,0.702
maiz,2017,2017/2018,Entre Ríos,Federación,3900,2760,13800,5.0,0.708
maiz,2017,2017/2018,Entre Ríos,Diamante,26000,21460,128760,6.0,0.825
maiz,2017,2017/2018,Jujuy,El Carmen,720,720,2880,4.0,1.0
maiz,2017,2017/2018,Entre Ríos,Concordia,4500,2800,12600,4.5,0.622
maiz,2017,2017/2018,Buenos Aires,Carlos Casares,38386,27676,204802,7.4,0.721
maiz,2017,2017/2018,Buenos Aires,Capitán Sarmiento,6188,6088,45051,7.4,0.984
maiz,2017,2017/2018,Buenos Aires,Cañuelas,5200,3680,22816,6.2,0.708
maiz,2017,2017/2018,Buenos Aires,Campana,3000,3000,22500,7.5,1.0
maiz,2017,2017/2018,Buenos Aires,Ayacucho,25000,25000,162500,6.5,1.0
maiz,2017,2017/2018,Buenos Aires,25 de Mayo,70204,48684,272630,5.6,0.693
maiz,2017,2017/2018,Buenos Aires,Arrecifes,23305,22985,167791,7.3,0.986
maiz,2017,2017/2018,Buenos Aires,Adolfo Alsina,30000,10920,54600,5.0,0.364
maiz,2017,2017/2018,Buenos Aires,9 de Julio,46906,33586,235102,7.0,0.716
maiz,2017,2017/2018,Buenos Aires,Alberti,25198,20908,146356,7.0,0.83
maiz,2017,2017/2018,Buenos Aires,Adolfo Gonzales Chaves,12200,9470,53979,5.7,0.776
maiz,2017,2017/2018,Buenos Aires,Balcarce,51734,36964,295712,8.0,0.715
maiz,2017,2017/2018,Buenos Aires,Brandsen,2900,1120,7280,6.5,0.386
maiz,2017,2017/2018,Buenos Aires,Azul,43900,5900,22420,3.8,0.134
maiz,2017,2017/2018,Buenos Aires,Baradero,12377,12217,85519,7.0,0.987
maiz,2017,2017/2018,Buenos Aires,Bragado,37604,31194,218358,7.0,0.83
maiz,2017,2017/2018,Buenos Aires,Bolívar,49700,48220,241100,5.0,0.97
maiz,2017,2017/2018,Buenos Aires,Benito Juárez,17783,8183,27004,3.3,0.46
maiz,2017,2017/2018,Buenos Aires,Roque Pérez,20000,13870,77672,5.6,0.694
maiz,2017,2017/2018,Entre Ríos,Colón,6000,4640,13920,3.0,0.773
maiz,2017,2017/2018,Buenos Aires,General Villegas,113746,100866,726235,7.2,0.887
maiz,2017,2017/2018,Buenos Aires,Coronel Suárez,34340,26520,132600,5.0,0.772
maiz,2017,2017/2018,Buenos Aires,Chacabuco,32000,28930,240119,8.3,0.904
maiz,2017,2017/2018,Buenos Aires,Coronel Pringles,30280,24980,132394,5.3,0.825
maiz,2017,2017/2018,Buenos Aires,Castelli,13700,12220,73320,6.0,0.892
maiz,2017,2017/2018,Buenos Aires,Carlos Tejedor,36761,28131,182852,6.5,0.765
maiz,2017,2017/2018,Buenos Aires,Carmen de Areco,18000,14410,112398,7.8,0.801
maiz,2017,2017/2018,Buenos Aires,Chivilcoy,32697,28987,202909,7.0,0.887
maiz,2017,2017/2018,Buenos Aires,Chascomús,12000,8670,64592,7.45,0.722
maiz,2017,2017/2018,Buenos Aires,Coronel Dorrego,45530,32780,173734,5.3,0.72
maiz,2017,2017/2018,Buenos Aires,Coronel de Marina Leonardo Rosales,1540,540,2160,4.0,0.351
maiz,2017,2017/2018,Buenos Aires,Colón,16717,16507,135357,8.2,0.987
maiz,2017,2017/2018,Buenos Aires,General Belgrano,14166,9827,55031,5.6,0.694
maiz,2017,2017/2018,Buenos Aires,Dolores,3700,2560,15360,6.0,0.692
maiz,2017,2017/2018,Buenos Aires,Daireaux,47000,45520,227600,5.0,0.969
maiz,2017,2017/2018,Buenos Aires,General Viamonte,34529,29179,221760,7.6,0.845
maiz,2017,2017/2018,Buenos Aires,General Arenales,27000,23390,198815,8.5,0.866
maiz,2017,2017/2018,Buenos Aires,Florentino Ameghino,28834,26274,223329,8.5,0.911
maiz,2017,2017/2018,Buenos Aires,Exaltación de la Cruz,2900,2850,21375,7.5,0.983
maiz,2017,2017/2018,Buenos Aires,General Alvear,10000,9090,45450,5.0,0.909
maiz,2017,2017/2018,Buenos Aires,General Alvarado,23607,18437,110622,6.0,0.781
maiz,2017,2017/2018,Buenos Aires,General Las Heras,1000,360,2178,6.05,0.36
maiz,2017,2017/2018,Buenos Aires,General Rodríguez,600,160,960,6.0,0.267
maiz,2017,2017/2018,Buenos Aires,General La Madrid,27400,19040,95200,5.0,0.695
maiz,2017,2017/2018,Buenos Aires,General Guido,5600,5030,34204,6.8,0.898
maiz,2017,2017/2018,Buenos Aires,General Juan Madariaga,20900,20900,167200,8.0,1.0
maiz,2017,2017/2018,Buenos Aires,General Lavalle,1500,1050,7140,6.8,0.7
maiz,2017,2017/2018,Buenos Aires,General Pueyrredón,12043,7613,57098,7.5,0.632
maiz,2017,2017/2018,Buenos Aires,General Pinto,35506,31206,268372,8.6,0.879
maiz,2017,2017/2018,Buenos Aires,General Paz,1800,1180,8142,6.9,0.656
maiz,2017,2017/2018,Buenos Aires,Rojas,34000,31430,279727,8.9,0.924
maiz,2017,2017/2018,Buenos Aires,Laprida,14990,14990,74950,5.0,1.0
maiz,2017,2017/2018,Buenos Aires,La Plata,500,230,1495,6.5,0.46
maiz,2017,2017/2018,Buenos Aires,Marcos Paz,800,130,767,5.9,0.162
maiz,2017,2017/2018,Buenos Aires,Junín,34000,28020,243774,8.7,0.824
maiz,2017,2017/2018,Buenos Aires,Guaminí,26000,12140,60700,5.0,0.467
maiz,2017,2017/2018,Buenos Aires,Hipólito Yrigoyen,39700,38220,191100,5.0,0.963
maiz,2017,2017/2018,Buenos Aires,Lobería,57875,37195,204573,5.5,0.643
maiz,2017,2017/2018,Buenos Aires,Mar Chiquita,21000,21000,157500,7.5,1.0
maiz,2017,2017/2018,Buenos Aires,Lincoln,66423,58393,455465,7.8,0.879
maiz,2017,2017/2018,Buenos Aires,Las Flores,23985,16635,93156,5.6,0.694
maiz,2017,2017/2018,Buenos Aires,Leandro N. Alem,26655,23825,200130,8.4,0.894
maiz,2017,2017/2018,Buenos Aires,Lobos,23000,15952,89331,5.6,0.694
maiz,2017,2017/2018,Buenos Aires,Maipú,10700,10700,85600,8.0,1.0
maiz,2017,2017/2018,Buenos Aires,Magdalena,5700,3800,26220,6.9,0.667
maiz,2017,2017/2018,Buenos Aires,Luján,2500,1190,7735,6.5,0.476
maiz,2017,2017/2018,Buenos Aires,Rivadavia,86386,73006,511042,7.0,0.845
maiz,2017,2017/2018,Buenos Aires,Pehuajó,69812,57062,399434,7.0,0.817
maiz,2017,2017/2018,Buenos Aires,Mercedes,9022,7482,37410,5.0,0.829
maiz,2017,2017/2018,Buenos Aires,Patagones,5280,2180,16132,7.4,0.413
maiz,2017,2017/2018,Buenos Aires,Navarro,22000,15255,85428,5.6,0.693
maiz,2017,2017/2018,Buenos Aires,Monte,18000,12485,69916,5.6,0.694
maiz,2017,2017/2018,Buenos Aires,Olavarría,33000,31520,157600,5.0,0.955
maiz,2017,2017/2018,Buenos Aires,Necochea,44470,38780,240436,6.2,0.872
maiz,2017,2017/2018,Buenos Aires,Pila,10000,10000,70000,7.0,1.0
maiz,2017,2017/2018,Buenos Aires,Rauch,13100,13100,85150,6.5,1.0
maiz,2017,2017/2018,Buenos Aires,Pergamino,44631,44211,353688,8.0,0.991
maiz,2017,2017/2018,Buenos Aires,Pellegrini,16000,8050,45885,5.7,0.503
maiz,2017,2017/2018,Buenos Aires,Pilar,377,117,702,6.0,0.31
maiz,2017,2017/2018,Buenos Aires,Ramallo,8135,7975,57420,7.2,0.98
maiz,2017,2017/2018,Buenos Aires,Punta Indio,900,260,1742,6.7,0.289
maiz,2017,2017/2018,Buenos Aires,Puán,20730,11210,56050,5.0,0.541
maiz,2017,2017/2018,Chaco,General Belgrano,13670,12150,65610,5.4,0.889
maiz,2017,2017/2018,Buenos Aires,Tordillo,1000,200,1100,5.5,0.2
maiz,2017,2017/2018,Buenos Aires,Saladillo,37717,26158,146485,5.6,0.694
maiz,2017,2017/2018,Buenos Aires,Salliqueló,8000,3460,19722,5.7,0.432
maiz,2017,2017/2018,Buenos Aires,Saavedra,13240,8630,43150,5.0,0.652
maiz,2017,2017/2018,Buenos Aires,Salto,24069,23809,190472,8.0,0.989
maiz,2017,2017/2018,Buenos Aires,Tapalqué,2500,2500,12500,5.0,1.0
maiz,2017,2017/2018,Buenos Aires,San Cayetano,28900,24080,127624,5.3,0.833
maiz,2017,2017/2018,Buenos Aires,San Antonio de Areco,20993,20783,145481,7.0,0.99
maiz,2017,2017/2018,Buenos Aires,San Andrés de Giles,13000,9410,63047,6.7,0.724
maiz,2017,2017/2018,Buenos Aires,Tandil,62159,38529,231174,6.0,0.62
maiz,2017,2017/2018,Buenos Aires,San Pedro,15583,15423,109503,7.1,0.99
maiz,2017,2017/2018,Buenos Aires,San Nicolás,4829,4729,34995,7.4,0.979
maiz,2017,2017/2018,Buenos Aires,Suipacha,9659,7469,37345,5.0,0.773
maiz,2017,2017/2018,Buenos Aires,San Vicente,823,443,2791,6.3,0.538
maiz,2017,2017/2018,Catamarca,El Alto,550,410,1640,4.0,0.745
maiz,2017,2017/2018,Buenos Aires,Tornquist,16410,13470,67350,5.0,0.821
maiz,2017,2017/2018,Chaco,Fray Justo Santa María de Oro,5960,5250,27300,5.2,0.881
maiz,2017,2017/2018,Buenos Aires,Trenque Lauquen,107167,80857,549828,6.8,0.754
maiz,2017,2017/2018,Buenos Aires,Zárate,2300,2300,17020,7.4,1.0
maiz,2017,2017/2018,Buenos Aires,Villarino,7480,3680,27232,7.4,0.492
maiz,2017,2017/2018,Buenos Aires,Tres Arroyos,68200,44530,249368,5.6,0.653
maiz,2017,2017/2018,Buenos Aires,Tres Lomas,10000,5460,32760,6.0,0.546
maiz,2017,2017/2018,Chaco,2 de Abril,25800,23010,119652,5.2,0.892
maiz,2017,2017/2018,Corrientes,sin definir,10000,10000,40000,4.0,1.0
maiz,2017,2017/2018,Chaco,Comandante Fernández,8420,7250,30450,4.2,0.861
maiz,2017,2017/2018,Chaco,12 de Octubre,34340,30446,170498,5.6,0.887
maiz,2017,2017/2018,Catamarca,Santa Rosa,12800,12200,82960,6.8,0.953
maiz,2017,2017/2018,Chaco,25 de Mayo,660,600,2280,3.8,0.909
maiz,2017,2017/2018,Chaco,Chacabuco,23020,20405,118349,5.8,0.886
maiz,2017,2017/2018,Chaco,Almirante Brown,89760,86360,423164,4.9,0.962
maiz,2017,2017/2018,Chaco,9 de Julio,34610,30701,178066,5.8,0.887
maiz,2017,2017/2018,Chaco,Mayor Luis J. Fontana,11450,10170,56952,5.6,0.888
maiz,2017,2017/2018,Córdoba,Unión,245620,230120,1933008,8.4,0.937
maiz,2017,2017/2018,Chaco,Maipú,15670,14370,68976,4.8,0.917
maiz,2017,2017/2018,Córdoba,General Roca,298000,268000,1742000,6.5,0.899
maiz,2017,2017/2018,Chaco,Libertador General San Martín,2750,2550,9435,3.7,0.927
maiz,2017,2017/2018,Chaco,General Güemes,40690,39940,179730,4.5,0.982
maiz,2017,2017/2018,Chaco,Independencia,24270,22330,93786,4.2,0.92
maiz,2017,2017/2018,Chaco,Quitilipi,1590,1470,7056,4.8,0.925
maiz,2017,2017/2018,Córdoba,Colón,34000,31115,152464,4.9,0.915
maiz,2017,2017/2018,Chaco,Presidencia de la Plaza,130,100,320,3.2,0.769
maiz,2017,2017/2018,Chaco,O'Higgins,5960,5100,26520,5.2,0.856
maiz,2017,2017/2018,Córdoba,Capital,1200,1200,7200,6.0,1.0
maiz,2017,2017/2018,Chaco,San Lorenzo,2220,1968,9053,4.6,0.886
maiz,2017,2017/2018,Chaco,San Fernando,2950,2640,12408,4.7,0.895
maiz,2017,2017/2018,Córdoba,Calamuchita,25008,22738,125059,5.5,0.909
maiz,2017,2017/2018,Chaco,Sargento Cabral,1060,950,4750,5.0,0.896
maiz,2017,2017/2018,Córdoba,Tulumba,55000,52130,302354,5.8,0.948
maiz,2017,2017/2018,Córdoba,Río Cuarto,462607,352607,1586732,4.5,0.762
maiz,2017,2017/2018,Córdoba,General San Martín,119000,45160,293540,6.5,0.379
maiz,2017,2017/2018,Córdoba,Ischilín,8000,6585,39510,6.0,0.823
maiz,2017,2017/2018,Córdoba,Presidente Roque Sáenz Peña,186000,163000,1075800,6.6,0.876
maiz,2017,2017/2018,Córdoba,Pocho,4200,3630,19965,5.5,0.864
maiz,2017,2017/2018,Córdoba,Juárez Celman,213565,161565,807825,5.0,0.757
maiz,2017,2017/2018,Córdoba,Marcos Juárez,183302,172712,1537137,8.9,0.942
maiz,2017,2017/2018,Córdoba,Río Primero,168970,98410,452686,4.6,0.582
maiz,2017,2017/2018,Córdoba,Totoral,99000,94840,521620,5.5,0.958
maiz,2017,2017/2018,Córdoba,San Alberto,1950,1950,11700,6.0,1.0
maiz,2017,2017/2018,Córdoba,Río Segundo,130000,66380,464660,7.0,0.511
maiz,2017,2017/2018,Córdoba,Río Seco,50300,44620,303416,6.8,0.887
maiz,2017,2017/2018,Córdoba,San Javier,3000,3000,27000,9.0,1.0
maiz,2017,2017/2018,Córdoba,Tercero Arriba,170000,112060,672360,6.0,0.659
maiz,2017,2017/2018,Córdoba,Santa María,56000,56000,392000,7.0,1.0
maiz,2017,2017/2018,Córdoba,San Justo,289730,152700,809310,5.3,0.527
maiz,2017,2017/2018,Jujuy,San Antonio,660,660,2640,4.0,1.0
maiz,2017,2017/2018,Entre Ríos,San Salvador,3000,1860,5580,3.0,0.62
maiz,2017,2017/2018,Entre Ríos,Paraná,59500,47000,258500,5.5,0.79
maiz,2017,2017/2018,Entre Ríos,Tala,15500,13230,59535,4.5,0.854
maiz,2017,2017/2018,Entre Ríos,Uruguay,32000,28590,114360,4.0,0.893
maiz,2017,2017/2018,Entre Ríos,Nogoyá,42500,38520,154080,4.0,0.906
maiz,2017,2017/2018,Tucumán,Burruyacú,42200,41050,266825,6.5,0.973
maiz,2017,2017/2018,Jujuy,Palpalá,120,120,480,4.0,1.0
maiz,2017,2017/2018,Entre Ríos,Gualeguay,45000,42390,233145,5.5,0.942
maiz,2017,2017/2018,Entre Ríos,La Paz,19100,12280,61400,5.0,0.643
maiz,2017,2017/2018,Jujuy,Ledesma,70,70,280,4.0,1.0
maiz,2017,2017/2018,Jujuy,Dr. Manuel Belgrano,70,70,280,4.0,1.0
maiz,2017,2017/2018,Entre Ríos,Victoria,48000,43460,195570,4.5,0.905
maiz,2017,2017/2018,Entre Ríos,Gualeguaychú,63000,60160,300800,5.0,0.955
maiz,2017,2017/2018,Formosa,sin definir,70000,69430,298549,4.3,0.992
maiz,2017,2017/2018,Entre Ríos,Villaguay,35000,33300,133200,4.0,0.951
maiz,2017,2017/2018,Misiones,San Pedro,2700,2700,8640,3.2,1.0
maiz,2017,2017/2018,La Pampa,Toay,5100,2600,6500,2.5,0.51
maiz,2017,2017/2018,La Pampa,Capital,20600,11280,39480,3.5,0.548
maiz,2017,2017/2018,La Pampa,Atreucó,35100,19200,67200,3.5,0.547
maiz,2017,2017/2018,Jujuy,Santa Bárbara,1550,1320,5280,4.0,0.852
maiz,2017,2017/2018,Jujuy,San Pedro,2050,1710,6840,4.0,0.834
maiz,2017,2017/2018,La Pampa,Guatraché,16800,9190,27570,3.0,0.547
maiz,2017,2017/2018,La Pampa,Conhelo,42900,25150,163475,6.5,0.586
maiz,2017,2017/2018,La Pampa,Catriló,42500,30460,152300,5.0,0.717
maiz,2017,2017/2018,La Pampa,Chapaleufú,43300,36590,285402,7.8,0.845
maiz,2017,2017/2018,La Pampa,Realicó,36900,9220,64540,7.0,0.25
maiz,2017,2017/2018,La Pampa,Hucal,11400,6740,13480,2.0,0.591
maiz,2017,2017/2018,La Pampa,Rancul,51800,17430,122010,7.0,0.336
maiz,2017,2017/2018,La Pampa,Quemú Quemú,55900,25080,188100,7.5,0.449
maiz,2017,2017/2018,La Pampa,Maracó,48000,19550,146625,7.5,0.407
maiz,2017,2017/2018,Misiones,San Javier,650,650,1950,3.0,1.0
maiz,2017,2017/2018,Misiones,Capital,300,100,310,3.1,0.333
maiz,2017,2017/2018,La Pampa,Trenel,39900,6760,43940,6.5,0.169
maiz,2017,2017/2018,Misiones,San Ignacio,100,100,290,2.9,1.0
maiz,2017,2017/2018,Misiones,Candelaria,10,10,27,2.7,1.0
maiz,2017,2017/2018,Misiones,25 de Mayo,4900,4780,15774,3.3,0.976
maiz,2017,2017/2018,La Pampa,Utracán,8200,5470,10940,2.0,0.667
maiz,2017,2017/2018,Misiones,Cainguás,2700,2700,8100,3.0,1.0
maiz,2017,2017/2018,Misiones,Apóstoles,600,100,290,2.9,0.167
maiz,2017,2017/2018,Misiones,Guaraní,9000,8800,29040,3.3,0.978
maiz,2017,2017/2018,Misiones,General Manuel Belgrano,4700,4700,15980,3.4,1.0
maiz,2017,2017/2018,Misiones,Concepción,50,30,93,3.1,0.6
maiz,2017,2017/2018,Misiones,Eldorado,100,50,150,3.0,0.5
maiz,2017,2017/2018,Misiones,Oberá,800,800,2400,3.0,1.0
maiz,2017,2017/2018,Misiones,Iguazú,400,400,1240,3.1,1.0
maiz,2017,2017/2018,Misiones,Montecarlo,50,20,62,3.1,0.4
maiz,2017,2017/2018,Misiones,Libertador General San Martín,300,200,640,3.2,0.667
maiz,2017,2017/2018,Misiones,Leandro N. Alem,700,700,2030,2.9,1.0
maiz,2017,2017/2018,Salta,Rosario de la Frontera,41337,38067,224595,5.9,0.921
maiz,2017,2017/2018,Santiago del Estero,Silípica,5000,3640,27300,7.5,0.728
maiz,2017,2017/2018,Santa Fe,General Obligado,71500,42400,106000,2.5,0.593
maiz,2017,2017/2018,Salta,Anta,136700,124700,748200,6.0,0.912
maiz,2017,2017/2018,Salta,Cachi,70,70,350,5.0,1.0
maiz,2017,2017/2018,Salta,Capital,1150,1150,7130,6.2,1.0
maiz,2017,2017/2018,Salta,Orán,4170,3810,22479,5.9,0.914
maiz,2017,2017/2018,Salta,General Güemes,4250,4250,25500,6.0,1.0
maiz,2017,2017/2018,Salta,Chicoana,790,790,4740,6.0,1.0
maiz,2017,2017/2018,Salta,Cerrillos,1450,1450,9135,6.3,1.0
maiz,2017,2017/2018,Salta,Metán,35340,32610,195660,6.0,0.923
maiz,2017,2017/2018,Salta,La Caldera,100,100,560,5.6,1.0
maiz,2017,2017/2018,Salta,General José de San Martín,44543,41813,250878,6.0,0.939
maiz,2017,2017/2018,Salta,La Viña,100,100,580,5.8,1.0
maiz,2017,2017/2018,Salta,La Candelaria,2050,2050,11890,5.8,1.0
maiz,2017,2017/2018,Santa Fe,General López,214813,195733,1702877,8.7,0.911
maiz,2017,2017/2018,San Luis,Juan Martín de Pueyrredón,24000,21730,102131,4.7,0.905
maiz,2017,2017/2018,Salta,Rosario de Lerma,1150,1150,6900,6.0,1.0
maiz,2017,2017/2018,San Luis,Gobernador Dupuy,36000,30320,115216,3.8,0.842
maiz,2017,2017/2018,San Luis,Chacabuco,28000,23460,91494,3.9,0.838
maiz,2017,2017/2018,San Luis,Ayacucho,4500,4500,54000,12.0,1.0
maiz,2017,2017/2018,San Luis,General Pedernera,215000,195000,741000,3.8,0.907
maiz,2017,2017/2018,San Luis,Coronel Pringles,69000,57000,273600,4.8,0.826
maiz,2017,2017/2018,Santa Fe,9 de Julio,107900,50860,178010,3.5,0.471
maiz,2017,2017/2018,Santa Fe,Garay,1000,490,2450,5.0,0.49
maiz,2017,2017/2018,San Luis,Libertador General San Martín,800,570,1995,3.5,0.712
maiz,2017,2017/2018,San Luis,Junín,750,580,3190,5.5,0.773
maiz,2017,2017/2018,Santa Fe,Belgrano,44650,41240,350540,8.5,0.924
maiz,2017,2017/2018,Santa Fe,Villa Constitución,28400,28400,210160,7.4,1.0
maiz,2017,2017/2018,Santa Fe,Castellanos,116170,48800,253760,5.2,0.42
maiz,2017,2017/2018,Santa Fe,Caseros,48200,48200,356680,7.4,1.0
maiz,2017,2017/2018,Santiago del Estero,Banda,4000,2890,20230,7.0,0.722
maiz,2017,2017/2018,Santa Fe,San Cristóbal,28000,6190,22284,3.6,0.221
maiz,2017,2017/2018,Santiago del Estero,Sarmiento,2700,2160,11880,5.5,0.8
maiz,2017,2017/2018,Santa Fe,Rosario,17500,17500,126000,7.2,1.0
maiz,2017,2017/2018,Santa Fe,Las Colonias,110530,52330,266883,5.1,0.473
maiz,2017,2017/2018,Santa Fe,Iriondo,51400,51400,411200,8.0,1.0
maiz,2017,2017/2018,Santa Fe,La Capital,9000,3700,18500,5.0,0.411
maiz,2017,2017/2018,Santa Fe,San Lorenzo,22200,22200,164280,7.4,1.0
maiz,2017,2017/2018,Santiago del Estero,Avellaneda,2500,1930,9650,5.0,0.772
maiz,2017,2017/2018,Santa Fe,San Justo,15000,7500,35250,4.7,0.5
maiz,2017,2017/2018,Santa Fe,San Javier,12000,2360,7080,3.0,0.197
maiz,2017,2017/2018,Santa Fe,San Jerónimo,49800,49800,348600,7.0,1.0
maiz,2017,2017/2018,Santa Fe,San Martín,101350,78630,589725,7.5,0.776
maiz,2017,2017/2018,Santiago del Estero,Alberdi,76910,73290,439740,6.0,0.953
maiz,2017,2017/2018,Santiago del Estero,Aguirre,21000,15380,76900,5.0,0.732
maiz,2017,2017/2018,Santa Fe,Vera,25000,8400,29400,3.5,0.336
maiz,2017,2017/2018,Santiago del Estero,Belgrano,38000,31420,157100,5.0,0.827
maiz,2017,2017/2018,Santiago del Estero,San Martín,3000,2160,15120,7.0,0.72
maiz,2017,2017/2018,Santiago del Estero,Guasayán,8000,6890,41340,6.0,0.861
maiz,2017,2017/2018,Santiago del Estero,Choya,6000,4300,23650,5.5,0.717
maiz,2017,2017/2018,Santiago del Estero,Capital,4000,2890,21675,7.5,0.722
maiz,2017,2017/2018,Santiago del Estero,General Taboada,93000,79210,435655,5.5,0.852
maiz,2017,2017/2018,Santiago del Estero,Figueroa,3000,2160,11880,5.5,0.72
maiz,2017,2017/2018,Santiago del Estero,Copo,6500,5490,30195,5.5,0.845
maiz,2017,2017/2018,Santiago del Estero,Jiménez,70000,65000,455000,7.0,0.929
maiz,2017,2017/2018,Santiago del Estero,Robles,4000,2890,21675,7.5,0.722
maiz,2017,2017/2018,Santiago del Estero,Mitre,15000,10800,43200,4.0,0.72
maiz,2017,2017/2018,Santiago del Estero,Loreto,3000,2170,14105,6.5,0.723
maiz,2017,2017/2018,Santiago del Estero,Juan F. Ibarra,62000,54680,300740,5.5,0.882
maiz,2017,2017/2018,Santiago del Estero,Moreno,220580,189260,1040930,5.5,0.858
maiz,2017,2017/2018,Santiago del Estero,Rivadavia,13700,4780,28680,6.0,0.349
maiz,2017,2017/2018,Santiago del Estero,Río Hondo,10000,7160,50120,7.0,0.716
maiz,2017,2017/2018,Santiago del Estero,Pellegrini,60000,55000,385000,7.0,0.917
maiz,2017,2017/2018,Tucumán,Leales,11300,10310,67015,6.5,0.912
maiz,2017,2017/2018,Tucumán,La Cocha,4900,4130,26845,6.5,0.843
maiz,2017,2017/2018,Tucumán,Cruz Alta,9600,9220,64540,7.0,0.96
maiz,2017,2017/2018,Tucumán,Graneros,10400,9650,62725,6.5,0.928
maiz,2017,2017/2018,Tucumán,Simoca,600,490,3185,6.5,0.817
maiz,2017,2017/2018,Tucumán,Trancas,750,240,1800,7.5,0.32
maiz,2017,2017/2018,Tucumán,Tafí del Valle,100,100,0,0.0,1.0
maiz,2018,2018/2019,Buenos Aires,Marcos Paz,900,180,1530,8.5,0.2
maiz,2018,2018/2019,San Luis,Coronel Pringles,65000,57000,319200,5.6,0.877
maiz,2018,2018/2019,Buenos Aires,Mercedes,7300,6497,58473,9.0,0.89
maiz,2018,2018/2019,Buenos Aires,Lobos,14900,8978,80802,9.0,0.603
maiz,2018,2018/2019,Córdoba,Calamuchita,32500,30460,207128,6.8,0.937
maiz,2018,2018/2019,Buenos Aires,Las Flores,21000,15851,126808,8.0,0.755
maiz,2018,2018/2019,Buenos Aires,Lobería,42300,33860,287810,8.5,0.8
maiz,2018,2018/2019,Buenos Aires,Adolfo Alsina,45000,23500,169200,7.2,0.522
maiz,2018,2018/2019,Buenos Aires,9 de Julio,70600,62829,565457,9.0,0.89
maiz,2018,2018/2019,Buenos Aires,25 de Mayo,50300,32226,273921,8.5,0.641
maiz,2018,2018/2019,Buenos Aires,Castelli,12900,3320,23240,7.0,0.257
maiz,2018,2018/2019,Buenos Aires,Balcarce,48300,34800,295800,8.5,0.72
maiz,2018,2018/2019,Buenos Aires,Adolfo Gonzales Chaves,10000,8000,52800,6.6,0.8
maiz,2018,2018/2019,Buenos Aires,Carmen de Areco,16000,14000,135800,9.7,0.875
maiz,2018,2018/2019,Buenos Aires,Arrecifes,17800,16900,185900,11.0,0.949
maiz,2018,2018/2019,Buenos Aires,Alberti,26000,23093,207834,9.0,0.888
maiz,2018,2018/2019,Buenos Aires,Azul,50900,38200,286500,7.5,0.75
maiz,2018,2018/2019,Buenos Aires,Ayacucho,27000,18535,129745,7.0,0.686
maiz,2018,2018/2019,Buenos Aires,Carlos Tejedor,37000,29685,273102,9.2,0.802
maiz,2018,2018/2019,Buenos Aires,Baradero,20000,19250,202125,10.5,0.962
maiz,2018,2018/2019,Buenos Aires,Brandsen,2500,500,4250,8.5,0.2
maiz,2018,2018/2019,Buenos Aires,Bragado,36000,32031,288281,9.0,0.89
maiz,2018,2018/2019,Buenos Aires,Benito Juárez,33000,23100,138600,6.0,0.7
maiz,2018,2018/2019,Buenos Aires,Bolívar,43000,35000,308000,8.8,0.814
maiz,2018,2018/2019,Buenos Aires,Campana,3000,3000,33000,11.0,1.0
maiz,2018,2018/2019,Buenos Aires,Carlos Casares,39000,28120,258704,9.2,0.721
maiz,2018,2018/2019,Buenos Aires,Capitán Sarmiento,7300,6950,76450,11.0,0.952
maiz,2018,2018/2019,Buenos Aires,Cañuelas,5000,3560,30260,8.5,0.712
maiz,2018,2018/2019,Chaco,Sargento Cabral,1130,880,4840,5.5,0.779
maiz,2018,2018/2019,Buenos Aires,Laprida,11100,8600,55040,6.4,0.775
maiz,2018,2018/2019,Buenos Aires,Coronel de Marina Leonardo Rosales,3500,340,1360,4.0,0.097
maiz,2018,2018/2019,Buenos Aires,Colón,14500,13750,155375,11.3,0.948
maiz,2018,2018/2019,Buenos Aires,General Arenales,27800,26300,263000,10.0,0.946
maiz,2018,2018/2019,Buenos Aires,Chivilcoy,30800,27410,246688,9.0,0.89
maiz,2018,2018/2019,Buenos Aires,Chacabuco,36500,34000,357000,10.5,0.932
maiz,2018,2018/2019,Buenos Aires,Chascomús,12500,7000,59500,8.5,0.56
maiz,2018,2018/2019,Buenos Aires,Daireaux,40000,32000,281600,8.8,0.8
maiz,2018,2018/2019,Buenos Aires,General Alvear,10000,6000,46800,7.8,0.6
maiz,2018,2018/2019,Buenos Aires,Coronel Suárez,31000,15500,93000,6.0,0.5
maiz,2018,2018/2019,Buenos Aires,Coronel Dorrego,48000,40000,244000,6.1,0.833
maiz,2018,2018/2019,Buenos Aires,Coronel Pringles,19000,15000,99000,6.6,0.789
maiz,2018,2018/2019,Buenos Aires,Dolores,3500,530,3339,6.3,0.151
maiz,2018,2018/2019,Buenos Aires,General Alvarado,17700,17700,153990,8.7,1.0
maiz,2018,2018/2019,Buenos Aires,Florentino Ameghino,29000,24807,253031,10.2,0.855
maiz,2018,2018/2019,Buenos Aires,Exaltación de la Cruz,3000,3000,32400,10.8,1.0
maiz,2018,2018/2019,Buenos Aires,La Plata,500,210,1785,8.5,0.42
maiz,2018,2018/2019,Buenos Aires,General Paz,1800,1080,9180,8.5,0.6
maiz,2018,2018/2019,Buenos Aires,General Belgrano,13400,9753,78024,8.0,0.728
maiz,2018,2018/2019,Buenos Aires,General Lavalle,1500,906,6342,7.0,0.604
maiz,2018,2018/2019,Buenos Aires,General Juan Madariaga,23000,19436,161319,8.3,0.845
maiz,2018,2018/2019,Buenos Aires,General Guido,6300,5364,36475,6.8,0.851
maiz,2018,2018/2019,Buenos Aires,General Las Heras,1000,280,2380,8.5,0.28
maiz,2018,2018/2019,Buenos Aires,General La Madrid,25000,14600,80300,5.5,0.584
maiz,2018,2018/2019,Buenos Aires,General Rodríguez,600,170,1445,8.5,0.283
maiz,2018,2018/2019,Buenos Aires,Junín,36800,35000,357000,10.2,0.951
maiz,2018,2018/2019,Buenos Aires,General Pueyrredón,11000,11000,99000,9.0,1.0
maiz,2018,2018/2019,Buenos Aires,General Pinto,37000,31330,318000,10.15,0.847
maiz,2018,2018/2019,Buenos Aires,General Viamonte,34000,29902,302010,10.1,0.879
maiz,2018,2018/2019,Buenos Aires,Hipólito Yrigoyen,29000,25000,220000,8.8,0.862
maiz,2018,2018/2019,Buenos Aires,Guaminí,41000,23000,172500,7.5,0.561
maiz,2018,2018/2019,Buenos Aires,General Villegas,110000,100600,1036180,10.3,0.915
maiz,2018,2018/2019,Chaco,San Lorenzo,980,705,3173,4.501,0.719
maiz,2018,2018/2019,Buenos Aires,San Nicolás,4130,3580,38664,10.8,0.867
maiz,2018,2018/2019,Buenos Aires,Lincoln,81000,71495,732824,10.25,0.883
maiz,2018,2018/2019,Buenos Aires,Leandro N. Alem,26500,22880,237952,10.4,0.863
maiz,2018,2018/2019,Buenos Aires,Pellegrini,31000,17000,136000,8.0,0.548
maiz,2018,2018/2019,Buenos Aires,Luján,2600,350,2975,8.5,0.135
maiz,2018,2018/2019,Buenos Aires,Pehuajó,72000,63290,582268,9.2,0.879
maiz,2018,2018/2019,Buenos Aires,Mar Chiquita,22000,18436,143800,7.8,0.838
maiz,2018,2018/2019,Buenos Aires,Maipú,8000,6690,50844,7.6,0.836
maiz,2018,2018/2019,Buenos Aires,Magdalena,3900,1600,13600,8.5,0.41
maiz,2018,2018/2019,Buenos Aires,Patagones,6600,4640,34800,7.5,0.703
maiz,2018,2018/2019,Buenos Aires,Navarro,11400,5736,48756,8.5,0.503
maiz,2018,2018/2019,Buenos Aires,Monte,17000,12366,98928,8.0,0.727
maiz,2018,2018/2019,Buenos Aires,Olavarría,30000,22000,171600,7.8,0.733
maiz,2018,2018/2019,Buenos Aires,Necochea,32200,27200,184960,6.8,0.845
maiz,2018,2018/2019,Buenos Aires,Rivadavia,84000,74866,688471,9.196,0.891
maiz,2018,2018/2019,Buenos Aires,Pila,10000,5130,36936,7.2,0.513
maiz,2018,2018/2019,Buenos Aires,Pergamino,36200,34500,407100,11.8,0.953
maiz,2018,2018/2019,Buenos Aires,San Cayetano,23600,19400,128040,6.6,0.822
maiz,2018,2018/2019,Buenos Aires,Rauch,13500,11050,75140,6.8,0.819
maiz,2018,2018/2019,Buenos Aires,Puán,26000,19800,99000,5.0,0.762
maiz,2018,2018/2019,Buenos Aires,Pilar,500,290,2465,8.5,0.58
maiz,2018,2018/2019,Buenos Aires,Ramallo,10800,10100,106050,10.5,0.935
maiz,2018,2018/2019,Buenos Aires,Punta Indio,900,180,1530,8.5,0.2
maiz,2018,2018/2019,Buenos Aires,Saavedra,18000,13800,64860,4.7,0.767
maiz,2018,2018/2019,Buenos Aires,San Antonio de Areco,16300,15200,161120,10.6,0.933
maiz,2018,2018/2019,Buenos Aires,Roque Pérez,14800,9786,78288,8.0,0.661
maiz,2018,2018/2019,Buenos Aires,Rojas,35500,34000,357000,10.5,0.958
maiz,2018,2018/2019,Buenos Aires,Saladillo,29300,19761,167969,8.5,0.674
maiz,2018,2018/2019,Buenos Aires,San Andrés de Giles,13800,12300,110700,9.0,0.891
maiz,2018,2018/2019,Buenos Aires,Salto,19100,18000,210600,11.7,0.942
maiz,2018,2018/2019,Buenos Aires,Salliqueló,13000,6500,52000,8.0,0.5
maiz,2018,2018/2019,Buenos Aires,Tapalqué,2500,2500,19500,7.8,1.0
maiz,2018,2018/2019,Buenos Aires,Tandil,45900,34400,282080,8.2,0.749
maiz,2018,2018/2019,Chaco,12 de Octubre,27100,21720,123804,5.7,0.801
maiz,2018,2018/2019,Buenos Aires,Suipacha,12800,11480,103320,9.0,0.897
maiz,2018,2018/2019,Buenos Aires,San Pedro,8210,7610,79905,10.5,0.927
maiz,2018,2018/2019,Buenos Aires,San Vicente,800,450,3825,8.5,0.562
maiz,2018,2018/2019,Buenos Aires,Tres Arroyos,69800,56800,374880,6.6,0.814
maiz,2018,2018/2019,Catamarca,Santa Rosa,19500,18500,138750,7.5,0.949
maiz,2018,2018/2019,Buenos Aires,Trenque Lauquen,108000,77752,684218,8.8,0.72
maiz,2018,2018/2019,Buenos Aires,Tornquist,20000,16800,78960,4.7,0.84
maiz,2018,2018/2019,Buenos Aires,Tres Lomas,25000,15000,120000,8.0,0.6
maiz,2018,2018/2019,Catamarca,El Alto,560,560,3920,7.0,1.0
maiz,2018,2018/2019,Buenos Aires,Zárate,2500,2500,27000,10.8,1.0
maiz,2018,2018/2019,Buenos Aires,Villarino,9000,6560,50512,7.7,0.729
maiz,2018,2018/2019,Chaco,Quitilipi,1830,1480,6808,4.6,0.809
maiz,2018,2018/2019,Chaco,San Fernando,1563,1137,5230,4.6,0.727
maiz,2018,2018/2019,Chaco,Comandante Fernández,6300,4600,23000,5.0,0.73
maiz,2018,2018/2019,Chaco,Chacabuco,19200,15653,87657,5.6,0.815
maiz,2018,2018/2019,Chaco,25 de Mayo,755,635,2096,3.301,0.841
maiz,2018,2018/2019,Chaco,2 de Abril,20300,16400,88560,5.4,0.808
maiz,2018,2018/2019,Chaco,Almirante Brown,85800,70900,389950,5.5,0.826
maiz,2018,2018/2019,Chaco,9 de Julio,31000,25345,131794,5.2,0.818
maiz,2018,2018/2019,Chaco,Independencia,30500,24800,111600,4.5,0.813
maiz,2018,2018/2019,Chaco,Presidencia de la Plaza,189,89,312,3.506,0.471
maiz,2018,2018/2019,Chaco,General Güemes,13500,10300,51500,5.0,0.763
maiz,2018,2018/2019,Chaco,Fray Justo Santa María de Oro,2445,1455,7275,5.0,0.595
maiz,2018,2018/2019,Chaco,General Belgrano,11900,9690,54264,5.6,0.814
maiz,2018,2018/2019,Chaco,Libertador General San Martín,3300,2600,9880,3.8,0.788
maiz,2018,2018/2019,Chaco,O'Higgins,2630,1769,8845,5.0,0.673
maiz,2018,2018/2019,Chaco,Mayor Luis J. Fontana,6245,4274,20515,4.8,0.684
maiz,2018,2018/2019,Chaco,Maipú,15200,11900,57120,4.8,0.783
maiz,2018,2018/2019,Salta,Rosario de Lerma,1150,1150,8050,7.0,1.0
maiz,2018,2018/2019,Córdoba,Juárez Celman,203000,173420,1231282,7.1,0.854
maiz,2018,2018/2019,Jujuy,Dr. Manuel Belgrano,70,70,350,5.0,1.0
maiz,2018,2018/2019,Santa Fe,La Capital,8900,4900,37730,7.7,0.551
maiz,2018,2018/2019,Salta,Orán,5717,5267,35816,6.8,0.921
maiz,2018,2018/2019,Córdoba,Ischilín,5780,5721,24028,4.2,0.99
maiz,2018,2018/2019,Corrientes,Concepción,500,470,2961,6.3,0.94
maiz,2018,2018/2019,Córdoba,Capital,1200,1200,10800,9.0,1.0
maiz,2018,2018/2019,Córdoba,General San Martín,135000,75000,675000,9.0,0.556
maiz,2018,2018/2019,Córdoba,General Roca,295000,272800,2100560,7.7,0.925
maiz,2018,2018/2019,Córdoba,Colón,47200,46571,414482,8.9,0.987
maiz,2018,2018/2019,Salta,Metán,35422,32082,224574,7.0,0.906
maiz,2018,2018/2019,Córdoba,Marcos Juárez,180000,171329,1764689,10.3,0.952
maiz,2018,2018/2019,Córdoba,San Alberto,1950,1950,17550,9.0,1.0
maiz,2018,2018/2019,Corrientes,Capital,700,640,4032,6.3,0.914
maiz,2018,2018/2019,Córdoba,Río Segundo,125000,105000,945000,9.0,0.84
maiz,2018,2018/2019,Córdoba,Presidente Roque Sáenz Peña,125000,108200,854780,7.9,0.866
maiz,2018,2018/2019,Córdoba,Pocho,4000,4000,26000,6.5,1.0
maiz,2018,2018/2019,Córdoba,Río Seco,67900,67205,524199,7.8,0.99
maiz,2018,2018/2019,Córdoba,Río Cuarto,558000,499860,3399048,6.8,0.896
maiz,2018,2018/2019,Córdoba,Río Primero,183000,120930,713487,5.9,0.661
maiz,2018,2018/2019,Córdoba,San Javier,3000,3000,27000,9.0,1.0
maiz,2018,2018/2019,Corrientes,Berón de Astrada,400,340,2142,6.3,0.85
maiz,2018,2018/2019,Córdoba,Tercero Arriba,125500,107500,967500,9.0,0.857
maiz,2018,2018/2019,Córdoba,Santa María,61800,61800,587100,9.5,1.0
maiz,2018,2018/2019,Córdoba,San Justo,303500,180729,1518124,8.4,0.595
maiz,2018,2018/2019,Córdoba,Totoral,85300,83815,704046,8.4,0.983
maiz,2018,2018/2019,Corrientes,Bella Vista,600,550,3465,6.3,0.917
maiz,2018,2018/2019,Córdoba,Unión,218000,181252,1740019,9.6,0.831
maiz,2018,2018/2019,Córdoba,Tulumba,66300,65621,544654,8.3,0.99
maiz,2018,2018/2019,Salta,Rosario de la Frontera,47540,43840,306880,7.0,0.922
maiz,2018,2018/2019,Corrientes,Ituzaingó,700,650,4095,6.3,0.929
maiz,2018,2018/2019,Corrientes,Goya,500,460,2898,6.3,0.92
maiz,2018,2018/2019,Corrientes,Sauce,345,298,1877,6.299,0.864
maiz,2018,2018/2019,Corrientes,Esquina,500,445,2804,6.301,0.89
maiz,2018,2018/2019,Corrientes,Curuzu Cuatia,800,740,4662,6.3,0.925
maiz,2018,2018/2019,Corrientes,Empedrado,300,270,1701,6.3,0.9
maiz,2018,2018/2019,Corrientes,Paso de los Libres,400,320,2016,6.3,0.8
maiz,2018,2018/2019,Corrientes,Santo Tomé,345,288,1814,6.299,0.835
maiz,2018,2018/2019,Corrientes,Mercedes,700,640,4032,6.3,0.914
maiz,2018,2018/2019,Corrientes,Lavalle,900,860,5418,6.3,0.956
maiz,2018,2018/2019,Corrientes,San Roque,450,400,2520,6.3,0.889
maiz,2018,2018/2019,Corrientes,San Luis del Palmar,1200,1120,7056,6.3,0.933
maiz,2018,2018/2019,Corrientes,Saladas,600,520,3276,6.3,0.867
maiz,2018,2018/2019,Corrientes,San Miguel,250,160,1008,6.3,0.64
maiz,2018,2018/2019,Corrientes,San Martín,800,720,4536,6.3,0.9
maiz,2018,2018/2019,Entre Ríos,Villaguay,41000,37390,246774,6.6,0.912
maiz,2018,2018/2019,Entre Ríos,Gualeguay,36000,30860,234536,7.6,0.857
maiz,2018,2018/2019,Entre Ríos,Colón,7000,5470,33914,6.2,0.781
maiz,2018,2018/2019,Formosa,sin definir,69000,26550,119475,4.5,0.385
maiz,2018,2018/2019,Entre Ríos,Feliciano,3000,2455,16203,6.6,0.818
maiz,2018,2018/2019,Entre Ríos,Diamante,33600,29970,248751,8.3,0.892
maiz,2018,2018/2019,Entre Ríos,Concordia,4300,3660,27084,7.4,0.851
maiz,2018,2018/2019,Entre Ríos,Federal,7700,6430,48225,7.5,0.835
maiz,2018,2018/2019,Entre Ríos,Federación,3200,2655,18851,7.1,0.83
maiz,2018,2018/2019,Entre Ríos,Nogoyá,38000,31330,222443,7.1,0.824
maiz,2018,2018/2019,Entre Ríos,Victoria,40000,36665,285987,7.8,0.917
maiz,2018,2018/2019,Entre Ríos,La Paz,28000,22370,172249,7.7,0.799
maiz,2018,2018/2019,Entre Ríos,Gualeguaychú,76000,65720,492900,7.5,0.865
maiz,2018,2018/2019,Entre Ríos,Paraná,51200,38500,311850,8.1,0.752
maiz,2018,2018/2019,Entre Ríos,Uruguay,38000,32300,222870,6.9,0.85
maiz,2018,2018/2019,Entre Ríos,Tala,26500,22610,165053,7.3,0.853
maiz,2018,2018/2019,Entre Ríos,San Salvador,3500,2666,16263,6.1,0.762
maiz,2018,2018/2019,Santa Fe,Iriondo,59000,53000,471700,8.9,0.898
maiz,2018,2018/2019,Salta,La Viña,100,100,680,6.8,1.0
maiz,2018,2018/2019,Jujuy,Ledesma,70,70,350,5.0,1.0
maiz,2018,2018/2019,Jujuy,El Carmen,720,504,2520,5.0,0.7
maiz,2018,2018/2019,La Pampa,Guatraché,18100,1300,3770,2.9,0.072
maiz,2018,2018/2019,Jujuy,Palpalá,120,120,600,5.0,1.0
maiz,2018,2018/2019,La Pampa,Conhelo,42000,5120,39578,7.73,0.122
maiz,2018,2018/2019,Jujuy,San Pedro,2050,1438,7190,5.0,0.701
maiz,2018,2018/2019,Jujuy,San Antonio,660,456,2280,5.0,0.691
maiz,2018,2018/2019,La Pampa,Chapaleufú,56000,42730,397389,9.3,0.763
maiz,2018,2018/2019,La Pampa,Atreucó,36150,23490,131544,5.6,0.65
maiz,2018,2018/2019,Jujuy,Santa Bárbara,1554,1086,5430,5.0,0.699
maiz,2018,2018/2019,La Pampa,Catriló,38900,33740,199066,5.9,0.867
maiz,2018,2018/2019,La Pampa,Capital,27700,11416,59363,5.2,0.412
maiz,2018,2018/2019,Misiones,General Manuel Belgrano,4700,4700,24440,5.2,1.0
maiz,2018,2018/2019,La Pampa,Trenel,39000,14380,110726,7.7,0.369
maiz,2018,2018/2019,La Pampa,Hucal,4500,700,2030,2.9,0.156
maiz,2018,2018/2019,Misiones,Guaraní,10000,9800,49980,5.1,0.98
maiz,2018,2018/2019,La Pampa,Toay,5000,920,2944,3.2,0.184
maiz,2018,2018/2019,La Pampa,Quemú Quemú,53000,24270,218430,9.0,0.458
maiz,2018,2018/2019,La Pampa,Maracó,53000,28940,266248,9.2,0.546
maiz,2018,2018/2019,La Pampa,Realicó,48000,27850,250650,9.0,0.58
maiz,2018,2018/2019,La Pampa,Rancul,59000,32700,294300,9.0,0.554
maiz,2018,2018/2019,Misiones,Apóstoles,500,100,480,4.8,0.2
maiz,2018,2018/2019,Misiones,Eldorado,100,50,245,4.9,0.5
maiz,2018,2018/2019,Misiones,25 de Mayo,4900,4780,23900,5.0,0.976
maiz,2018,2018/2019,La Pampa,Utracán,6900,1150,2760,2.4,0.167
maiz,2018,2018/2019,Misiones,Cainguás,2700,2700,12960,4.8,1.0
maiz,2018,2018/2019,Misiones,Concepción,50,30,144,4.8,0.6
maiz,2018,2018/2019,Misiones,Capital,200,100,480,4.8,0.5
maiz,2018,2018/2019,Misiones,Candelaria,2700,2700,12960,4.8,1.0
maiz,2018,2018/2019,Santa Fe,General Obligado,37000,29000,110200,3.8,0.784
maiz,2018,2018/2019,Salta,La Candelaria,2050,2050,13940,6.8,1.0
maiz,2018,2018/2019,Misiones,Montecarlo,50,20,100,5.0,0.4
maiz,2018,2018/2019,Misiones,Libertador General San Martín,300,200,1000,5.0,0.667
maiz,2018,2018/2019,Salta,General Güemes,4250,4250,29750,7.0,1.0
maiz,2018,2018/2019,Misiones,Leandro N. Alem,700,700,3220,4.6,1.0
maiz,2018,2018/2019,Misiones,Iguazú,400,400,1960,4.9,1.0
maiz,2018,2018/2019,Misiones,San Pedro,2700,2700,13500,5.0,1.0
maiz,2018,2018/2019,Salta,Chicoana,790,790,5372,6.8,1.0
maiz,2018,2018/2019,Misiones,San Javier,600,600,2760,4.6,1.0
maiz,2018,2018/2019,Misiones,Oberá,700,700,3220,4.6,1.0
maiz,2018,2018/2019,Misiones,San Ignacio,100,100,460,4.6,1.0
maiz,2018,2018/2019,Salta,Anta,147260,136910,930988,6.8,0.93
maiz,2018,2018/2019,Salta,Cerrillos,1450,1450,10150,7.0,1.0
maiz,2018,2018/2019,Salta,Capital,1150,1150,8050,7.0,1.0
maiz,2018,2018/2019,Salta,Cachi,70,70,336,4.8,1.0
maiz,2018,2018/2019,Salta,General José de San Martín,40284,37034,251831,6.8,0.919
maiz,2018,2018/2019,San Luis,Juan Martín de Pueyrredón,20000,17000,93500,5.5,0.85
maiz,2018,2018/2019,Salta,La Caldera,100,100,680,6.8,1.0
maiz,2018,2018/2019,Santa Fe,General López,210000,195000,2106000,10.8,0.929
maiz,2018,2018/2019,San Luis,Ayacucho,4000,3300,41250,12.5,0.825
maiz,2018,2018/2019,San Luis,Gobernador Dupuy,37000,30000,165000,5.5,0.811
maiz,2018,2018/2019,San Luis,General Pedernera,240000,213500,1110200,5.2,0.89
maiz,2018,2018/2019,San Luis,Chacabuco,32000,26200,141480,5.4,0.819
maiz,2018,2018/2019,Santa Fe,9 de Julio,35000,5000,27500,5.5,0.143
maiz,2018,2018/2019,Santa Fe,Garay,1000,600,4860,8.1,0.6
maiz,2018,2018/2019,San Luis,Libertador General San Martín,1000,800,3920,4.9,0.8
maiz,2018,2018/2019,San Luis,Junín,800,700,4550,6.5,0.875
maiz,2018,2018/2019,Santa Fe,Belgrano,44000,41000,373100,9.1,0.932
maiz,2018,2018/2019,Santa Fe,Villa Constitución,30000,30000,291000,9.7,1.0
maiz,2018,2018/2019,Santa Fe,Castellanos,103400,41600,341120,8.2,0.402
maiz,2018,2018/2019,Santa Fe,Caseros,40000,40000,388000,9.7,1.0
maiz,2018,2018/2019,Santiago del Estero,San Martín,2000,2000,13400,6.7,1.0
maiz,2018,2018/2019,Santiago del Estero,Alberdi,80000,76450,496925,6.5,0.956
maiz,2018,2018/2019,Santiago del Estero,Aguirre,22000,19840,123008,6.2,0.902
maiz,2018,2018/2019,Santa Fe,San Javier,6000,2000,9000,4.5,0.333
maiz,2018,2018/2019,Santa Fe,San Cristóbal,60000,12400,86800,7.0,0.207
maiz,2018,2018/2019,Santa Fe,Las Colonias,88500,35300,275340,7.8,0.399
maiz,2018,2018/2019,Santa Fe,Rosario,17000,17000,164900,9.7,1.0
maiz,2018,2018/2019,Santa Fe,Vera,15000,8500,46750,5.5,0.567
maiz,2018,2018/2019,Santa Fe,San Justo,18000,10800,79920,7.4,0.6
maiz,2018,2018/2019,Santa Fe,San Jerónimo,36500,26500,225250,8.5,0.726
maiz,2018,2018/2019,Santa Fe,San Martín,92500,76500,657900,8.6,0.827
maiz,2018,2018/2019,Santa Fe,San Lorenzo,22000,22000,213400,9.7,1.0
maiz,2018,2018/2019,Santiago del Estero,Robles,3500,3500,24150,6.9,1.0
maiz,2018,2018/2019,Santiago del Estero,Banda,3500,3500,24500,7.0,1.0
maiz,2018,2018/2019,Santiago del Estero,Avellaneda,2500,2270,15209,6.7,0.908
maiz,2018,2018/2019,Santiago del Estero,General Taboada,100000,71490,464685,6.5,0.715
maiz,2018,2018/2019,Santiago del Estero,Figueroa,2000,2000,11000,5.5,1.0
maiz,2018,2018/2019,Santiago del Estero,Capital,3500,3100,21700,7.0,0.886
maiz,2018,2018/2019,Santiago del Estero,Belgrano,50000,32920,213980,6.5,0.658
maiz,2018,2018/2019,Santiago del Estero,Copo,9000,8760,56940,6.5,0.973
maiz,2018,2018/2019,Santiago del Estero,Choya,5000,5000,33500,6.7,1.0
maiz,2018,2018/2019,Santiago del Estero,Juan F. Ibarra,63000,58860,400248,6.8,0.934
maiz,2018,2018/2019,Santiago del Estero,Rivadavia,23000,19780,130548,6.6,0.86
maiz,2018,2018/2019,Santiago del Estero,Jiménez,55000,51500,386250,7.5,0.936
maiz,2018,2018/2019,Santiago del Estero,Guasayán,7000,7000,45500,6.5,1.0
maiz,2018,2018/2019,Santiago del Estero,Río Hondo,8000,7000,48300,6.9,0.875
maiz,2018,2018/2019,Santiago del Estero,Mitre,10000,10000,70000,7.0,1.0
maiz,2018,2018/2019,Santiago del Estero,Loreto,2500,2500,16250,6.5,1.0
maiz,2018,2018/2019,Santiago del Estero,Pellegrini,50000,47000,338400,7.2,0.94
maiz,2018,2018/2019,Santiago del Estero,Moreno,240000,220500,1433250,6.5,0.919
maiz,2018,2018/2019,Tucumán,Graneros,13900,13650,99645,7.3,0.982
maiz,2018,2018/2019,Tucumán,Cruz Alta,10500,10300,76220,7.4,0.981
maiz,2018,2018/2019,Tucumán,Burruyacú,41900,41000,299300,7.3,0.979
maiz,2018,2018/2019,Santiago del Estero,Sarmiento,2900,2780,17236,6.2,0.959
maiz,2018,2018/2019,Santiago del Estero,Silípica,3500,3000,21000,7.0,0.857
maiz,2018,2018/2019,Tucumán,Simoca,500,380,2736,7.2,0.76
maiz,2018,2018/2019,Tucumán,Leales,17500,16700,123580,7.4,0.954
maiz,2018,2018/2019,Tucumán,La Cocha,6000,5350,40125,7.5,0.892
maiz,2018,2018/2019,Tucumán,Trancas,700,400,3120,7.8,0.571
maiz,2019,2019/2020,Chaco,25 de Mayo,700,560,1848,3.3,0.8
maiz,2019,2019/2020,Chaco,2 de Abril,20305,16055,98111,6.111,0.791
maiz,2019,2019/2020,Santiago del Estero,Capital,4000,3800,26714,7.03,0.95
maiz,2019,2019/2020,Chaco,9 de Julio,31088,27978,173642,6.206,0.9
maiz,2019,2019/2020,Buenos Aires,San Nicolás,5054,4454,39641,8.9,0.881
maiz,2019,2019/2020,Buenos Aires,San Cayetano,20000,17500,101500,5.8,0.875
maiz,2019,2019/2020,Buenos Aires,Chacabuco,40000,36800,356960,9.7,0.92
maiz,2019,2019/2020,Buenos Aires,San Antonio de Areco,9624,8724,75026,8.6,0.906
maiz,2019,2019/2020,Buenos Aires,Castelli,12000,5700,41040,7.2,0.475
maiz,2019,2019/2020,Buenos Aires,Alberti,27500,24800,207080,8.35,0.902
maiz,2019,2019/2020,Buenos Aires,Adolfo Gonzales Chaves,20000,16000,92800,5.8,0.8
maiz,2019,2019/2020,Buenos Aires,Adolfo Alsina,49000,20300,125860,6.2,0.414
maiz,2019,2019/2020,Buenos Aires,9 de Julio,44500,40050,334418,8.35,0.9
maiz,2019,2019/2020,Buenos Aires,25 de Mayo,63388,47330,383373,8.1,0.747
maiz,2019,2019/2020,Buenos Aires,Carmen de Areco,16000,15150,133320,8.8,0.947
maiz,2019,2019/2020,Buenos Aires,Benito Juárez,30500,20800,124800,6.0,0.682
maiz,2019,2019/2020,Buenos Aires,Arrecifes,19252,18252,153317,8.4,0.948
maiz,2019,2019/2020,Buenos Aires,Baradero,20194,19414,166960,8.6,0.961
maiz,2019,2019/2020,Buenos Aires,Azul,48500,33900,277980,8.2,0.699
maiz,2019,2019/2020,Buenos Aires,Ayacucho,26000,18800,131600,7.0,0.723
maiz,2019,2019/2020,Buenos Aires,Balcarce,47000,35300,275340,7.8,0.751
maiz,2019,2019/2020,Buenos Aires,Brandsen,1600,600,4800,8.0,0.375
maiz,2019,2019/2020,Buenos Aires,Carlos Tejedor,45842,40720,350192,8.6,0.888
maiz,2019,2019/2020,Buenos Aires,Bragado,38000,34200,285570,8.35,0.9
maiz,2019,2019/2020,Buenos Aires,Bolívar,48800,40800,310080,7.6,0.836
maiz,2019,2019/2020,Buenos Aires,Campana,3000,3000,25200,8.4,1.0
maiz,2019,2019/2020,Buenos Aires,Carlos Casares,50997,35237,317133,9.0,0.691
maiz,2019,2019/2020,Buenos Aires,Capitán Sarmiento,10091,9741,76954,7.9,0.965
maiz,2019,2019/2020,Buenos Aires,Cañuelas,2400,1600,12800,8.0,0.667
maiz,2019,2019/2020,Buenos Aires,San Andrés de Giles,20000,17950,168730,9.4,0.898
maiz,2019,2019/2020,Buenos Aires,La Plata,400,240,1920,8.0,0.6
maiz,2019,2019/2020,Buenos Aires,Chivilcoy,32000,28900,241315,8.35,0.903
maiz,2019,2019/2020,Buenos Aires,Chascomús,16000,10510,84080,8.0,0.657
maiz,2019,2019/2020,Buenos Aires,General Alvarado,17500,15700,141300,9.0,0.897
maiz,2019,2019/2020,Buenos Aires,Colón,17865,16965,156078,9.2,0.95
maiz,2019,2019/2020,Buenos Aires,Florentino Ameghino,22000,17190,164165,9.55,0.781
maiz,2019,2019/2020,Buenos Aires,Coronel Pringles,15000,10000,58000,5.8,0.667
maiz,2019,2019/2020,Buenos Aires,Coronel Dorrego,16000,11000,66000,6.0,0.688
maiz,2019,2019/2020,Buenos Aires,Coronel de Marina Leonardo Rosales,3500,500,1400,2.8,0.143
maiz,2019,2019/2020,Buenos Aires,Coronel Suárez,39000,29824,223676,7.5,0.765
maiz,2019,2019/2020,Buenos Aires,Exaltación de la Cruz,3000,3000,25800,8.6,1.0
maiz,2019,2019/2020,Buenos Aires,Dolores,2800,950,6175,6.5,0.339
maiz,2019,2019/2020,Buenos Aires,Daireaux,39700,31700,240920,7.6,0.798
maiz,2019,2019/2020,Buenos Aires,General Lavalle,1000,200,1400,7.0,0.2
maiz,2019,2019/2020,Buenos Aires,General Arenales,30000,27450,271755,9.9,0.915
maiz,2019,2019/2020,Buenos Aires,General Alvear,10000,6000,45600,7.6,0.6
maiz,2019,2019/2020,Buenos Aires,Junín,39000,35950,355905,9.9,0.922
maiz,2019,2019/2020,Buenos Aires,General Las Heras,1800,300,2400,8.0,0.167
maiz,2019,2019/2020,Buenos Aires,General Guido,5800,3500,24500,7.0,0.603
maiz,2019,2019/2020,Buenos Aires,General Belgrano,20000,14955,110667,7.4,0.748
maiz,2019,2019/2020,Buenos Aires,General La Madrid,29000,18850,94250,5.0,0.65
maiz,2019,2019/2020,Buenos Aires,General Juan Madariaga,17800,12100,99220,8.2,0.68
maiz,2019,2019/2020,Buenos Aires,General Pueyrredón,10500,9300,79050,8.5,0.886
maiz,2019,2019/2020,Buenos Aires,Hipólito Yrigoyen,30300,24300,184680,7.6,0.802
maiz,2019,2019/2020,Buenos Aires,General Pinto,32000,26340,255385,9.696,0.823
maiz,2019,2019/2020,Buenos Aires,General Paz,6300,5100,40800,8.0,0.81
maiz,2019,2019/2020,Buenos Aires,General Rodríguez,1000,150,1200,8.0,0.15
maiz,2019,2019/2020,Buenos Aires,Guaminí,42000,16300,105950,6.5,0.388
maiz,2019,2019/2020,Buenos Aires,General Villegas,104000,95480,754292,7.9,0.918
maiz,2019,2019/2020,Buenos Aires,General Viamonte,29000,24455,232323,9.5,0.843
maiz,2019,2019/2020,Buenos Aires,Salto,28494,26794,249184,9.3,0.94
maiz,2019,2019/2020,Buenos Aires,Olavarría,28700,22700,172520,7.6,0.791
maiz,2019,2019/2020,Buenos Aires,Lobos,14962,11182,90574,8.1,0.747
maiz,2019,2019/2020,Buenos Aires,Laprida,14000,12000,69600,5.8,0.857
maiz,2019,2019/2020,Buenos Aires,Lobería,40000,28000,246400,8.8,0.7
maiz,2019,2019/2020,Buenos Aires,Lincoln,72000,61140,544146,8.9,0.849
maiz,2019,2019/2020,Buenos Aires,Las Flores,15834,11840,86432,7.3,0.748
maiz,2019,2019/2020,Buenos Aires,Leandro N. Alem,23000,18985,185104,9.75,0.825
maiz,2019,2019/2020,Buenos Aires,Mar Chiquita,21200,14940,119520,8.0,0.705
maiz,2019,2019/2020,Buenos Aires,Necochea,50000,45000,274500,6.1,0.9
maiz,2019,2019/2020,Buenos Aires,Maipú,8000,6400,49920,7.8,0.8
maiz,2019,2019/2020,Buenos Aires,Luján,5400,1900,15200,8.0,0.352
maiz,2019,2019/2020,Buenos Aires,Magdalena,2880,980,7840,8.0,0.34
maiz,2019,2019/2020,Buenos Aires,Marcos Paz,2150,450,3600,8.0,0.209
maiz,2019,2019/2020,Buenos Aires,Navarro,10342,7722,61004,7.9,0.747
maiz,2019,2019/2020,Buenos Aires,Monte,15365,11473,86621,7.55,0.747
maiz,2019,2019/2020,Buenos Aires,Mercedes,8500,7700,64295,8.35,0.906
maiz,2019,2019/2020,Buenos Aires,Salliqueló,17500,6800,48960,7.2,0.389
maiz,2019,2019/2020,Buenos Aires,Puán,19000,9880,29640,3.0,0.52
maiz,2019,2019/2020,Buenos Aires,Patagones,6600,4600,36800,8.0,0.697
maiz,2019,2019/2020,Buenos Aires,Pilar,450,200,1600,8.0,0.444
maiz,2019,2019/2020,Buenos Aires,Pellegrini,32000,14300,108680,7.6,0.447
maiz,2019,2019/2020,Buenos Aires,Pehuajó,76445,70945,624316,8.8,0.928
maiz,2019,2019/2020,Buenos Aires,Pila,10400,5740,41328,7.2,0.552
maiz,2019,2019/2020,Buenos Aires,Pergamino,43246,41246,379463,9.2,0.954
maiz,2019,2019/2020,Buenos Aires,Rauch,14200,11570,80990,7.0,0.815
maiz,2019,2019/2020,Buenos Aires,Ramallo,11909,11109,96648,8.7,0.933
maiz,2019,2019/2020,Buenos Aires,Punta Indio,350,100,800,8.0,0.286
maiz,2019,2019/2020,Buenos Aires,Saladillo,37813,28234,223049,7.9,0.747
maiz,2019,2019/2020,Buenos Aires,Rivadavia,97631,73362,674930,9.2,0.751
maiz,2019,2019/2020,Buenos Aires,Saavedra,15000,8550,25650,3.0,0.57
maiz,2019,2019/2020,Buenos Aires,Roque Pérez,13342,9963,75719,7.6,0.747
maiz,2019,2019/2020,Buenos Aires,Rojas,41500,38250,378675,9.9,0.922
maiz,2019,2019/2020,Chaco,Libertador General San Martín,3000,2380,10234,4.3,0.793
maiz,2019,2019/2020,Buenos Aires,Suipacha,10000,9000,75150,8.35,0.9
maiz,2019,2019/2020,Misiones,Iguazú,500,500,2450,4.9,1.0
maiz,2019,2019/2020,Buenos Aires,Trenque Lauquen,137599,99824,858486,8.6,0.725
maiz,2019,2019/2020,Buenos Aires,San Pedro,11089,10189,86607,8.5,0.919
maiz,2019,2019/2020,Buenos Aires,San Vicente,700,400,3200,8.0,0.571
maiz,2019,2019/2020,Chaco,Independencia,30000,24290,136024,5.6,0.81
maiz,2019,2019/2020,Buenos Aires,Zárate,2500,2500,21750,8.7,1.0
maiz,2019,2019/2020,Buenos Aires,Tres Arroyos,70000,62000,365800,5.9,0.886
maiz,2019,2019/2020,Buenos Aires,Tornquist,8000,2667,8000,3.0,0.333
maiz,2019,2019/2020,Buenos Aires,Tapalqué,2500,2500,19000,7.6,1.0
maiz,2019,2019/2020,Buenos Aires,Villarino,5412,2912,23296,8.0,0.538
maiz,2019,2019/2020,Buenos Aires,Tandil,43000,31000,248000,8.0,0.721
maiz,2019,2019/2020,Buenos Aires,Tres Lomas,26000,11800,89680,7.6,0.454
maiz,2019,2019/2020,Chaco,12 de Octubre,27102,19967,120110,6.015,0.737
maiz,2019,2019/2020,Corrientes,Capital,700,500,3150,6.3,0.714
maiz,2019,2019/2020,Chaco,General Güemes,13000,10610,54111,5.1,0.816
maiz,2019,2019/2020,Catamarca,Santa Rosa,15900,14800,90576,6.12,0.931
maiz,2019,2019/2020,Catamarca,El Alto,300,150,750,5.0,0.5
maiz,2019,2019/2020,Chaco,General Belgrano,11924,9502,58973,6.206,0.797
maiz,2019,2019/2020,Chaco,Chacabuco,19299,15269,94765,6.206,0.791
maiz,2019,2019/2020,Chaco,Almirante Brown,85000,70600,395360,5.6,0.831
maiz,2019,2019/2020,Chaco,Fray Justo Santa María de Oro,2445,1875,10026,5.347,0.767
maiz,2019,2019/2020,Chaco,Comandante Fernández,6000,4720,25016,5.3,0.787
maiz,2019,2019/2020,Córdoba,Juárez Celman,198500,169500,1152600,6.8,0.854
maiz,2019,2019/2020,Santiago del Estero,Aguirre,22000,20115,146236,7.27,0.914
maiz,2019,2019/2020,Chaco,Quitilipi,1900,1500,7950,5.3,0.789
maiz,2019,2019/2020,Chaco,Presidencia de la Plaza,300,189,435,2.302,0.63
maiz,2019,2019/2020,Chaco,O'Higgins,2651,2094,13596,6.493,0.79
maiz,2019,2019/2020,Chaco,Maipú,15000,12420,63342,5.1,0.828
maiz,2019,2019/2020,Chaco,Mayor Luis J. Fontana,6245,4345,26967,6.206,0.696
maiz,2019,2019/2020,Córdoba,Calamuchita,31500,28800,187200,6.5,0.914
maiz,2019,2019/2020,Córdoba,Ischilín,5182,5182,40420,7.8,1.0
maiz,2019,2019/2020,Chaco,Sargento Cabral,1100,900,5130,5.7,0.818
maiz,2019,2019/2020,Chaco,San Fernando,1563,1212,6828,5.634,0.775
maiz,2019,2019/2020,Chaco,San Lorenzo,980,770,4264,5.538,0.786
maiz,2019,2019/2020,Córdoba,Capital,1300,1300,10400,8.0,1.0
maiz,2019,2019/2020,Córdoba,General San Martín,141000,78000,663000,8.5,0.553
maiz,2019,2019/2020,Córdoba,General Roca,293475,270411,1892877,7.0,0.921
maiz,2019,2019/2020,Córdoba,Colón,43567,43412,377684,8.7,0.996
maiz,2019,2019/2020,Corrientes,Berón de Astrada,400,300,1890,6.3,0.75
maiz,2019,2019/2020,Córdoba,Río Segundo,131000,109000,926500,8.5,0.832
maiz,2019,2019/2020,Córdoba,Marcos Juárez,195430,181030,1755991,9.7,0.926
maiz,2019,2019/2020,Córdoba,Río Seco,72076,72076,583816,8.1,1.0
maiz,2019,2019/2020,Córdoba,Presidente Roque Sáenz Peña,125775,114404,858030,7.5,0.91
maiz,2019,2019/2020,Córdoba,Pocho,3500,3500,21000,6.0,1.0
maiz,2019,2019/2020,Córdoba,Río Primero,180719,120719,1050255,8.7,0.668
maiz,2019,2019/2020,Córdoba,Río Cuarto,543000,485900,2915400,6.0,0.895
maiz,2019,2019/2020,Córdoba,San Justo,310468,191468,1627478,8.5,0.617
maiz,2019,2019/2020,Corrientes,Bella Vista,600,500,3150,6.3,0.833
maiz,2019,2019/2020,Córdoba,Unión,245122,210672,1959250,9.3,0.859
maiz,2019,2019/2020,Córdoba,San Javier,3000,3000,27000,9.0,1.0
maiz,2019,2019/2020,Córdoba,San Alberto,1950,1950,11700,6.0,1.0
maiz,2019,2019/2020,Córdoba,Santa María,68000,68000,612000,9.0,1.0
maiz,2019,2019/2020,Córdoba,Tulumba,68827,68586,576122,8.4,0.996
maiz,2019,2019/2020,Córdoba,Totoral,85882,85017,705641,8.3,0.99
maiz,2019,2019/2020,Córdoba,Tercero Arriba,175300,155300,1242400,8.0,0.886
maiz,2019,2019/2020,Misiones,Guaraní,11000,10800,54000,5.0,0.982
maiz,2019,2019/2020,Corrientes,Curuzu Cuatia,800,700,4410,6.3,0.875
maiz,2019,2019/2020,Entre Ríos,Uruguay,41000,36100,234650,6.5,0.88
maiz,2019,2019/2020,Corrientes,Concepción,500,500,3150,6.3,1.0
maiz,2019,2019/2020,Corrientes,San Martín,800,800,5040,6.3,1.0
maiz,2019,2019/2020,Corrientes,Empedrado,300,300,1890,6.3,1.0
maiz,2019,2019/2020,Corrientes,San Luis del Palmar,1200,910,5733,6.3,0.758
maiz,2019,2019/2020,Corrientes,Itatí,209,209,1317,6.301,1.0
maiz,2019,2019/2020,Corrientes,Goya,500,500,3150,6.3,1.0
maiz,2019,2019/2020,Corrientes,Esquina,500,500,3150,6.3,1.0
maiz,2019,2019/2020,Corrientes,Saladas,600,500,3150,6.3,0.833
maiz,2019,2019/2020,Corrientes,Lavalle,900,900,5670,6.3,1.0
maiz,2019,2019/2020,Corrientes,Ituzaingó,700,700,4410,6.3,1.0
maiz,2019,2019/2020,Corrientes,Paso de los Libres,400,400,2520,6.3,1.0
maiz,2019,2019/2020,Corrientes,Mercedes,700,700,4410,6.3,1.0
maiz,2019,2019/2020,Entre Ríos,Federación,3000,2490,15563,6.25,0.83
maiz,2019,2019/2020,Corrientes,San Roque,450,450,2835,6.3,1.0
maiz,2019,2019/2020,Corrientes,San Miguel,1140,931,5865,6.3,0.817
maiz,2019,2019/2020,Entre Ríos,Tala,27000,23850,150255,6.3,0.883
maiz,2019,2019/2020,Entre Ríos,Diamante,33000,28500,215175,7.55,0.864
maiz,2019,2019/2020,Corrientes,Sauce,355,355,2237,6.301,1.0
maiz,2019,2019/2020,Corrientes,Santo Tomé,345,345,2174,6.301,1.0
maiz,2019,2019/2020,Entre Ríos,Concordia,4500,3850,26373,6.85,0.856
maiz,2019,2019/2020,Entre Ríos,Colón,9000,7200,46080,6.4,0.8
maiz,2019,2019/2020,Entre Ríos,Gualeguay,43000,37000,271950,7.35,0.86
maiz,2019,2019/2020,Entre Ríos,San Salvador,5500,4950,28463,5.75,0.9
maiz,2019,2019/2020,Entre Ríos,Feliciano,3300,2700,15525,5.75,0.818
maiz,2019,2019/2020,Entre Ríos,Federal,8000,6680,43086,6.45,0.835
maiz,2019,2019/2020,Entre Ríos,Gualeguaychú,85000,75600,521640,6.9,0.889
maiz,2019,2019/2020,Entre Ríos,Paraná,55500,45500,334425,7.35,0.82
maiz,2019,2019/2020,Entre Ríos,Nogoyá,49000,43350,296948,6.85,0.885
maiz,2019,2019/2020,Entre Ríos,La Paz,41000,32800,214840,6.55,0.8
maiz,2019,2019/2020,La Pampa,Conhelo,43100,25822,214542,8.309,0.599
maiz,2019,2019/2020,Misiones,General Manuel Belgrano,4900,4900,26460,5.4,1.0
maiz,2019,2019/2020,Jujuy,El Carmen,720,720,4320,6.0,1.0
maiz,2019,2019/2020,Jujuy,Dr. Manuel Belgrano,70,70,420,6.0,1.0
maiz,2019,2019/2020,Formosa,sin definir,45000,13700,61650,4.5,0.304
maiz,2019,2019/2020,Entre Ríos,Victoria,41000,35800,257760,7.2,0.873
maiz,2019,2019/2020,Entre Ríos,Villaguay,39500,35000,199500,5.7,0.886
maiz,2019,2019/2020,Jujuy,San Pedro,2050,1800,10800,6.0,0.878
maiz,2019,2019/2020,La Pampa,Chapaleufú,64000,37780,351918,9.315,0.59
maiz,2019,2019/2020,Jujuy,San Antonio,660,660,3960,6.0,1.0
maiz,2019,2019/2020,Jujuy,Ledesma,70,70,420,6.0,1.0
maiz,2019,2019/2020,Jujuy,Palpalá,120,120,720,6.0,1.0
maiz,2019,2019/2020,Jujuy,Santa Bárbara,1554,1304,7824,6.0,0.839
maiz,2019,2019/2020,La Pampa,Catriló,47300,33700,205570,6.1,0.712
maiz,2019,2019/2020,La Pampa,Capital,26100,8500,45900,5.4,0.326
maiz,2019,2019/2020,La Pampa,Atreucó,37900,17600,103840,5.9,0.464
maiz,2019,2019/2020,La Pampa,Guatraché,17700,3700,11470,3.1,0.209
maiz,2019,2019/2020,La Pampa,Toay,13300,3780,11718,3.1,0.284
maiz,2019,2019/2020,Misiones,Eldorado,300,250,1200,4.8,0.833
maiz,2019,2019/2020,La Pampa,Hucal,7600,900,2790,3.1,0.118
maiz,2019,2019/2020,La Pampa,Realicó,47800,28236,251504,8.907,0.591
maiz,2019,2019/2020,La Pampa,Rancul,59700,35814,302438,8.445,0.6
maiz,2019,2019/2020,La Pampa,Maracó,59300,34966,329702,9.429,0.59
maiz,2019,2019/2020,La Pampa,Quemú Quemú,59500,35790,335631,9.378,0.602
maiz,2019,2019/2020,Misiones,25 de Mayo,5500,5380,26900,5.0,0.978
maiz,2019,2019/2020,Misiones,Concepción,50,30,135,4.5,0.6
maiz,2019,2019/2020,La Pampa,Utracán,7500,1050,2730,2.6,0.14
maiz,2019,2019/2020,La Pampa,Trenel,38700,23194,195024,8.408,0.599
maiz,2019,2019/2020,Misiones,Apóstoles,500,100,460,4.6,0.2
maiz,2019,2019/2020,Misiones,Capital,200,100,450,4.5,0.5
maiz,2019,2019/2020,Misiones,Candelaria,10,10,45,4.5,1.0
maiz,2019,2019/2020,Misiones,Cainguás,2700,2700,12150,4.5,1.0
maiz,2019,2019/2020,Santa Fe,Vera,15000,9800,39200,4.0,0.653
maiz,2019,2019/2020,Santiago del Estero,Mitre,15000,14250,100178,7.03,0.95
maiz,2019,2019/2020,San Luis,Juan Martín de Pueyrredón,16000,14000,60200,4.3,0.875
maiz,2019,2019/2020,Misiones,Leandro N. Alem,700,700,3150,4.5,1.0
maiz,2019,2019/2020,Salta,Capital,1150,1150,7935,6.9,1.0
maiz,2019,2019/2020,Misiones,Oberá,700,700,3150,4.5,1.0
maiz,2019,2019/2020,Misiones,Montecarlo,240,210,1029,4.9,0.875
maiz,2019,2019/2020,Misiones,Libertador General San Martín,300,200,980,4.9,0.667
maiz,2019,2019/2020,Salta,Cachi,70,70,343,4.9,1.0
maiz,2019,2019/2020,Misiones,San Ignacio,100,100,450,4.5,1.0
maiz,2019,2019/2020,Salta,Anta,154237,143001,943807,6.6,0.927
maiz,2019,2019/2020,Misiones,San Pedro,2700,2700,13500,5.0,1.0
maiz,2019,2019/2020,Misiones,San Javier,750,750,3300,4.4,1.0
maiz,2019,2019/2020,San Luis,Gobernador Dupuy,34000,29000,118900,4.1,0.853
maiz,2019,2019/2020,Salta,La Viña,100,100,670,6.7,1.0
maiz,2019,2019/2020,Salta,Cerrillos,2465,2465,17009,6.9,1.0
maiz,2019,2019/2020,Santa Fe,San Martín,98000,79000,691250,8.75,0.806
maiz,2019,2019/2020,Salta,La Candelaria,3075,3075,20603,6.7,1.0
maiz,2019,2019/2020,Salta,General Güemes,4250,4250,28900,6.8,1.0
maiz,2019,2019/2020,Salta,Chicoana,790,790,5293,6.7,1.0
maiz,2019,2019/2020,Salta,La Caldera,100,100,670,6.7,1.0
maiz,2019,2019/2020,Salta,General José de San Martín,41743,38215,256041,6.7,0.915
maiz,2019,2019/2020,Salta,Rosario de la Frontera,49917,45900,316710,6.9,0.92
maiz,2019,2019/2020,San Luis,General Pedernera,230000,200000,800000,4.0,0.87
maiz,2019,2019/2020,Salta,Rivadavia,5000,5000,32000,6.4,1.0
maiz,2019,2019/2020,Salta,Metán,33950,30324,206203,6.8,0.893
maiz,2019,2019/2020,Salta,Orán,6003,5514,36944,6.7,0.919
maiz,2019,2019/2020,Salta,Rosario de Lerma,805,805,5555,6.901,1.0
maiz,2019,2019/2020,San Luis,Coronel Pringles,63000,57000,228000,4.0,0.905
maiz,2019,2019/2020,San Luis,Chacabuco,28000,25000,87500,3.5,0.893
maiz,2019,2019/2020,San Luis,Ayacucho,3000,2500,27500,11.0,0.833
maiz,2019,2019/2020,Santiago del Estero,Loreto,3000,2850,20036,7.03,0.95
maiz,2019,2019/2020,Santa Fe,Belgrano,47000,43000,376250,8.75,0.915
maiz,2019,2019/2020,Santa Fe,Rosario,25100,25100,174445,6.95,1.0
maiz,2019,2019/2020,Santa Fe,9 de Julio,32000,24200,174240,7.2,0.756
maiz,2019,2019/2020,Santa Fe,San Lorenzo,29900,29900,222755,7.45,1.0
maiz,2019,2019/2020,San Luis,Libertador General San Martín,1000,900,2970,3.3,0.9
maiz,2019,2019/2020,San Luis,Junín,500,200,2200,11.0,0.4
maiz,2019,2019/2020,Santa Fe,Garay,1000,700,4935,7.05,0.7
maiz,2019,2019/2020,Santa Fe,Villa Constitución,45000,45000,335250,7.45,1.0
maiz,2019,2019/2020,Santa Fe,Caseros,60600,60600,554490,9.15,1.0
maiz,2019,2019/2020,Santa Fe,Castellanos,103831,52931,431388,8.15,0.51
maiz,2019,2019/2020,Santa Fe,Las Colonias,95044,46644,370820,7.95,0.491
maiz,2019,2019/2020,Santa Fe,General López,246200,228700,2332740,10.2,0.929
maiz,2019,2019/2020,Santa Fe,La Capital,9000,3700,27750,7.5,0.411
maiz,2019,2019/2020,Santa Fe,Iriondo,63000,61000,533750,8.75,0.968
maiz,2019,2019/2020,Santa Fe,General Obligado,37000,33000,153450,4.65,0.892
maiz,2019,2019/2020,Santa Fe,San Justo,71560,45860,343950,7.5,0.641
maiz,2019,2019/2020,Santiago del Estero,Juan F. Ibarra,75000,71580,533987,7.46,0.954
maiz,2019,2019/2020,Santiago del Estero,Avellaneda,5500,5040,36641,7.27,0.916
maiz,2019,2019/2020,Santa Fe,San Jerónimo,40000,30000,219000,7.3,0.75
maiz,2019,2019/2020,Santa Fe,San Javier,7500,2900,10005,3.45,0.387
maiz,2019,2019/2020,Santiago del Estero,Alberdi,84200,77520,621710,8.02,0.921
maiz,2019,2019/2020,Santa Fe,San Cristóbal,94225,50025,375188,7.5,0.531
maiz,2019,2019/2020,Santiago del Estero,Choya,6000,5700,40071,7.03,0.95
maiz,2019,2019/2020,Santiago del Estero,Jiménez,60000,57000,427500,7.5,0.95
maiz,2019,2019/2020,Santiago del Estero,Belgrano,50360,45470,347846,7.65,0.903
maiz,2019,2019/2020,Santiago del Estero,Banda,4000,3800,26714,7.03,0.95
maiz,2019,2019/2020,Santiago del Estero,Copo,12800,12470,76441,6.13,0.974
maiz,2019,2019/2020,Santiago del Estero,Guasayán,8000,7600,53428,7.03,0.95
maiz,2019,2019/2020,Santiago del Estero,General Taboada,101100,93780,725857,7.74,0.928
maiz,2019,2019/2020,Santiago del Estero,Figueroa,5000,4750,33393,7.03,0.95
maiz,2019,2019/2020,Santiago del Estero,Pellegrini,50000,47500,333925,7.03,0.95
maiz,2019,2019/2020,Santiago del Estero,Moreno,246900,234145,1723307,7.36,0.948
maiz,2019,2019/2020,Tucumán,Leales,14000,12710,63550,5.0,0.908
maiz,2019,2019/2020,Santiago del Estero,Río Hondo,9000,8550,64125,7.5,0.95
maiz,2019,2019/2020,Tucumán,La Cocha,6500,6020,31304,5.2,0.926
maiz,2019,2019/2020,Santiago del Estero,San Martín,3000,2850,18696,6.56,0.95
maiz,2019,2019/2020,Santiago del Estero,Robles,4000,3800,24928,6.56,0.95
maiz,2019,2019/2020,Santiago del Estero,Rivadavia,31000,27610,203210,7.36,0.891
maiz,2019,2019/2020,Tucumán,Graneros,14500,13800,69000,5.0,0.952
maiz,2019,2019/2020,Santiago del Estero,Silípica,5000,4750,33393,7.03,0.95
maiz,2019,2019/2020,Santiago del Estero,Sarmiento,6200,5830,34689,5.95,0.94
maiz,2019,2019/2020,Tucumán,Cruz Alta,10000,9570,48185,5.035,0.957
maiz,2019,2019/2020,Tucumán,Burruyacú,43000,41350,215020,5.2,0.962
maiz,2019,2019/2020,Tucumán,Tafí del Valle,60,60,0,0.0,1.0
maiz,2019,2019/2020,Tucumán,Simoca,400,300,1560,5.2,0.75
maiz,2019,2019/2020,Tucumán,Trancas,650,150,945,6.3,0.231
maiz,2020,2020/2021,Córdoba,General San Martín,130800,68800,584800,8.5,0.526
maiz,2020,2020/2021,Córdoba,Ischilín,4890,4340,34286,7.9,0.888
maiz,2020,2020/2021,Tucumán,Leales,16400,13970,69850,5.0,0.852
maiz,2020,2020/2021,Tucumán,La Cocha,7300,6570,34164,5.2,0.9
maiz,2020,2020/2021,Tucumán,Burruyacú,42000,38850,202020,5.2,0.925
maiz,2020,2020/2021,Córdoba,Colón,43900,38850,349650,9.0,0.885
maiz,2020,2020/2021,Buenos Aires,Guaminí,66000,31000,170500,5.5,0.47
maiz,2020,2020/2021,Córdoba,Capital,5400,5400,43200,8.0,1.0
maiz,2020,2020/2021,Buenos Aires,General Villegas,112000,102000,856800,8.4,0.911
maiz,2020,2020/2021,Buenos Aires,General Viamonte,36000,32000,288000,9.0,0.889
maiz,2020,2020/2021,Buenos Aires,Brandsen,1600,600,4620,7.7,0.375
maiz,2020,2020/2021,Buenos Aires,Alberti,22400,20596,185364,9.0,0.919
maiz,2020,2020/2021,Buenos Aires,Bragado,43700,40177,361593,9.0,0.919
maiz,2020,2020/2021,Buenos Aires,25 de Mayo,54700,41930,331666,7.91,0.767
maiz,2020,2020/2021,Buenos Aires,Adolfo Gonzales Chaves,21000,17750,124250,7.0,0.845
maiz,2020,2020/2021,Buenos Aires,Adolfo Alsina,79000,39000,214500,5.5,0.494
maiz,2020,2020/2021,Buenos Aires,9 de Julio,65200,59948,539532,9.0,0.919
maiz,2020,2020/2021,Buenos Aires,Azul,53000,41000,287000,7.0,0.774
maiz,2020,2020/2021,Buenos Aires,Bolívar,57800,42800,286760,6.7,0.74
maiz,2020,2020/2021,Buenos Aires,Ayacucho,38000,34100,255750,7.5,0.897
maiz,2020,2020/2021,Buenos Aires,Arrecifes,30615,29391,238065,8.1,0.96
maiz,2020,2020/2021,Buenos Aires,Bahía Blanca,3000,600,2400,4.0,0.2
maiz,2020,2020/2021,Buenos Aires,Benito Juárez,35000,25200,151200,6.0,0.72
maiz,2020,2020/2021,Buenos Aires,Baradero,12610,12105,98052,8.1,0.96
maiz,2020,2020/2021,Buenos Aires,Balcarce,48000,37500,262500,7.0,0.781
maiz,2020,2020/2021,Buenos Aires,Coronel Suárez,39000,26920,134600,5.0,0.69
maiz,2020,2020/2021,Buenos Aires,General Rodríguez,1000,250,1975,7.9,0.25
maiz,2020,2020/2021,Buenos Aires,Carlos Casares,47800,31500,261450,8.3,0.659
maiz,2020,2020/2021,Buenos Aires,Carlos Tejedor,43000,37800,207900,5.5,0.879
maiz,2020,2020/2021,Buenos Aires,Capitán Sarmiento,8676,8326,69103,8.3,0.96
maiz,2020,2020/2021,Buenos Aires,Campana,2800,2688,22042,8.2,0.96
maiz,2020,2020/2021,Buenos Aires,Cañuelas,2420,1620,12798,7.9,0.669
maiz,2020,2020/2021,Buenos Aires,Chacabuco,40000,37500,322500,8.6,0.938
maiz,2020,2020/2021,Buenos Aires,Coronel Pringles,17000,13800,69000,5.0,0.812
maiz,2020,2020/2021,Buenos Aires,Castelli,8800,2800,21840,7.8,0.318
maiz,2020,2020/2021,Buenos Aires,Carmen de Areco,20000,18800,135360,7.2,0.94
maiz,2020,2020/2021,Buenos Aires,Coronel Dorrego,51000,36450,164025,4.5,0.715
maiz,2020,2020/2021,Buenos Aires,Chivilcoy,33700,30984,278856,9.0,0.919
maiz,2020,2020/2021,Buenos Aires,Chascomús,15900,10460,84726,8.1,0.658
maiz,2020,2020/2021,Buenos Aires,Coronel de Marina Leonardo Rosales,3500,700,2800,4.0,0.2
maiz,2020,2020/2021,Buenos Aires,Colón,18019,17298,145304,8.4,0.96
maiz,2020,2020/2021,Buenos Aires,General Pueyrredón,11500,11300,101700,9.0,0.983
maiz,2020,2020/2021,Buenos Aires,General Arenales,30000,28000,229600,8.2,0.933
maiz,2020,2020/2021,Buenos Aires,Daireaux,48700,42700,298900,7.0,0.877
maiz,2020,2020/2021,Buenos Aires,General Alvear,22300,20800,120640,5.8,0.933
maiz,2020,2020/2021,Buenos Aires,Exaltación de la Cruz,2625,2520,20664,8.2,0.96
maiz,2020,2020/2021,Buenos Aires,General Alvarado,18500,18500,166500,9.0,1.0
maiz,2020,2020/2021,Buenos Aires,Florentino Ameghino,24000,18500,157250,8.5,0.771
maiz,2020,2020/2021,Buenos Aires,General Juan Madariaga,17800,15100,128350,8.5,0.848
maiz,2020,2020/2021,Buenos Aires,General Pinto,44000,39000,339300,8.7,0.886
maiz,2020,2020/2021,Buenos Aires,General Guido,6100,5100,38760,7.6,0.836
maiz,2020,2020/2021,Buenos Aires,General Belgrano,16200,11860,86934,7.33,0.732
maiz,2020,2020/2021,Buenos Aires,General La Madrid,29000,26100,156600,6.0,0.9
maiz,2020,2020/2021,Buenos Aires,General Paz,6300,5100,39780,7.8,0.81
maiz,2020,2020/2021,Buenos Aires,General Lavalle,1000,200,1300,6.5,0.2
maiz,2020,2020/2021,Buenos Aires,General Las Heras,1780,280,2352,8.4,0.157
maiz,2020,2020/2021,Buenos Aires,Leandro N. Alem,33000,31000,275900,8.9,0.939
maiz,2020,2020/2021,Santiago del Estero,Sarmiento,6000,5670,33453,5.9,0.945
maiz,2020,2020/2021,Buenos Aires,Pila,12200,8300,64740,7.8,0.68
maiz,2020,2020/2021,Santiago del Estero,Silípica,5000,4500,33750,7.5,0.9
maiz,2020,2020/2021,Buenos Aires,Las Flores,15300,11165,81839,7.33,0.73
maiz,2020,2020/2021,Córdoba,Calamuchita,30800,27800,180700,6.5,0.903
maiz,2020,2020/2021,Buenos Aires,Hipólito Yrigoyen,39100,34600,259500,7.5,0.885
maiz,2020,2020/2021,Chaco,Sargento Cabral,350,180,648,3.6,0.514
maiz,2020,2020/2021,Buenos Aires,Laprida,10000,10000,60000,6.0,1.0
maiz,2020,2020/2021,Buenos Aires,La Plata,400,240,1872,7.8,0.6
maiz,2020,2020/2021,Buenos Aires,Junín,35500,33500,274700,8.2,0.944
maiz,2020,2020/2021,Buenos Aires,Lincoln,71000,60000,516000,8.6,0.845
maiz,2020,2020/2021,Chaco,25 de Mayo,200,140,392,2.8,0.7
maiz,2020,2020/2021,Buenos Aires,Pergamino,38866,37886,318240,8.4,0.975
maiz,2020,2020/2021,Buenos Aires,Mar Chiquita,21500,18200,149240,8.2,0.847
maiz,2020,2020/2021,Buenos Aires,Lobos,16000,11655,87063,7.47,0.728
maiz,2020,2020/2021,Buenos Aires,Lobería,46500,35500,266250,7.5,0.763
maiz,2020,2020/2021,Buenos Aires,Maipú,9000,7600,60800,8.0,0.844
maiz,2020,2020/2021,Buenos Aires,Magdalena,2860,1060,8162,7.7,0.371
maiz,2020,2020/2021,Buenos Aires,Luján,5300,1800,14400,8.0,0.34
maiz,2020,2020/2021,Buenos Aires,Marcos Paz,2390,1290,10191,7.9,0.54
maiz,2020,2020/2021,Buenos Aires,Navarro,11100,8060,61901,7.68,0.726
maiz,2020,2020/2021,Buenos Aires,Monte,16500,12040,90300,7.5,0.73
maiz,2020,2020/2021,Buenos Aires,Mercedes,5500,5054,22743,4.5,0.919
maiz,2020,2020/2021,Buenos Aires,Pellegrini,40000,8000,48000,6.0,0.2
maiz,2020,2020/2021,Buenos Aires,Necochea,60000,50700,405600,8.0,0.845
maiz,2020,2020/2021,Buenos Aires,Pehuajó,70900,65300,463630,7.1,0.921
maiz,2020,2020/2021,Buenos Aires,Patagones,4800,4320,41040,9.5,0.9
maiz,2020,2020/2021,Buenos Aires,Olavarría,43700,37700,263900,7.0,0.863
maiz,2020,2020/2021,Buenos Aires,Rauch,14500,12200,91500,7.5,0.841
maiz,2020,2020/2021,Entre Ríos,Paraná,48000,45800,279380,6.1,0.954
maiz,2020,2020/2021,Buenos Aires,San Cayetano,31000,24550,159575,6.5,0.792
maiz,2020,2020/2021,Buenos Aires,Ramallo,11645,11180,90554,8.1,0.96
maiz,2020,2020/2021,Buenos Aires,Punta Indio,380,180,1404,7.8,0.474
maiz,2020,2020/2021,Buenos Aires,Pilar,470,220,1782,8.1,0.468
maiz,2020,2020/2021,Buenos Aires,Puán,19000,17100,85500,5.0,0.9
maiz,2020,2020/2021,Buenos Aires,San Antonio de Areco,19377,18597,150635,8.1,0.96
maiz,2020,2020/2021,Buenos Aires,Saavedra,15000,13800,69000,5.0,0.92
maiz,2020,2020/2021,Buenos Aires,Roque Pérez,12300,8955,67521,7.54,0.728
maiz,2020,2020/2021,Buenos Aires,Rivadavia,90600,65846,460922,7.0,0.727
maiz,2020,2020/2021,Buenos Aires,Rojas,35000,33000,280500,8.5,0.943
maiz,2020,2020/2021,Buenos Aires,Saladillo,28100,20705,159636,7.71,0.737
maiz,2020,2020/2021,Buenos Aires,San Andrés de Giles,12200,11200,78400,7.0,0.918
maiz,2020,2020/2021,Buenos Aires,Salto,27735,26625,220991,8.3,0.96
maiz,2020,2020/2021,Buenos Aires,Salliqueló,28000,13500,81000,6.0,0.482
maiz,2020,2020/2021,Buenos Aires,San Nicolás,4135,3970,31759,8.0,0.96
maiz,2020,2020/2021,Chaco,2 de Abril,12000,10800,56160,5.2,0.9
maiz,2020,2020/2021,Chaco,12 de Octubre,29000,25250,128775,5.1,0.871
maiz,2020,2020/2021,Buenos Aires,San Pedro,12012,11532,94558,8.2,0.96
maiz,2020,2020/2021,Buenos Aires,Tapalqué,9500,6500,39000,6.0,0.684
maiz,2020,2020/2021,Buenos Aires,Tandil,49500,38000,266000,7.0,0.768
maiz,2020,2020/2021,Buenos Aires,San Vicente,700,400,3120,7.8,0.571
maiz,2020,2020/2021,Buenos Aires,Suipacha,9300,8549,38471,4.5,0.919
maiz,2020,2020/2021,Buenos Aires,Tres Arroyos,74980,61730,413591,6.7,0.823
maiz,2020,2020/2021,Catamarca,Santa Rosa,17400,16200,119880,7.4,0.931
maiz,2020,2020/2021,Buenos Aires,Trenque Lauquen,127700,89170,633107,7.1,0.698
maiz,2020,2020/2021,Buenos Aires,Tornquist,8000,7200,32400,4.5,0.9
maiz,2020,2020/2021,Buenos Aires,Tres Lomas,37000,15000,90000,6.0,0.405
maiz,2020,2020/2021,Catamarca,El Alto,1000,1000,5000,5.0,1.0
maiz,2020,2020/2021,Buenos Aires,Zárate,2363,2268,18598,8.2,0.96
maiz,2020,2020/2021,Buenos Aires,Villarino,7200,6480,58320,9.0,0.9
maiz,2020,2020/2021,Entre Ríos,Nogoyá,38000,34200,167580,4.9,0.9
maiz,2020,2020/2021,Chaco,Mayor Luis J. Fontana,4500,3710,17066,4.6,0.824
maiz,2020,2020/2021,Córdoba,Tercero Arriba,160600,142100,1278900,9.0,0.885
maiz,2020,2020/2021,Chaco,9 de Julio,18000,16100,80500,5.0,0.894
maiz,2020,2020/2021,Chaco,San Lorenzo,700,610,2562,4.2,0.871
maiz,2020,2020/2021,Chaco,Comandante Fernández,5900,4410,14112,3.2,0.747
maiz,2020,2020/2021,Chaco,San Fernando,100,75,300,4.0,0.75
maiz,2020,2020/2021,Chaco,Maipú,10800,8570,33423,3.9,0.794
maiz,2020,2020/2021,Chaco,Chacabuco,14000,13790,71708,5.2,0.985
maiz,2020,2020/2021,Chaco,Almirante Brown,73900,59190,284112,4.8,0.801
maiz,2020,2020/2021,Chaco,Libertador General San Martín,1600,1200,3000,2.5,0.75
maiz,2020,2020/2021,Chaco,General Belgrano,9500,8650,46710,5.4,0.911
maiz,2020,2020/2021,Chaco,Fray Justo Santa María de Oro,5300,4080,17136,4.2,0.77
maiz,2020,2020/2021,Chaco,Independencia,20700,15690,62760,4.0,0.758
maiz,2020,2020/2021,Chaco,General Güemes,12300,9900,37620,3.8,0.805
maiz,2020,2020/2021,Chaco,Presidencia de la Plaza,200,100,250,2.5,0.5
maiz,2020,2020/2021,Córdoba,Cruz del Eje,2000,1200,9600,8.0,0.6
maiz,2020,2020/2021,Córdoba,Santa María,57600,57600,489600,8.5,1.0
maiz,2020,2020/2021,Chaco,Quitilipi,2200,1650,4950,3.0,0.75
maiz,2020,2020/2021,Córdoba,Pocho,3500,3500,28000,8.0,1.0
maiz,2020,2020/2021,Chaco,O'Higgins,7000,6190,30331,4.9,0.884
maiz,2020,2020/2021,Córdoba,Marcos Juárez,214358,192258,1884132,9.8,0.897
maiz,2020,2020/2021,Córdoba,Juárez Celman,214200,195200,1659200,8.5,0.911
maiz,2020,2020/2021,Córdoba,General Roca,318500,298101,2354998,7.9,0.936
maiz,2020,2020/2021,Córdoba,Río Primero,179900,137055,1192379,8.7,0.762
maiz,2020,2020/2021,Córdoba,San Justo,332900,284075,2499860,8.8,0.853
maiz,2020,2020/2021,Córdoba,Río Cuarto,563000,525000,3412500,6.5,0.933
maiz,2020,2020/2021,Córdoba,Presidente Roque Sáenz Peña,136500,125937,1158620,9.2,0.923
maiz,2020,2020/2021,Córdoba,Río Seco,62400,48440,411740,8.5,0.776
maiz,2020,2020/2021,Córdoba,San Javier,3000,3000,28500,9.5,1.0
maiz,2020,2020/2021,Córdoba,San Alberto,1950,1950,13650,7.0,1.0
maiz,2020,2020/2021,Córdoba,Río Segundo,152000,131000,1113500,8.5,0.862
maiz,2020,2020/2021,Corrientes,Mercedes,700,700,3850,5.5,1.0
maiz,2020,2020/2021,Entre Ríos,La Paz,30400,29000,171100,5.9,0.954
maiz,2020,2020/2021,Corrientes,Bella Vista,600,600,3300,5.5,1.0
maiz,2020,2020/2021,Corrientes,Berón de Astrada,400,400,2200,5.5,1.0
maiz,2020,2020/2021,Córdoba,Unión,251146,217046,2018524,9.3,0.864
maiz,2020,2020/2021,Córdoba,Totoral,73300,60970,536536,8.8,0.832
maiz,2020,2020/2021,Córdoba,Tulumba,66300,47380,407468,8.6,0.715
maiz,2020,2020/2021,Corrientes,Curuzu Cuatia,800,800,4400,5.5,1.0
maiz,2020,2020/2021,Corrientes,Lavalle,900,900,4950,5.5,1.0
maiz,2020,2020/2021,Corrientes,Concepción,500,500,2750,5.5,1.0
maiz,2020,2020/2021,Corrientes,Capital,700,700,3850,5.5,1.0
maiz,2020,2020/2021,Corrientes,Empedrado,300,300,1650,5.5,1.0
maiz,2020,2020/2021,Corrientes,Ituzaingó,700,700,3850,5.5,1.0
maiz,2020,2020/2021,Corrientes,Goya,500,500,2750,5.5,1.0
maiz,2020,2020/2021,Corrientes,Esquina,500,500,2750,5.5,1.0
maiz,2020,2020/2021,Entre Ríos,Gualeguaychú,65000,62800,219800,3.5,0.966
maiz,2020,2020/2021,Corrientes,Santo Tomé,400,400,2200,5.5,1.0
maiz,2020,2020/2021,Corrientes,Paso de los Libres,400,400,2200,5.5,1.0
maiz,2020,2020/2021,Corrientes,San Roque,450,450,2475,5.5,1.0
maiz,2020,2020/2021,Corrientes,San Luis del Palmar,1200,1200,6600,5.5,1.0
maiz,2020,2020/2021,Corrientes,Saladas,600,600,3300,5.5,1.0
maiz,2020,2020/2021,Corrientes,San Miguel,250,250,1375,5.5,1.0
maiz,2020,2020/2021,Corrientes,San Martín,800,800,4400,5.5,1.0
maiz,2020,2020/2021,Entre Ríos,Concordia,6700,6700,40200,6.0,1.0
maiz,2020,2020/2021,Entre Ríos,Gualeguay,42500,41800,167200,4.0,0.984
maiz,2020,2020/2021,Entre Ríos,Colón,12000,11150,56865,5.1,0.929
maiz,2020,2020/2021,Corrientes,Sauce,300,300,1650,5.5,1.0
maiz,2020,2020/2021,Entre Ríos,Diamante,31500,30100,177590,5.9,0.956
maiz,2020,2020/2021,Entre Ríos,Feliciano,3300,3300,19470,5.9,1.0
maiz,2020,2020/2021,Entre Ríos,Federal,7300,7300,43800,6.0,1.0
maiz,2020,2020/2021,Entre Ríos,Federación,3500,3500,20650,5.9,1.0
maiz,2020,2020/2021,San Luis,Coronel Pringles,66000,61500,399750,6.5,0.932
maiz,2020,2020/2021,Jujuy,Palpalá,144,115,749,6.513,0.799
maiz,2020,2020/2021,Santiago del Estero,San Martín,3000,2700,20250,7.5,0.9
maiz,2020,2020/2021,Jujuy,Ledesma,84,67,437,6.522,0.798
maiz,2020,2020/2021,Entre Ríos,Uruguay,49000,47800,215100,4.5,0.976
maiz,2020,2020/2021,Entre Ríos,Tala,23000,22000,107800,4.9,0.957
maiz,2020,2020/2021,Entre Ríos,San Salvador,4500,4350,23055,5.3,0.967
maiz,2020,2020/2021,Jujuy,El Carmen,464,371,2413,6.504,0.8
maiz,2020,2020/2021,Entre Ríos,Villaguay,36000,35400,208860,5.9,0.983
maiz,2020,2020/2021,Entre Ríos,Victoria,45000,44200,234260,5.3,0.982
maiz,2020,2020/2021,Jujuy,Dr. Manuel Belgrano,97,78,504,6.462,0.804
maiz,2020,2020/2021,Formosa,sin definir,38000,13200,66000,5.0,0.347
maiz,2020,2020/2021,Misiones,25 de Mayo,5500,1289,5414,4.2,0.234
maiz,2020,2020/2021,Jujuy,San Pedro,2050,1640,10660,6.5,0.8
maiz,2020,2020/2021,Jujuy,San Antonio,792,634,4118,6.495,0.801
maiz,2020,2020/2021,La Pampa,Conhelo,73000,51800,305620,5.9,0.71
maiz,2020,2020/2021,La Pampa,Chapaleufú,56600,49100,412440,8.4,0.867
maiz,2020,2020/2021,La Pampa,Atreucó,51300,46170,267786,5.8,0.9
maiz,2020,2020/2021,Jujuy,Santa Bárbara,3920,3136,20384,6.5,0.8
maiz,2020,2020/2021,La Pampa,Catriló,47100,41000,246000,6.0,0.87
maiz,2020,2020/2021,La Pampa,Capital,25500,16240,86072,5.3,0.637
maiz,2020,2020/2021,La Pampa,Quemú Quemú,47400,26200,206980,7.9,0.553
maiz,2020,2020/2021,La Pampa,Maracó,46600,37500,311250,8.3,0.805
maiz,2020,2020/2021,La Pampa,Guatraché,17000,6600,23100,3.5,0.388
maiz,2020,2020/2021,La Pampa,Hucal,7100,900,3150,3.5,0.127
maiz,2020,2020/2021,La Pampa,Utracán,7000,3000,10500,3.5,0.429
maiz,2020,2020/2021,La Pampa,Rancul,65100,44100,299880,6.8,0.677
maiz,2020,2020/2021,La Pampa,Trenel,54300,13800,81420,5.9,0.254
maiz,2020,2020/2021,La Pampa,Toay,20000,6000,24000,4.0,0.3
maiz,2020,2020/2021,La Pampa,Realicó,70900,32800,259120,7.9,0.463
maiz,2020,2020/2021,Misiones,San Pedro,2700,650,2730,4.2,0.241
maiz,2020,2020/2021,Misiones,Cainguás,2700,610,2440,4.0,0.226
maiz,2020,2020/2021,San Luis,Chacabuco,30000,27000,162000,6.0,0.9
maiz,2020,2020/2021,Misiones,Iguazú,500,100,400,4.0,0.2
maiz,2020,2020/2021,Misiones,San Javier,750,250,1000,4.0,0.333
maiz,2020,2020/2021,Misiones,Guaraní,11000,2901,12184,4.2,0.264
maiz,2020,2020/2021,Misiones,General Manuel Belgrano,4900,1770,7788,4.4,0.361
maiz,2020,2020/2021,Misiones,San Ignacio,100,30,120,4.0,0.3
maiz,2020,2020/2021,Misiones,Leandro N. Alem,700,200,800,4.0,0.286
maiz,2020,2020/2021,Misiones,Oberá,700,200,800,4.0,0.286
maiz,2020,2020/2021,San Luis,Ayacucho,6500,5700,69540,12.2,0.877
maiz,2020,2020/2021,Salta,General José de San Martín,52900,48970,328099,6.7,0.926
maiz,2020,2020/2021,Salta,Anta,157000,144760,969892,6.7,0.922
maiz,2020,2020/2021,Salta,General Güemes,2180,2180,15042,6.9,1.0
maiz,2020,2020/2021,Salta,Capital,145,145,1001,6.903,1.0
maiz,2020,2020/2021,Salta,Cachi,70,70,350,5.0,1.0
maiz,2020,2020/2021,Salta,Chicoana,912,912,6293,6.9,1.0
maiz,2020,2020/2021,Salta,Cerrillos,598,598,4126,6.9,1.0
maiz,2020,2020/2021,Salta,La Viña,95,95,637,6.705,1.0
maiz,2020,2020/2021,Salta,Rosario de Lerma,200,200,1380,6.9,1.0
maiz,2020,2020/2021,Salta,La Candelaria,3200,3200,22080,6.9,1.0
maiz,2020,2020/2021,Salta,La Caldera,62,62,422,6.806,1.0
maiz,2020,2020/2021,Salta,Metán,26200,22170,159624,7.2,0.846
maiz,2020,2020/2021,Salta,Rosario de la Frontera,51600,46580,330718,7.1,0.903
maiz,2020,2020/2021,Salta,Rivadavia,8432,8432,55651,6.6,1.0
maiz,2020,2020/2021,Salta,Orán,5843,5153,34525,6.7,0.882
maiz,2020,2020/2021,Santiago del Estero,Robles,4000,3600,27000,7.5,0.9
maiz,2020,2020/2021,San Luis,Gobernador Dupuy,68000,57000,330600,5.8,0.838
maiz,2020,2020/2021,San Luis,General Pedernera,190000,170000,1020000,6.0,0.895
maiz,2020,2020/2021,Santa Fe,General Obligado,39500,35100,140400,4.0,0.889
maiz,2020,2020/2021,San Luis,Juan Martín de Pueyrredón,37500,35500,220100,6.2,0.947
maiz,2020,2020/2021,Santa Fe,General López,233000,216000,2142720,9.92,0.927
maiz,2020,2020/2021,Santa Fe,9 de Julio,38500,30600,174420,5.7,0.795
maiz,2020,2020/2021,San Luis,Libertador General San Martín,2800,2500,19500,7.8,0.893
maiz,2020,2020/2021,San Luis,Junín,5100,4700,32900,7.0,0.922
maiz,2020,2020/2021,Santa Fe,Garay,3000,2000,14000,7.0,0.667
maiz,2020,2020/2021,Santa Fe,Caseros,57700,57700,519300,9.0,1.0
maiz,2020,2020/2021,Santa Fe,Belgrano,48200,45300,362400,8.0,0.94
maiz,2020,2020/2021,Santa Fe,Villa Constitución,43300,43300,368050,8.5,1.0
maiz,2020,2020/2021,Santa Fe,Castellanos,110000,66000,567600,8.6,0.6
maiz,2020,2020/2021,Santiago del Estero,Belgrano,44000,39540,300504,7.6,0.899
maiz,2020,2020/2021,Santa Fe,San Jerónimo,58500,54900,384300,7.0,0.938
maiz,2020,2020/2021,Santa Fe,Iriondo,50900,47700,429300,9.0,0.937
maiz,2020,2020/2021,Santa Fe,San Javier,8000,6900,22770,3.3,0.862
maiz,2020,2020/2021,Santa Fe,Las Colonias,105500,63500,444500,7.0,0.602
maiz,2020,2020/2021,Santa Fe,La Capital,13300,6700,40200,6.0,0.504
maiz,2020,2020/2021,Santa Fe,San Cristóbal,94700,53700,268500,5.0,0.567
maiz,2020,2020/2021,Santa Fe,Rosario,30100,30100,246820,8.2,1.0
maiz,2020,2020/2021,Santa Fe,San Martín,86900,80600,564200,7.0,0.928
maiz,2020,2020/2021,Santiago del Estero,Capital,4000,3600,27000,7.5,0.9
maiz,2020,2020/2021,Santiago del Estero,Banda,4000,3600,25200,7.0,0.9
maiz,2020,2020/2021,Santa Fe,San Lorenzo,25400,25400,220980,8.7,1.0
maiz,2020,2020/2021,Santa Fe,San Justo,36330,25430,152580,6.0,0.7
maiz,2020,2020/2021,Santa Fe,Vera,15000,13200,59400,4.5,0.88
maiz,2020,2020/2021,Santiago del Estero,Avellaneda,5500,5075,36540,7.2,0.923
maiz,2020,2020/2021,Santiago del Estero,Alberdi,70500,64455,515640,8.0,0.914
maiz,2020,2020/2021,Santiago del Estero,Aguirre,19000,17270,124344,7.2,0.909
maiz,2020,2020/2021,Santiago del Estero,Rivadavia,30500,27431,200246,7.3,0.899
maiz,2020,2020/2021,Santiago del Estero,Río Hondo,9000,8100,60750,7.5,0.9
maiz,2020,2020/2021,Santiago del Estero,General Taboada,94000,86750,667975,7.7,0.923
maiz,2020,2020/2021,Santiago del Estero,Figueroa,5000,4500,33750,7.5,0.9
maiz,2020,2020/2021,Santiago del Estero,Copo,10500,10175,62068,6.1,0.969
maiz,2020,2020/2021,Santiago del Estero,Choya,6000,5400,37800,7.0,0.9
maiz,2020,2020/2021,Santiago del Estero,Loreto,3000,2700,20250,7.5,0.9
maiz,2020,2020/2021,Santiago del Estero,Quebrachos,2200,1980,13860,7.0,0.9
maiz,2020,2020/2021,Santiago del Estero,Juan F. Ibarra,64000,60885,450549,7.4,0.951
maiz,2020,2020/2021,Santiago del Estero,Guasayán,8000,7200,54000,7.5,0.9
maiz,2020,2020/2021,Santiago del Estero,Jiménez,60000,54000,405000,7.5,0.9
maiz,2020,2020/2021,Santiago del Estero,Mitre,15000,13500,101250,7.5,0.9
maiz,2020,2020/2021,Santiago del Estero,Pellegrini,50000,45000,337500,7.5,0.9
maiz,2020,2020/2021,Santiago del Estero,Ojo de Agua,1700,1530,10710,7.0,0.9
maiz,2020,2020/2021,Santiago del Estero,Moreno,221000,209450,1539458,7.35,0.948
maiz,2020,2020/2021,Tucumán,Cruz Alta,11000,10320,54696,5.3,0.938
maiz,2020,2020/2021,Tucumán,Graneros,15300,14490,72450,5.0,0.947
maiz,2020,2020/2021,Tucumán,Trancas,650,350,2205,6.3,0.538
maiz,2020,2020/2021,Tucumán,Simoca,400,400,2080,5.2,1.0
maiz,2020,2020/2021,Tucumán,Tafí del Valle,60,60,300,5.0,1.0
maiz,2021,2021/2022,Buenos Aires,Cañuelas,2300,1620,11016,6.8,0.704
maiz,2021,2021/2022,Buenos Aires,Campana,1360,1260,8159,6.475,0.926
maiz,2021,2021/2022,Buenos Aires,Brandsen,1600,600,3900,6.5,0.375
maiz,2021,2021/2022,Buenos Aires,Bragado,46000,41400,331200,8.0,0.9
maiz,2021,2021/2022,Buenos Aires,Bolívar,56300,43914,373269,8.5,0.78
maiz,2021,2021/2022,Buenos Aires,Benito Juárez,29500,18500,120250,6.5,0.627
maiz,2021,2021/2022,Buenos Aires,9 de Julio,69000,62100,496800,8.0,0.9
maiz,2021,2021/2022,Buenos Aires,25 de Mayo,60700,44007,323451,7.35,0.725
maiz,2021,2021/2022,Buenos Aires,Alberti,26000,23400,187200,8.0,0.9
maiz,2021,2021/2022,Buenos Aires,Baradero,21300,19800,132660,6.7,0.93
maiz,2021,2021/2022,Buenos Aires,Balcarce,62000,48000,321600,6.7,0.774
maiz,2021,2021/2022,Buenos Aires,Adolfo Gonzales Chaves,22299,16383,57339,3.5,0.735
maiz,2021,2021/2022,Buenos Aires,Adolfo Alsina,79000,34000,244800,7.2,0.43
maiz,2021,2021/2022,Buenos Aires,Arrecifes,19800,18000,121500,6.75,0.909
maiz,2021,2021/2022,Buenos Aires,Bahía Blanca,2400,500,1500,3.0,0.208
maiz,2021,2021/2022,Buenos Aires,Azul,69500,45500,300300,6.6,0.655
maiz,2021,2021/2022,Buenos Aires,Ayacucho,36000,31500,214200,6.8,0.875
maiz,2021,2021/2022,Buenos Aires,General Alvear,16700,13026,100300,7.7,0.78
maiz,2021,2021/2022,Corrientes,Capital,700,700,3150,4.5,1.0
maiz,2021,2021/2022,Córdoba,Marcos Juárez,246300,223400,2234000,10.0,0.907
maiz,2021,2021/2022,Buenos Aires,General Alvarado,22800,19800,128700,6.5,0.868
maiz,2021,2021/2022,Buenos Aires,Chivilcoy,36000,32400,243000,7.5,0.9
maiz,2021,2021/2022,Buenos Aires,Carlos Casares,41200,27604,234634,8.5,0.67
maiz,2021,2021/2022,Buenos Aires,Capitán Sarmiento,9800,8400,57834,6.885,0.857
maiz,2021,2021/2022,Buenos Aires,Carlos Tejedor,48769,43369,364300,8.4,0.889
maiz,2021,2021/2022,Buenos Aires,Chascomús,11050,5960,41720,7.0,0.539
maiz,2021,2021/2022,Buenos Aires,Chacabuco,44000,42500,301750,7.1,0.966
maiz,2021,2021/2022,Buenos Aires,Carmen de Areco,25000,23900,133840,5.6,0.956
maiz,2021,2021/2022,Buenos Aires,Castelli,9000,3000,21000,7.0,0.333
maiz,2021,2021/2022,Buenos Aires,Coronel Dorrego,66418,49107,147322,3.0,0.739
maiz,2021,2021/2022,Buenos Aires,Patagones,4800,4000,32000,8.0,0.833
maiz,2021,2021/2022,Buenos Aires,Florentino Ameghino,24000,18500,142450,7.7,0.771
maiz,2021,2021/2022,Buenos Aires,Coronel de Marina Leonardo Rosales,3500,2500,9500,3.8,0.714
maiz,2021,2021/2022,Buenos Aires,Colón,20350,18750,138750,7.4,0.921
maiz,2021,2021/2022,Buenos Aires,Exaltación de la Cruz,5250,5100,34935,6.85,0.971
maiz,2021,2021/2022,Buenos Aires,Coronel Suárez,48000,29030,232240,8.0,0.605
maiz,2021,2021/2022,Buenos Aires,Coronel Pringles,20097,14857,59427,4.0,0.739
maiz,2021,2021/2022,Buenos Aires,Daireaux,49000,38220,343980,9.0,0.78
maiz,2021,2021/2022,Buenos Aires,Junín,38350,36650,296865,8.1,0.956
maiz,2021,2021/2022,Buenos Aires,General Las Heras,1650,150,1080,7.2,0.091
maiz,2021,2021/2022,Buenos Aires,General Arenales,36000,34600,228360,6.6,0.961
maiz,2021,2021/2022,Buenos Aires,General La Madrid,42000,40124,260806,6.5,0.955
maiz,2021,2021/2022,Buenos Aires,General Juan Madariaga,15300,12600,98280,7.8,0.824
maiz,2021,2021/2022,Buenos Aires,General Belgrano,16253,11824,83123,7.03,0.727
maiz,2021,2021/2022,Buenos Aires,General Guido,4300,3300,21450,6.5,0.767
maiz,2021,2021/2022,Buenos Aires,General Pueyrredón,13800,12300,86100,7.0,0.891
maiz,2021,2021/2022,Buenos Aires,Hipólito Yrigoyen,30500,23790,202215,8.5,0.78
maiz,2021,2021/2022,Buenos Aires,General Pinto,46000,41000,323900,7.9,0.891
maiz,2021,2021/2022,Buenos Aires,General Lavalle,1000,200,1200,6.0,0.2
maiz,2021,2021/2022,Buenos Aires,General Paz,4300,3100,21700,7.0,0.721
maiz,2021,2021/2022,Buenos Aires,General Rodríguez,1000,250,1800,7.2,0.25
maiz,2021,2021/2022,Buenos Aires,Guaminí,66000,31000,223200,7.2,0.47
maiz,2021,2021/2022,Buenos Aires,General Villegas,119000,109000,844750,7.75,0.916
maiz,2021,2021/2022,Buenos Aires,General Viamonte,35000,31000,248000,8.0,0.886
maiz,2021,2021/2022,Buenos Aires,Olavarría,47000,36660,285948,7.8,0.78
maiz,2021,2021/2022,Buenos Aires,Lobos,16091,11642,82425,7.08,0.724
maiz,2021,2021/2022,Buenos Aires,La Plata,320,160,1104,6.9,0.5
maiz,2021,2021/2022,Buenos Aires,Lobería,69800,52800,369600,7.0,0.756
maiz,2021,2021/2022,Buenos Aires,Las Flores,21327,15515,109070,7.03,0.727
maiz,2021,2021/2022,Buenos Aires,Laprida,14337,10534,36868,3.5,0.735
maiz,2021,2021/2022,Buenos Aires,Lincoln,68200,57200,454740,7.95,0.839
maiz,2021,2021/2022,Buenos Aires,Leandro N. Alem,33000,31000,251100,8.1,0.939
maiz,2021,2021/2022,Buenos Aires,Maipú,9000,7600,57000,7.5,0.844
maiz,2021,2021/2022,Buenos Aires,Necochea,60801,44742,156598,3.5,0.736
maiz,2021,2021/2022,Buenos Aires,Navarro,12473,9049,64429,7.12,0.725
maiz,2021,2021/2022,Buenos Aires,Magdalena,2100,300,2040,6.8,0.143
maiz,2021,2021/2022,Buenos Aires,Luján,5000,1500,10800,7.2,0.3
maiz,2021,2021/2022,Buenos Aires,Mar Chiquita,23100,19800,154440,7.8,0.857
maiz,2021,2021/2022,Buenos Aires,Monte,16525,11997,83619,6.97,0.726
maiz,2021,2021/2022,Buenos Aires,Mercedes,6000,5100,22950,4.5,0.85
maiz,2021,2021/2022,Buenos Aires,Marcos Paz,2300,1290,9288,7.2,0.561
maiz,2021,2021/2022,Santa Fe,San Javier,8000,6500,26715,4.11,0.812
maiz,2021,2021/2022,Córdoba,Juárez Celman,214200,199200,1294800,6.5,0.93
maiz,2021,2021/2022,Buenos Aires,Tres Lomas,37000,15000,117000,7.8,0.405
maiz,2021,2021/2022,Buenos Aires,Pehuajó,92150,86150,766735,8.9,0.935
maiz,2021,2021/2022,Buenos Aires,Roque Pérez,12349,8959,63071,7.04,0.725
maiz,2021,2021/2022,Buenos Aires,Pellegrini,40000,8000,64000,8.0,0.2
maiz,2021,2021/2022,Buenos Aires,Rojas,38000,36900,317340,8.6,0.971
maiz,2021,2021/2022,Buenos Aires,Pilar,530,220,1584,7.2,0.415
maiz,2021,2021/2022,Buenos Aires,Pila,12700,8800,59840,6.8,0.693
maiz,2021,2021/2022,Buenos Aires,Pergamino,55100,52250,391875,7.5,0.948
maiz,2021,2021/2022,Buenos Aires,Rivadavia,95032,69932,594422,8.5,0.736
maiz,2021,2021/2022,Buenos Aires,Punta Indio,270,70,455,6.5,0.259
maiz,2021,2021/2022,Buenos Aires,Puán,13000,4846,19869,4.1,0.373
maiz,2021,2021/2022,Buenos Aires,Rauch,9600,7200,48960,6.8,0.75
maiz,2021,2021/2022,Buenos Aires,Ramallo,16300,15100,98603,6.53,0.926
maiz,2021,2021/2022,Buenos Aires,San Nicolás,3900,3300,21120,6.4,0.846
maiz,2021,2021/2022,Buenos Aires,Saladillo,31126,22566,160896,7.13,0.725
maiz,2021,2021/2022,Buenos Aires,Saavedra,21000,21000,98700,4.7,1.0
maiz,2021,2021/2022,Buenos Aires,Tres Arroyos,92534,68181,272724,4.0,0.737
maiz,2021,2021/2022,Buenos Aires,San Cayetano,45573,33736,134944,4.0,0.74
maiz,2021,2021/2022,Buenos Aires,Salto,31300,29300,219750,7.5,0.936
maiz,2021,2021/2022,Buenos Aires,Salliqueló,28000,13500,108000,8.0,0.482
maiz,2021,2021/2022,Buenos Aires,San Antonio de Areco,16250,14450,96237,6.66,0.889
maiz,2021,2021/2022,Buenos Aires,San Andrés de Giles,12810,11610,65016,5.6,0.906
maiz,2021,2021/2022,Buenos Aires,Suipacha,11000,9350,42075,4.5,0.85
maiz,2021,2021/2022,Buenos Aires,Trenque Lauquen,121711,81961,639296,7.8,0.673
maiz,2021,2021/2022,Buenos Aires,San Vicente,700,400,2800,7.0,0.571
maiz,2021,2021/2022,Buenos Aires,San Pedro,17250,16250,105544,6.495,0.942
maiz,2021,2021/2022,Buenos Aires,Tandil,68000,51000,331500,6.5,0.75
maiz,2021,2021/2022,Buenos Aires,Tornquist,14000,14000,57400,4.1,1.0
maiz,2021,2021/2022,Buenos Aires,Tapalqué,10500,8190,63063,7.7,0.78
maiz,2021,2021/2022,Chaco,General Güemes,14000,11600,48720,4.2,0.829
maiz,2021,2021/2022,Córdoba,Ischilín,4890,4075,27710,6.8,0.833
maiz,2021,2021/2022,Catamarca,El Alto,1100,820,3690,4.5,0.745
maiz,2021,2021/2022,Catamarca,Santa Rosa,17600,16350,99735,6.1,0.929
maiz,2021,2021/2022,Catamarca,Capayán,100,50,155,3.1,0.5
maiz,2021,2021/2022,Buenos Aires,Villarino,7200,6500,52000,8.0,0.903
maiz,2021,2021/2022,Buenos Aires,Zárate,5200,5100,35190,6.9,0.981
maiz,2021,2021/2022,Chaco,9 de Julio,18000,15890,76272,4.8,0.883
maiz,2021,2021/2022,Chaco,25 de Mayo,300,100,280,2.8,0.333
maiz,2021,2021/2022,Chaco,12 de Octubre,46000,41330,206650,5.0,0.898
maiz,2021,2021/2022,Chaco,2 de Abril,20000,17500,91000,5.2,0.875
maiz,2021,2021/2022,Chaco,General Belgrano,15000,12950,64750,5.0,0.863
maiz,2021,2021/2022,Chaco,Almirante Brown,90000,75950,349370,4.6,0.844
maiz,2021,2021/2022,Chaco,Fray Justo Santa María de Oro,8000,6960,29232,4.2,0.87
maiz,2021,2021/2022,Chaco,Comandante Fernández,7500,5800,17400,3.0,0.773
maiz,2021,2021/2022,Chaco,Chacabuco,20800,18670,93350,5.0,0.898
maiz,2021,2021/2022,Chaco,Quitilipi,2300,1600,4160,2.6,0.696
maiz,2021,2021/2022,Chaco,Independencia,28000,22200,93240,4.2,0.793
maiz,2021,2021/2022,Córdoba,General San Martín,140000,77000,539000,7.0,0.55
maiz,2021,2021/2022,Chaco,Presidencia de la Plaza,300,100,280,2.8,0.333
maiz,2021,2021/2022,Chaco,Maipú,15000,12800,48640,3.8,0.853
maiz,2021,2021/2022,Chaco,Libertador General San Martín,2500,1500,4200,2.8,0.6
maiz,2021,2021/2022,Chaco,O'Higgins,10150,8770,42973,4.9,0.864
maiz,2021,2021/2022,Chaco,Mayor Luis J. Fontana,7500,6500,27300,4.2,0.867
maiz,2021,2021/2022,Chaco,Sargento Cabral,500,300,1140,3.8,0.6
maiz,2021,2021/2022,Córdoba,General Roca,309650,263747,2083601,7.9,0.852
maiz,2021,2021/2022,Chaco,San Lorenzo,450,373,1417,3.799,0.829
maiz,2021,2021/2022,Chaco,San Fernando,100,87,365,4.195,0.87
maiz,2021,2021/2022,Córdoba,Calamuchita,30800,28800,172800,6.0,0.935
maiz,2021,2021/2022,Córdoba,Cruz del Eje,3200,3200,24000,7.5,1.0
maiz,2021,2021/2022,Córdoba,Colón,43980,34197,266737,7.8,0.778
maiz,2021,2021/2022,Córdoba,Capital,5400,5400,40500,7.5,1.0
maiz,2021,2021/2022,Córdoba,San Alberto,1950,1950,17550,9.0,1.0
maiz,2021,2021/2022,Corrientes,Concepción,500,500,2250,4.5,1.0
maiz,2021,2021/2022,Córdoba,Unión,290400,252200,2269800,9.0,0.868
maiz,2021,2021/2022,Santa Fe,San Cristóbal,101939,37739,162278,4.3,0.37
maiz,2021,2021/2022,Corrientes,San Roque,450,450,2025,4.5,1.0
maiz,2021,2021/2022,Corrientes,Bella Vista,600,600,2700,4.5,1.0
maiz,2021,2021/2022,Corrientes,Berón de Astrada,400,400,1800,4.5,1.0
maiz,2021,2021/2022,Córdoba,Río Segundo,159000,137000,1096000,8.0,0.862
maiz,2021,2021/2022,Córdoba,Pocho,3500,3500,21000,6.0,1.0
maiz,2021,2021/2022,Córdoba,Río Seco,62440,49979,349853,7.0,0.8
maiz,2021,2021/2022,Córdoba,Río Primero,179997,165239,1255816,7.6,0.918
maiz,2021,2021/2022,Córdoba,Presidente Roque Sáenz Peña,157423,141471,1301533,9.2,0.899
maiz,2021,2021/2022,Córdoba,Río Cuarto,563000,525000,2887500,5.5,0.933
maiz,2021,2021/2022,La Pampa,Atreucó,53600,45100,248050,5.5,0.841
maiz,2021,2021/2022,Córdoba,Totoral,73395,64815,492594,7.6,0.883
maiz,2021,2021/2022,Corrientes,Curuzu Cuatia,800,800,3600,4.5,1.0
maiz,2021,2021/2022,Corrientes,San Miguel,250,250,1125,4.5,1.0
maiz,2021,2021/2022,Córdoba,Tulumba,66395,59805,430596,7.2,0.901
maiz,2021,2021/2022,Corrientes,Empedrado,300,300,1350,4.5,1.0
maiz,2021,2021/2022,Córdoba,San Javier,3000,3000,27000,9.0,1.0
maiz,2021,2021/2022,Córdoba,Tercero Arriba,176000,157000,1099000,7.0,0.892
maiz,2021,2021/2022,Córdoba,Santa María,80000,80000,560000,7.0,1.0
maiz,2021,2021/2022,Córdoba,San Justo,332900,246022,1968176,8.0,0.739
maiz,2021,2021/2022,Corrientes,Lavalle,900,900,4050,4.5,1.0
maiz,2021,2021/2022,Corrientes,San Martín,800,800,3600,4.5,1.0
maiz,2021,2021/2022,Corrientes,Ituzaingó,700,700,3150,4.5,1.0
maiz,2021,2021/2022,Corrientes,Esquina,500,500,2250,4.5,1.0
maiz,2021,2021/2022,Corrientes,Goya,500,500,2250,4.5,1.0
maiz,2021,2021/2022,Corrientes,Mercedes,700,700,3150,4.5,1.0
maiz,2021,2021/2022,Corrientes,San Luis del Palmar,1200,1200,5400,4.5,1.0
maiz,2021,2021/2022,Corrientes,Saladas,600,600,2700,4.5,1.0
maiz,2021,2021/2022,Corrientes,Paso de los Libres,400,400,1800,4.5,1.0
maiz,2021,2021/2022,Jujuy,Santa Bárbara,5980,3096,12384,4.0,0.518
maiz,2021,2021/2022,Entre Ríos,Diamante,31900,29800,149000,5.0,0.934
maiz,2021,2021/2022,Entre Ríos,Tala,26000,25050,80160,3.2,0.963
maiz,2021,2021/2022,Entre Ríos,Concordia,7900,7900,32390,4.1,1.0
maiz,2021,2021/2022,Entre Ríos,Colón,13000,11950,35850,3.0,0.919
maiz,2021,2021/2022,Corrientes,Santo Tomé,400,400,1800,4.5,1.0
maiz,2021,2021/2022,Corrientes,Sauce,300,300,1350,4.5,1.0
maiz,2021,2021/2022,Entre Ríos,Gualeguay,45000,43650,187695,4.3,0.97
maiz,2021,2021/2022,Entre Ríos,San Salvador,5500,5300,14310,2.7,0.964
maiz,2021,2021/2022,Entre Ríos,Feliciano,6500,6500,26000,4.0,1.0
maiz,2021,2021/2022,Entre Ríos,Federación,5300,5300,21200,4.0,1.0
maiz,2021,2021/2022,Entre Ríos,Federal,8800,8800,37840,4.3,1.0
maiz,2021,2021/2022,Entre Ríos,Gualeguaychú,74000,71550,236115,3.3,0.967
maiz,2021,2021/2022,Entre Ríos,Paraná,58200,55600,278000,5.0,0.955
maiz,2021,2021/2022,Entre Ríos,Nogoyá,46000,41700,133440,3.2,0.907
maiz,2021,2021/2022,Entre Ríos,La Paz,39500,37700,158340,4.2,0.954
maiz,2021,2021/2022,Formosa,Laishí,4676,676,3380,5.0,0.145
maiz,2021,2021/2022,Jujuy,San Pedro,2050,2050,8200,4.0,1.0
maiz,2021,2021/2022,Entre Ríos,Uruguay,62000,60200,159530,2.65,0.971
maiz,2021,2021/2022,Formosa,Formosa,6325,762,3962,5.199,0.12
maiz,2021,2021/2022,Formosa,Bermejo,2394,1090,4033,3.7,0.455
maiz,2021,2021/2022,Entre Ríos,Victoria,45500,43800,188340,4.3,0.963
maiz,2021,2021/2022,Entre Ríos,Villaguay,42000,41100,127410,3.1,0.979
maiz,2021,2021/2022,Formosa,Patiño,14605,3855,8096,2.1,0.264
maiz,2021,2021/2022,Jujuy,San Antonio,320,320,1280,4.0,1.0
maiz,2021,2021/2022,Formosa,Pirané,10770,4220,18990,4.5,0.392
maiz,2021,2021/2022,Formosa,Pilagás,1504,354,1062,3.0,0.235
maiz,2021,2021/2022,Jujuy,Dr. Manuel Belgrano,84,84,336,4.0,1.0
maiz,2021,2021/2022,Jujuy,Palpalá,144,144,576,4.0,1.0
maiz,2021,2021/2022,Jujuy,Ledesma,84,84,336,4.0,1.0
maiz,2021,2021/2022,Jujuy,El Carmen,950,950,2375,2.5,1.0
maiz,2021,2021/2022,Santa Fe,Rosario,39800,36800,165600,4.5,0.925
maiz,2021,2021/2022,Salta,Anta,163100,150052,960333,6.4,0.92
maiz,2021,2021/2022,La Pampa,Catriló,71700,62600,406900,6.5,0.873
maiz,2021,2021/2022,La Pampa,Capital,52100,33200,166000,5.0,0.637
maiz,2021,2021/2022,La Pampa,Utracán,12400,5500,22000,4.0,0.444
maiz,2021,2021/2022,La Pampa,Chapaleufú,64700,54600,475102,8.702,0.844
maiz,2021,2021/2022,La Pampa,Trenel,54500,33200,246500,7.425,0.609
maiz,2021,2021/2022,La Pampa,Hucal,10500,4300,15050,3.5,0.41
maiz,2021,2021/2022,La Pampa,Guatraché,27500,8200,32800,4.0,0.298
maiz,2021,2021/2022,La Pampa,Conhelo,89400,64300,392301,6.101,0.719
maiz,2021,2021/2022,La Pampa,Toay,18600,2300,9200,4.0,0.124
maiz,2021,2021/2022,La Pampa,Quemú Quemú,72100,58300,492099,8.441,0.809
maiz,2021,2021/2022,La Pampa,Maracó,57400,45100,375800,8.333,0.786
maiz,2021,2021/2022,La Pampa,Realicó,65900,43700,366800,8.394,0.663
maiz,2021,2021/2022,La Pampa,Rancul,68100,56900,449999,7.909,0.836
maiz,2021,2021/2022,Misiones,General Manuel Belgrano,4655,2305,8068,3.5,0.495
maiz,2021,2021/2022,Misiones,Apóstoles,475,245,858,3.502,0.516
maiz,2021,2021/2022,Misiones,25 de Mayo,4950,2550,8925,3.5,0.515
maiz,2021,2021/2022,Misiones,San Pedro,2437,1179,4126,3.5,0.484
maiz,2021,2021/2022,Misiones,Eldorado,285,145,508,3.503,0.509
maiz,2021,2021/2022,Misiones,Candelaria,10,5,16,3.2,0.5
maiz,2021,2021/2022,Misiones,Cainguás,2565,1650,5775,3.5,0.643
maiz,2021,2021/2022,Misiones,Concepción,48,28,98,3.5,0.583
maiz,2021,2021/2022,Misiones,Capital,190,97,340,3.505,0.511
maiz,2021,2021/2022,Misiones,Leandro N. Alem,665,345,1208,3.501,0.519
maiz,2021,2021/2022,Misiones,San Javier,713,363,1269,3.496,0.509
maiz,2021,2021/2022,Misiones,Iguazú,475,242,847,3.5,0.509
maiz,2021,2021/2022,Misiones,Guaraní,10450,5230,18305,3.5,0.5
maiz,2021,2021/2022,Misiones,Libertador General San Martín,285,145,508,3.503,0.509
maiz,2021,2021/2022,Misiones,San Ignacio,95,55,193,3.509,0.579
maiz,2021,2021/2022,Misiones,Oberá,665,340,1190,3.5,0.511
maiz,2021,2021/2022,Misiones,Montecarlo,228,116,406,3.5,0.509
maiz,2021,2021/2022,Salta,General Güemes,6050,5445,34848,6.4,0.9
maiz,2021,2021/2022,Salta,Chicoana,700,644,4250,6.599,0.92
maiz,2021,2021/2022,San Luis,Chacabuco,31500,25500,96900,3.8,0.81
maiz,2021,2021/2022,Salta,Cerrillos,1050,966,6376,6.6,0.92
maiz,2021,2021/2022,Salta,Cachi,70,70,392,5.6,1.0
maiz,2021,2021/2022,Salta,Capital,1100,1012,6679,6.6,0.92
maiz,2021,2021/2022,Salta,General José de San Martín,66700,62772,389186,6.2,0.941
maiz,2021,2021/2022,San Luis,Ayacucho,8000,6800,81600,12.0,0.85
maiz,2021,2021/2022,Salta,La Viña,120,120,756,6.3,1.0
maiz,2021,2021/2022,Salta,La Candelaria,2900,2668,16808,6.3,0.92
maiz,2021,2021/2022,Salta,La Caldera,120,120,780,6.5,1.0
maiz,2021,2021/2022,Salta,Metán,27700,25484,163098,6.4,0.92
maiz,2021,2021/2022,Salta,Rosario de Lerma,450,405,2754,6.8,0.9
maiz,2021,2021/2022,Salta,Rosario de la Frontera,38100,35052,220828,6.3,0.92
maiz,2021,2021/2022,Salta,Orán,7100,6532,41152,6.3,0.92
maiz,2021,2021/2022,Salta,Rivadavia,6900,6348,38723,6.1,0.92
maiz,2021,2021/2022,Santa Fe,La Capital,17300,9100,41860,4.6,0.526
maiz,2021,2021/2022,Santa Fe,9 de Julio,80000,63350,285075,4.5,0.792
maiz,2021,2021/2022,San Luis,Coronel Pringles,75000,67000,348400,5.2,0.893
maiz,2021,2021/2022,Santa Fe,Las Colonias,114663,50163,290945,5.8,0.437
maiz,2021,2021/2022,San Luis,Libertador General San Martín,3300,2800,15400,5.5,0.848
maiz,2021,2021/2022,San Luis,Gobernador Dupuy,65000,55000,258500,4.7,0.846
maiz,2021,2021/2022,San Luis,General Pedernera,220000,195000,916500,4.7,0.886
maiz,2021,2021/2022,San Luis,Junín,5300,4800,38400,8.0,0.906
maiz,2021,2021/2022,San Luis,Juan Martín de Pueyrredón,32000,27000,121500,4.5,0.844
maiz,2021,2021/2022,Santa Fe,Castellanos,136099,57399,355874,6.2,0.422
maiz,2021,2021/2022,Santa Fe,Iriondo,63000,59296,385422,6.5,0.941
maiz,2021,2021/2022,Santa Fe,Caseros,75800,72300,484410,6.7,0.954
maiz,2021,2021/2022,Santa Fe,Belgrano,50000,47060,352951,7.5,0.941
maiz,2021,2021/2022,Santa Fe,Villa Constitución,57800,52800,300960,5.7,0.913
maiz,2021,2021/2022,Santa Fe,General Obligado,39500,28860,94084,3.26,0.731
maiz,2021,2021/2022,Santa Fe,General López,240000,180000,1608400,8.936,0.75
maiz,2021,2021/2022,Santa Fe,Garay,2800,2000,7600,3.8,0.714
maiz,2021,2021/2022,Santiago del Estero,Aguirre,21000,19910,135388,6.8,0.948
maiz,2021,2021/2022,Santiago del Estero,Río Hondo,8000,7200,57600,8.0,0.9
maiz,2021,2021/2022,Santa Fe,San Jerónimo,54000,50825,279537,5.5,0.941
maiz,2021,2021/2022,Santa Fe,San Martín,105000,98826,543544,5.5,0.941
maiz,2021,2021/2022,Santa Fe,Vera,15000,12100,54934,4.54,0.807
maiz,2021,2021/2022,Santa Fe,San Lorenzo,34700,31900,169070,5.3,0.919
maiz,2021,2021/2022,Santa Fe,San Justo,53693,37593,165409,4.4,0.7
maiz,2021,2021/2022,Santiago del Estero,Quebrachos,2000,2000,0,0.0,1.0
maiz,2021,2021/2022,Santiago del Estero,Avellaneda,5500,5120,35328,6.9,0.931
maiz,2021,2021/2022,Santiago del Estero,Alberdi,81000,79370,595275,7.5,0.98
maiz,2021,2021/2022,Santiago del Estero,Figueroa,5000,5000,37500,7.5,1.0
maiz,2021,2021/2022,Santiago del Estero,Copo,11400,10090,72648,7.2,0.885
maiz,2021,2021/2022,Santiago del Estero,Belgrano,49000,46420,348150,7.5,0.947
maiz,2021,2021/2022,Santiago del Estero,Banda,4000,4000,26000,6.5,1.0
maiz,2021,2021/2022,Santiago del Estero,Choya,5500,4950,37125,7.5,0.9
maiz,2021,2021/2022,Santiago del Estero,Capital,4000,4000,30000,7.5,1.0
maiz,2021,2021/2022,Santiago del Estero,General Taboada,101000,91420,694792,7.6,0.905
maiz,2021,2021/2022,Santiago del Estero,Pellegrini,40000,36000,270000,7.5,0.9
maiz,2021,2021/2022,Santiago del Estero,Juan F. Ibarra,68000,60470,441431,7.3,0.889
maiz,2021,2021/2022,Santiago del Estero,Jiménez,55000,49500,371250,7.5,0.9
maiz,2021,2021/2022,Santiago del Estero,Guasayán,8000,7200,54000,7.5,0.9
maiz,2021,2021/2022,Santiago del Estero,Loreto,3000,2700,20250,7.5,0.9
maiz,2021,2021/2022,Santiago del Estero,Ojo de Agua,1500,1500,0,0.0,1.0
maiz,2021,2021/2022,Santiago del Estero,Moreno,240500,230570,1729275,7.5,0.959
maiz,2021,2021/2022,Santiago del Estero,Mitre,15000,13500,101250,7.5,0.9
maiz,2021,2021/2022,Santiago del Estero,Silípica,5000,4500,33750,7.5,0.9
maiz,2021,2021/2022,Santiago del Estero,Sarmiento,5700,5350,35845,6.7,0.939
maiz,2021,2021/2022,Santiago del Estero,San Martín,3000,2700,20250,7.5,0.9
maiz,2021,2021/2022,Santiago del Estero,Rivadavia,31000,28910,211043,7.3,0.933
maiz,2021,2021/2022,Santiago del Estero,Robles,4000,3600,28800,8.0,0.9
maiz,2021,2021/2022,Tucumán,La Cocha,6900,5620,30348,5.4,0.814
maiz,2021,2021/2022,Tucumán,Graneros,15000,13650,72345,5.3,0.91
maiz,2021,2021/2022,Tucumán,Burruyacú,41000,39070,214885,5.5,0.953
maiz,2021,2021/2022,Tucumán,Cruz Alta,11700,10420,58352,5.6,0.891
maiz,2021,2021/2022,Tucumán,Leales,16200,13590,74745,5.5,0.839
maiz,2021,2021/2022,Tucumán,Trancas,800,280,1624,5.8,0.35
maiz,2021,2021/2022,Tucumán,Tafí del Valle,50,50,200,4.0,1.0
maiz,2021,2021/2022,Tucumán,Simoca,450,350,1960,5.6,0.778
maiz,2022,2022/2023,Buenos Aires,Florentino Ameghino,23000,16270,94366,5.8,0.707
maiz,2022,2022/2023,Misiones,Libertador General San Martín,330,163,650,3.988,0.494
maiz,2022,2022/2023,Buenos Aires,Exaltación de la Cruz,4250,3750,17250,4.6,0.882
maiz,2022,2022/2023,Buenos Aires,General Alvear,20300,15327,99622,6.5,0.755
maiz,2022,2022/2023,Buenos Aires,Carlos Tejedor,48100,42100,231550,5.5,0.875
maiz,2022,2022/2023,Buenos Aires,Daireaux,40700,30729,184371,6.0,0.755
maiz,2022,2022/2023,Buenos Aires,San Pedro,11922,10025,47118,4.7,0.841
maiz,2022,2022/2023,Misiones,Leandro N. Alem,770,649,2596,4.0,0.843
maiz,2022,2022/2023,Buenos Aires,General Alvarado,20212,20212,123293,6.1,1.0
maiz,2022,2022/2023,Buenos Aires,9 de Julio,60000,51700,206800,4.0,0.862
maiz,2022,2022/2023,Buenos Aires,25 de Mayo,59486,43573,213072,4.89,0.732
maiz,2022,2022/2023,Buenos Aires,Capitán Sarmiento,12507,6351,30485,4.8,0.508
maiz,2022,2022/2023,Buenos Aires,Adolfo Alsina,79000,38000,209000,5.5,0.481
maiz,2022,2022/2023,Buenos Aires,Carlos Casares,39500,26400,17160,0.65,0.668
maiz,2022,2022/2023,Buenos Aires,Azul,64581,45581,259812,5.7,0.706
maiz,2022,2022/2023,Buenos Aires,Alberti,22000,18600,55800,3.0,0.845
maiz,2022,2022/2023,Buenos Aires,Adolfo Gonzales Chaves,25729,18010,82847,4.6,0.7
maiz,2022,2022/2023,Buenos Aires,Ayacucho,47600,43100,215500,5.0,0.905
maiz,2022,2022/2023,Buenos Aires,Arrecifes,19220,10236,47086,4.6,0.533
maiz,2022,2022/2023,Buenos Aires,Benito Juárez,32643,22643,113215,5.0,0.694
maiz,2022,2022/2023,Buenos Aires,Cañuelas,2500,1250,6875,5.5,0.5
maiz,2022,2022/2023,Buenos Aires,Baradero,26607,24805,109142,4.4,0.932
maiz,2022,2022/2023,Buenos Aires,Balcarce,66373,48373,299913,6.2,0.729
maiz,2022,2022/2023,Buenos Aires,Bolívar,48800,36844,239486,6.5,0.755
maiz,2022,2022/2023,Buenos Aires,Campana,1000,750,3675,4.9,0.75
maiz,2022,2022/2023,Buenos Aires,Brandsen,1700,350,1925,5.5,0.206
maiz,2022,2022/2023,Buenos Aires,Bragado,35000,30100,105350,3.5,0.86
maiz,2022,2022/2023,Buenos Aires,San Nicolás,7477,6443,25772,4.0,0.862
maiz,2022,2022/2023,Buenos Aires,Lincoln,60000,48500,276450,5.7,0.808
maiz,2022,2022/2023,Buenos Aires,Coronel Pringles,33901,23731,90177,3.8,0.7
maiz,2022,2022/2023,Buenos Aires,Coronel Dorrego,68696,48087,216392,4.5,0.7
maiz,2022,2022/2023,Buenos Aires,General Guido,5200,4200,16800,4.0,0.808
maiz,2022,2022/2023,Buenos Aires,General Belgrano,15928,11707,59120,5.05,0.735
maiz,2022,2022/2023,Buenos Aires,Coronel de Marina Leonardo Rosales,3500,1500,5250,3.5,0.429
maiz,2022,2022/2023,Buenos Aires,Castelli,9000,3000,12000,4.0,0.333
maiz,2022,2022/2023,Buenos Aires,Carmen de Areco,20000,17000,85000,5.0,0.85
maiz,2022,2022/2023,Buenos Aires,Coronel Suárez,45000,37500,225000,6.0,0.833
maiz,2022,2022/2023,Buenos Aires,General Arenales,37000,31450,157250,5.0,0.85
maiz,2022,2022/2023,Buenos Aires,Chacabuco,48000,40800,204000,5.0,0.85
maiz,2022,2022/2023,Buenos Aires,Colón,13702,9891,49455,5.0,0.722
maiz,2022,2022/2023,Buenos Aires,Chivilcoy,23000,16900,50700,3.0,0.735
maiz,2022,2022/2023,Buenos Aires,Chascomús,12500,8000,44048,5.506,0.64
maiz,2022,2022/2023,Buenos Aires,General Rodríguez,950,50,285,5.7,0.053
maiz,2022,2022/2023,Buenos Aires,General La Madrid,40000,31500,189000,6.0,0.788
maiz,2022,2022/2023,Buenos Aires,General Juan Madariaga,17200,14500,116000,8.0,0.843
maiz,2022,2022/2023,Buenos Aires,Leandro N. Alem,33000,30340,169904,5.6,0.919
maiz,2022,2022/2023,Buenos Aires,General Pueyrredón,15147,13647,84611,6.2,0.901
maiz,2022,2022/2023,Buenos Aires,General Las Heras,1900,50,275,5.5,0.026
maiz,2022,2022/2023,Buenos Aires,General Pinto,45000,39100,238510,6.1,0.869
maiz,2022,2022/2023,Buenos Aires,General Paz,4000,2000,11000,5.5,0.5
maiz,2022,2022/2023,Buenos Aires,Guaminí,66000,32000,185600,5.8,0.485
maiz,2022,2022/2023,Buenos Aires,Las Flores,20900,15361,75730,4.93,0.735
maiz,2022,2022/2023,Buenos Aires,General Villegas,125000,113250,679500,6.0,0.906
maiz,2022,2022/2023,Buenos Aires,General Viamonte,31000,26380,155642,5.9,0.851
maiz,2022,2022/2023,Buenos Aires,Hipólito Yrigoyen,34300,25897,168327,6.5,0.755
maiz,2022,2022/2023,Buenos Aires,Laprida,29111,20378,81511,4.0,0.7
maiz,2022,2022/2023,Buenos Aires,La Plata,330,140,770,5.5,0.424
maiz,2022,2022/2023,Buenos Aires,Junín,45000,38250,191250,5.0,0.85
maiz,2022,2022/2023,Buenos Aires,San Cayetano,40707,28495,128227,4.5,0.7
maiz,2022,2022/2023,Buenos Aires,Maipú,9300,7900,51350,6.5,0.849
maiz,2022,2022/2023,Buenos Aires,Magdalena,1600,200,1100,5.5,0.125
maiz,2022,2022/2023,Buenos Aires,Pellegrini,40000,24000,153600,6.4,0.6
maiz,2022,2022/2023,Buenos Aires,Luján,5100,550,3025,5.5,0.108
maiz,2022,2022/2023,Buenos Aires,Lobería,75930,56930,347273,6.1,0.75
maiz,2022,2022/2023,Buenos Aires,Lobos,15769,11527,56713,4.92,0.731
maiz,2022,2022/2023,Buenos Aires,Mar Chiquita,24800,21500,150500,7.0,0.867
maiz,2022,2022/2023,Buenos Aires,Monte,16195,11879,60583,5.1,0.733
maiz,2022,2022/2023,Buenos Aires,Mercedes,5700,600,600,1.0,0.105
maiz,2022,2022/2023,Buenos Aires,Marcos Paz,2020,610,3355,5.5,0.302
maiz,2022,2022/2023,Buenos Aires,Pehuajó,88500,82000,549400,6.7,0.927
maiz,2022,2022/2023,Buenos Aires,Navarro,12224,8960,44531,4.97,0.733
maiz,2022,2022/2023,Buenos Aires,Patagones,4800,3300,26400,8.0,0.688
maiz,2022,2022/2023,Buenos Aires,Olavarría,42700,32239,225670,7.0,0.755
maiz,2022,2022/2023,Buenos Aires,Necochea,60573,42401,203525,4.8,0.7
maiz,2022,2022/2023,Buenos Aires,San Antonio de Areco,11112,8668,40740,4.7,0.78
maiz,2022,2022/2023,Buenos Aires,Rauch,14500,12100,60500,5.0,0.834
maiz,2022,2022/2023,Buenos Aires,Pergamino,47923,38973,187070,4.8,0.813
maiz,2022,2022/2023,Buenos Aires,Ramallo,14842,12853,61694,4.8,0.866
maiz,2022,2022/2023,Buenos Aires,Pilar,450,50,275,5.5,0.111
maiz,2022,2022/2023,Buenos Aires,Pila,11800,7900,31600,4.0,0.669
maiz,2022,2022/2023,Buenos Aires,Punta Indio,450,50,275,5.5,0.111
maiz,2022,2022/2023,Buenos Aires,Puán,21000,11500,57500,5.0,0.548
maiz,2022,2022/2023,Buenos Aires,Roque Pérez,12102,8870,43729,4.93,0.733
maiz,2022,2022/2023,Buenos Aires,Rojas,45000,38250,191250,5.0,0.85
maiz,2022,2022/2023,Buenos Aires,Rivadavia,88100,63100,466940,7.4,0.716
maiz,2022,2022/2023,Buenos Aires,San Andrés de Giles,18000,15300,76500,5.0,0.85
maiz,2022,2022/2023,Buenos Aires,Saavedra,26000,19500,97500,5.0,0.75
maiz,2022,2022/2023,Buenos Aires,Salto,21291,16855,87646,5.2,0.792
maiz,2022,2022/2023,Buenos Aires,Salliqueló,28000,14000,89600,6.4,0.5
maiz,2022,2022/2023,Buenos Aires,Saladillo,30503,22343,110821,4.96,0.732
maiz,2022,2022/2023,Chaco,Presidencia de la Plaza,210,60,132,2.2,0.286
maiz,2022,2022/2023,Buenos Aires,Zárate,3800,3200,15360,4.8,0.842
maiz,2022,2022/2023,Corrientes,Esquina,500,300,1350,4.5,0.6
maiz,2022,2022/2023,Buenos Aires,Tapalqué,10300,7519,48874,6.5,0.73
maiz,2022,2022/2023,Buenos Aires,Villarino,7200,4700,37600,8.0,0.653
maiz,2022,2022/2023,Buenos Aires,Tandil,71944,56444,344308,6.1,0.785
maiz,2022,2022/2023,Buenos Aires,San Vicente,1050,650,3575,5.5,0.619
maiz,2022,2022/2023,Buenos Aires,Suipacha,10000,2200,4400,2.0,0.22
maiz,2022,2022/2023,Buenos Aires,Tres Lomas,37000,19000,123500,6.5,0.514
maiz,2022,2022/2023,Buenos Aires,Tornquist,16000,10500,52500,5.0,0.656
maiz,2022,2022/2023,Buenos Aires,Tres Arroyos,89478,62635,281856,4.5,0.7
maiz,2022,2022/2023,Buenos Aires,Trenque Lauquen,115300,75800,553340,7.3,0.657
maiz,2022,2022/2023,Chaco,O'Higgins,10500,7960,28656,3.6,0.758
maiz,2022,2022/2023,Catamarca,El Alto,1100,770,3157,4.1,0.7
maiz,2022,2022/2023,Chaco,Almirante Brown,107000,92800,278400,3.0,0.867
maiz,2022,2022/2023,Chaco,9 de Julio,18000,13420,45628,3.4,0.746
maiz,2022,2022/2023,Chaco,12 de Octubre,40000,31100,105740,3.4,0.778
maiz,2022,2022/2023,Catamarca,Santa Rosa,17000,16210,90776,5.6,0.954
maiz,2022,2022/2023,Chaco,25 de Mayo,800,600,1680,2.8,0.75
maiz,2022,2022/2023,Chaco,2 de Abril,17000,13180,46130,3.5,0.775
maiz,2022,2022/2023,Chaco,General Belgrano,9900,7900,26860,3.4,0.798
maiz,2022,2022/2023,Chaco,Mayor Luis J. Fontana,7500,5900,19470,3.3,0.787
maiz,2022,2022/2023,Chaco,Fray Justo Santa María de Oro,6800,5300,16960,3.2,0.779
maiz,2022,2022/2023,Chaco,Chacabuco,18000,13950,53010,3.8,0.775
maiz,2022,2022/2023,Chaco,Comandante Fernández,6000,4300,7740,1.8,0.717
maiz,2022,2022/2023,Chaco,General Güemes,16000,13500,45900,3.4,0.844
maiz,2022,2022/2023,Chaco,Maipú,22000,19900,79600,4.0,0.905
maiz,2022,2022/2023,Chaco,Libertador General San Martín,1500,620,1178,1.9,0.413
maiz,2022,2022/2023,Chaco,Independencia,17000,11850,34365,2.9,0.697
maiz,2022,2022/2023,Misiones,Iguazú,550,464,1854,3.996,0.844
maiz,2022,2022/2023,Corrientes,Empedrado,300,200,900,4.5,0.667
maiz,2022,2022/2023,Córdoba,Capital,5400,5000,25000,5.0,0.926
maiz,2022,2022/2023,Córdoba,Río Cuarto,507000,428770,1672203,3.9,0.846
maiz,2022,2022/2023,Córdoba,Calamuchita,26000,21988,92350,4.2,0.846
maiz,2022,2022/2023,Chaco,Sargento Cabral,400,200,460,2.3,0.5
maiz,2022,2022/2023,Chaco,Quitilipi,1400,700,1330,1.9,0.5
maiz,2022,2022/2023,Chaco,San Lorenzo,500,370,1110,3.0,0.74
maiz,2022,2022/2023,Córdoba,General San Martín,153000,83000,315400,3.8,0.542
maiz,2022,2022/2023,Córdoba,Presidente Roque Sáenz Peña,183288,174970,1277281,7.3,0.955
maiz,2022,2022/2023,Córdoba,General Roca,320396,300182,1891147,6.3,0.937
maiz,2022,2022/2023,Córdoba,Colón,55000,43150,280475,6.5,0.785
maiz,2022,2022/2023,Córdoba,Cruz del Eje,4500,4500,21600,4.8,1.0
maiz,2022,2022/2023,Córdoba,Ischilín,7800,6070,24280,4.0,0.778
maiz,2022,2022/2023,Córdoba,Pocho,3500,2960,13912,4.7,0.846
maiz,2022,2022/2023,Córdoba,Marcos Juárez,218600,184000,1177600,6.4,0.842
maiz,2022,2022/2023,Córdoba,Juárez Celman,193000,163220,734490,4.5,0.846
maiz,2022,2022/2023,Corrientes,Curuzu Cuatia,800,500,2250,4.5,0.625
maiz,2022,2022/2023,Córdoba,Santa María,74000,71000,355000,5.0,0.959
maiz,2022,2022/2023,Córdoba,Río Primero,185160,164510,954158,5.8,0.888
maiz,2022,2022/2023,Córdoba,San Justo,292900,185720,1132892,6.1,0.634
maiz,2022,2022/2023,Córdoba,Río Segundo,181000,146000,803000,5.5,0.807
maiz,2022,2022/2023,Córdoba,Río Seco,67440,56690,238098,4.2,0.841
maiz,2022,2022/2023,Córdoba,San Javier,3000,2537,16491,6.5,0.846
maiz,2022,2022/2023,Córdoba,San Alberto,1950,1649,7751,4.7,0.846
maiz,2022,2022/2023,Córdoba,Tulumba,56395,49420,247100,5.0,0.876
maiz,2022,2022/2023,Corrientes,Concepción,500,250,1125,4.5,0.5
maiz,2022,2022/2023,Córdoba,Totoral,83395,74295,386334,5.2,0.891
maiz,2022,2022/2023,Córdoba,Tercero Arriba,192000,156000,748800,4.8,0.812
maiz,2022,2022/2023,Córdoba,Unión,249500,197600,1106560,5.6,0.792
maiz,2022,2022/2023,Corrientes,Capital,700,400,1800,4.5,0.571
maiz,2022,2022/2023,Corrientes,Berón de Astrada,400,150,675,4.5,0.375
maiz,2022,2022/2023,Corrientes,Bella Vista,600,300,1350,4.5,0.5
maiz,2022,2022/2023,Misiones,Guaraní,12100,10197,40788,4.0,0.843
maiz,2022,2022/2023,Formosa,Patiño,17000,6266,23184,3.7,0.369
maiz,2022,2022/2023,Corrientes,Ituzaingó,700,450,2025,4.5,0.643
maiz,2022,2022/2023,Corrientes,Goya,500,300,1350,4.5,0.6
maiz,2022,2022/2023,Entre Ríos,Colón,13000,8000,13600,1.7,0.615
maiz,2022,2022/2023,Corrientes,Lavalle,900,600,2700,4.5,0.667
maiz,2022,2022/2023,Corrientes,Sauce,300,200,900,4.5,0.667
maiz,2022,2022/2023,Corrientes,Saladas,600,350,1575,4.5,0.583
maiz,2022,2022/2023,Corrientes,Paso de los Libres,400,300,1350,4.5,0.75
maiz,2022,2022/2023,Corrientes,Mercedes,700,500,2250,4.5,0.714
maiz,2022,2022/2023,Corrientes,Santo Tomé,400,250,1125,4.5,0.625
maiz,2022,2022/2023,Corrientes,San Martín,800,550,2475,4.5,0.688
maiz,2022,2022/2023,Corrientes,San Luis del Palmar,1200,800,3600,4.5,0.667
maiz,2022,2022/2023,Corrientes,San Roque,450,350,1575,4.5,0.778
maiz,2022,2022/2023,Corrientes,San Miguel,250,200,900,4.5,0.8
maiz,2022,2022/2023,Entre Ríos,La Paz,37000,30500,109800,3.6,0.824
maiz,2022,2022/2023,Entre Ríos,Diamante,30000,26900,96840,3.6,0.897
maiz,2022,2022/2023,Entre Ríos,Concordia,6980,6680,23380,3.5,0.957
maiz,2022,2022/2023,Formosa,Laishí,4300,1585,5864,3.7,0.369
maiz,2022,2022/2023,Entre Ríos,Gualeguaychú,84600,55600,105640,1.9,0.657
maiz,2022,2022/2023,Entre Ríos,Federal,7950,6450,21930,3.4,0.811
maiz,2022,2022/2023,Entre Ríos,Federación,4450,3950,13035,3.3,0.888
maiz,2022,2022/2023,Entre Ríos,Gualeguay,32000,13000,19500,1.5,0.406
maiz,2022,2022/2023,Entre Ríos,Feliciano,5700,5700,19950,3.5,1.0
maiz,2022,2022/2023,Entre Ríos,San Salvador,5000,2900,4640,1.6,0.58
maiz,2022,2022/2023,Formosa,Formosa,4500,1659,6137,3.699,0.369
maiz,2022,2022/2023,Entre Ríos,Paraná,53500,44000,162800,3.7,0.822
maiz,2022,2022/2023,Entre Ríos,Nogoyá,51300,35300,67070,1.9,0.688
maiz,2022,2022/2023,Entre Ríos,Tala,21800,11800,17700,1.5,0.541
maiz,2022,2022/2023,Entre Ríos,Villaguay,44400,25400,40640,1.6,0.572
maiz,2022,2022/2023,Entre Ríos,Victoria,35600,18600,35340,1.9,0.522
maiz,2022,2022/2023,Entre Ríos,Uruguay,56000,35000,66500,1.9,0.625
maiz,2022,2022/2023,Misiones,General Manuel Belgrano,5390,4543,18170,4.0,0.843
maiz,2022,2022/2023,La Pampa,Conhelo,84700,52300,339427,6.49,0.617
maiz,2022,2022/2023,Jujuy,Dr. Manuel Belgrano,84,84,336,4.0,1.0
maiz,2022,2022/2023,Jujuy,El Carmen,1132,1132,4528,4.0,1.0
maiz,2022,2022/2023,Formosa,Pirané,16100,5934,21957,3.7,0.369
maiz,2022,2022/2023,Formosa,Pilagás,2000,737,2728,3.701,0.368
maiz,2022,2022/2023,Formosa,Pilcomayo,200,74,273,3.689,0.37
maiz,2022,2022/2023,Jujuy,San Pedro,2232,2232,8928,4.0,1.0
maiz,2022,2022/2023,La Pampa,Chapaleufú,64700,54700,419549,7.67,0.845
maiz,2022,2022/2023,Jujuy,San Antonio,1175,1175,4698,3.998,1.0
maiz,2022,2022/2023,Jujuy,Ledesma,84,84,336,4.0,1.0
maiz,2022,2022/2023,Jujuy,Palpalá,144,144,576,4.0,1.0
maiz,2022,2022/2023,Jujuy,Santa Bárbara,6159,3957,15828,4.0,0.642
maiz,2022,2022/2023,La Pampa,Catriló,52700,45956,252758,5.5,0.872
maiz,2022,2022/2023,La Pampa,Capital,39800,25273,126365,5.0,0.635
maiz,2022,2022/2023,La Pampa,Atreucó,57000,51300,282150,5.5,0.9
maiz,2022,2022/2023,Misiones,Eldorado,330,278,1112,4.0,0.842
maiz,2022,2022/2023,La Pampa,Toay,44200,13174,52696,4.0,0.298
maiz,2022,2022/2023,La Pampa,Guatraché,17300,6936,27744,4.0,0.401
maiz,2022,2022/2023,La Pampa,Realicó,75200,54700,403686,7.38,0.727
maiz,2022,2022/2023,La Pampa,Maracó,48100,30700,238846,7.78,0.638
maiz,2022,2022/2023,La Pampa,Hucal,4500,540,1890,3.5,0.12
maiz,2022,2022/2023,La Pampa,Rancul,73000,61500,395445,6.43,0.842
maiz,2022,2022/2023,La Pampa,Quemú Quemú,54300,43300,340338,7.86,0.797
maiz,2022,2022/2023,Misiones,25 de Mayo,6050,5105,20420,4.0,0.844
maiz,2022,2022/2023,Misiones,Concepción,55,43,171,3.977,0.782
maiz,2022,2022/2023,La Pampa,Utracán,11000,4840,19360,4.0,0.44
maiz,2022,2022/2023,La Pampa,Trenel,53900,29000,188210,6.49,0.538
maiz,2022,2022/2023,Misiones,Apóstoles,550,464,1854,3.996,0.844
maiz,2022,2022/2023,Misiones,Capital,220,186,742,3.989,0.845
maiz,2022,2022/2023,Misiones,Candelaria,50,42,168,4.0,0.84
maiz,2022,2022/2023,Misiones,Cainguás,2970,2503,10012,4.0,0.843
maiz,2022,2022/2023,San Luis,Gobernador Dupuy,66000,53000,164300,3.1,0.803
maiz,2022,2022/2023,Misiones,Oberá,770,649,2596,4.0,0.843
maiz,2022,2022/2023,Misiones,San Pedro,2970,2503,10012,4.0,0.843
maiz,2022,2022/2023,Misiones,Montecarlo,264,222,890,4.009,0.841
maiz,2022,2022/2023,Salta,Anta,193600,180816,1030651,5.7,0.934
maiz,2022,2022/2023,Salta,Capital,1200,1200,6960,5.8,1.0
maiz,2022,2022/2023,Santiago del Estero,Guasayán,15000,13400,73700,5.5,0.893
maiz,2022,2022/2023,Misiones,San Ignacio,110,93,370,3.978,0.845
maiz,2022,2022/2023,Salta,La Candelaria,4650,4425,25223,5.7,0.952
maiz,2022,2022/2023,San Luis,General Pedernera,177000,149000,491700,3.3,0.842
maiz,2022,2022/2023,Salta,Cerrillos,990,990,5742,5.8,1.0
maiz,2022,2022/2023,Misiones,San Javier,825,695,2781,4.001,0.842
maiz,2022,2022/2023,Salta,Chicoana,1350,1350,7830,5.8,1.0
maiz,2022,2022/2023,Salta,La Caldera,150,150,855,5.7,1.0
maiz,2022,2022/2023,Salta,General José de San Martín,74440,69402,395591,5.7,0.932
maiz,2022,2022/2023,Salta,General Güemes,7350,6882,39916,5.8,0.936
maiz,2022,2022/2023,Salta,Orán,14010,13469,76773,5.7,0.961
maiz,2022,2022/2023,San Luis,Coronel Pringles,63500,50500,161600,3.2,0.795
maiz,2022,2022/2023,Salta,Metán,32560,30455,179685,5.9,0.935
maiz,2022,2022/2023,Salta,La Viña,180,180,1044,5.8,1.0
maiz,2022,2022/2023,San Luis,Chacabuco,32700,23700,66360,2.8,0.725
maiz,2022,2022/2023,Salta,Rosario de la Frontera,41020,38148,221258,5.8,0.93
maiz,2022,2022/2023,Salta,Rivadavia,6800,6274,35762,5.7,0.923
maiz,2022,2022/2023,San Luis,Ayacucho,10500,10350,112815,10.9,0.986
maiz,2022,2022/2023,Salta,Rosario de Lerma,250,250,1500,6.0,1.0
maiz,2022,2022/2023,Santiago del Estero,General Taboada,101000,92011,644077,7.0,0.911
maiz,2022,2022/2023,Santa Fe,Belgrano,62174,48242,130253,2.7,0.776
maiz,2022,2022/2023,Santa Fe,Rosario,37800,19000,57000,3.0,0.503
maiz,2022,2022/2023,San Luis,Juan Martín de Pueyrredón,41000,31000,108500,3.5,0.756
maiz,2022,2022/2023,Santa Fe,9 de Julio,123100,109700,411375,3.75,0.891
maiz,2022,2022/2023,San Luis,Libertador General San Martín,4000,2800,6720,2.4,0.7
maiz,2022,2022/2023,San Luis,Junín,6000,5600,42000,7.5,0.933
maiz,2022,2022/2023,Santa Fe,Garay,2800,1960,2352,1.2,0.7
maiz,2022,2022/2023,Santa Fe,Las Colonias,101779,37479,119933,3.2,0.368
maiz,2022,2022/2023,Santa Fe,Villa Constitución,56600,37600,112800,3.0,0.664
maiz,2022,2022/2023,Santa Fe,Caseros,70000,56000,207200,3.7,0.8
maiz,2022,2022/2023,Santa Fe,Castellanos,104422,36722,128527,3.5,0.352
maiz,2022,2022/2023,Santa Fe,General López,195000,153000,872100,5.7,0.785
maiz,2022,2022/2023,Santa Fe,La Capital,15000,7800,14820,1.9,0.52
maiz,2022,2022/2023,Santa Fe,Iriondo,63677,40075,100188,2.5,0.629
maiz,2022,2022/2023,Santa Fe,General Obligado,38400,26500,67045,2.53,0.69
maiz,2022,2022/2023,Santa Fe,San Cristóbal,140862,34162,119567,3.5,0.243
maiz,2022,2022/2023,Santa Fe,Vera,10800,800,2080,2.6,0.074
maiz,2022,2022/2023,Santa Fe,San Martín,102518,77814,194535,2.5,0.759
maiz,2022,2022/2023,Santa Fe,San Jerónimo,51452,34758,86895,2.5,0.676
maiz,2022,2022/2023,Santa Fe,San Javier,6800,2100,5523,2.63,0.309
maiz,2022,2022/2023,Santa Fe,San Lorenzo,34000,25000,87500,3.5,0.735
maiz,2022,2022/2023,Santa Fe,San Justo,44328,29028,58056,2.0,0.655
maiz,2022,2022/2023,Santiago del Estero,Avellaneda,5500,5011,27558,5.5,0.911
maiz,2022,2022/2023,Santiago del Estero,Figueroa,5000,4000,22000,5.5,0.8
maiz,2022,2022/2023,Santiago del Estero,Copo,11400,10385,70621,6.8,0.911
maiz,2022,2022/2023,Santiago del Estero,Alberdi,81000,73791,442746,6.0,0.911
maiz,2022,2022/2023,Santiago del Estero,Aguirre,21000,19131,86090,4.5,0.911
maiz,2022,2022/2023,Santiago del Estero,Banda,5000,4000,22000,5.5,0.8
maiz,2022,2022/2023,Santiago del Estero,Choya,6000,4800,26400,5.5,0.8
maiz,2022,2022/2023,Santiago del Estero,Capital,5000,4000,22000,5.5,0.8
maiz,2022,2022/2023,Santiago del Estero,Belgrano,49000,44639,281226,6.3,0.911
maiz,2022,2022/2023,Santiago del Estero,Juan F. Ibarra,68000,61948,396467,6.4,0.911
maiz,2022,2022/2023,Santiago del Estero,Silípica,5000,4000,22000,5.5,0.8
maiz,2022,2022/2023,Santiago del Estero,Jiménez,55000,44000,264000,6.0,0.8
maiz,2022,2022/2023,Santiago del Estero,Loreto,12000,11200,61600,5.5,0.933
maiz,2022,2022/2023,Santiago del Estero,Sarmiento,5700,5193,28560,5.5,0.911
maiz,2022,2022/2023,Santiago del Estero,Pellegrini,57000,49000,269500,5.5,0.86
maiz,2022,2022/2023,Santiago del Estero,Moreno,240500,219096,1424121,6.5,0.911
maiz,2022,2022/2023,Santiago del Estero,Mitre,15000,12000,66000,5.5,0.8
maiz,2022,2022/2023,Santiago del Estero,Río Hondo,10000,8000,44000,5.5,0.8
maiz,2022,2022/2023,Santiago del Estero,Quebrachos,10000,10000,50000,5.0,1.0
maiz,2022,2022/2023,Santiago del Estero,San Martín,4000,3200,17600,5.5,0.8
maiz,2022,2022/2023,Santiago del Estero,Robles,4000,3200,17600,5.5,0.8
maiz,2022,2022/2023,Santiago del Estero,Rivadavia,31000,28241,169446,6.0,0.911
maiz,2022,2022/2023,Tucumán,Cruz Alta,10700,10140,51714,5.1,0.948
maiz,2022,2022/2023,Tucumán,Burruyacú,40100,38150,179305,4.7,0.951
maiz,2022,2022/2023,Tucumán,Trancas,800,200,1040,5.2,0.25
maiz,2022,2022/2023,Tucumán,Graneros,14300,13310,57233,4.3,0.931
maiz,2022,2022/2023,Tucumán,Simoca,450,250,1250,5.0,0.556
maiz,2022,2022/2023,Tucumán,La Cocha,6700,5310,26550,5.0,0.793
maiz,2022,2022/2023,Tucumán,Leales,15300,14040,68796,4.9,0.918
maiz,2023,2023/2024,Córdoba,San Javier,4500,4500,40500,9.0,1.0
maiz,2023,2023/2024,Entre Ríos,La Paz,45000,39200,231280,5.9,0.871
maiz,2023,2023/2024,Buenos Aires,General Paz,7750,6550,51090,7.8,0.845
maiz,2023,2023/2024,Córdoba,Río Primero,185160,164610,1069965,6.5,0.889
maiz,2023,2023/2024,Córdoba,Río Cuarto,513500,499500,3156840,6.32,0.973
maiz,2023,2023/2024,Buenos Aires,General Lavalle,1300,500,2500,5.0,0.385
maiz,2023,2023/2024,Buenos Aires,Balcarce,52332,42912,300384,7.0,0.82
maiz,2023,2023/2024,Buenos Aires,Adolfo Alsina,79000,40000,260000,6.5,0.506
maiz,2023,2023/2024,Buenos Aires,Azul,51453,40162,281134,7.0,0.781
maiz,2023,2023/2024,Buenos Aires,9 de Julio,72000,68237,545896,8.0,0.948
maiz,2023,2023/2024,Buenos Aires,25 de Mayo,58128,42607,304640,7.15,0.733
maiz,2023,2023/2024,Buenos Aires,Adolfo Gonzales Chaves,23119,16415,98487,6.0,0.71
maiz,2023,2023/2024,Buenos Aires,Ayacucho,47000,41700,271050,6.5,0.887
maiz,2023,2023/2024,Buenos Aires,Arrecifes,28647,26147,230094,8.8,0.913
maiz,2023,2023/2024,Buenos Aires,Alberti,31000,29400,235200,8.0,0.948
maiz,2023,2023/2024,Buenos Aires,Chivilcoy,37000,35036,280288,8.0,0.947
maiz,2023,2023/2024,Buenos Aires,General Las Heras,2180,1030,7931,7.7,0.472
maiz,2023,2023/2024,Buenos Aires,Bragado,40000,37916,303328,8.0,0.948
maiz,2023,2023/2024,Buenos Aires,Brandsen,2170,570,4446,7.8,0.263
maiz,2023,2023/2024,Buenos Aires,Bolívar,58000,43790,306530,7.0,0.755
maiz,2023,2023/2024,Buenos Aires,Baradero,15793,13793,122758,8.9,0.873
maiz,2023,2023/2024,Buenos Aires,Benito Juárez,28992,22006,132036,6.0,0.759
maiz,2023,2023/2024,Buenos Aires,Carlos Casares,40500,28601,233956,8.18,0.706
maiz,2023,2023/2024,Buenos Aires,Chascomús,15930,11630,91877,7.9,0.73
maiz,2023,2023/2024,Buenos Aires,Capitán Sarmiento,8493,8043,71583,8.9,0.947
maiz,2023,2023/2024,Buenos Aires,Campana,2200,2200,19360,8.8,1.0
maiz,2023,2023/2024,Buenos Aires,Cañuelas,3700,2350,18330,7.8,0.635
maiz,2023,2023/2024,Buenos Aires,Carlos Tejedor,50500,43398,314692,7.251,0.859
maiz,2023,2023/2024,Buenos Aires,Chacabuco,37000,32000,320000,10.0,0.865
maiz,2023,2023/2024,Buenos Aires,Castelli,10000,4000,20000,5.0,0.4
maiz,2023,2023/2024,Buenos Aires,Carmen de Areco,22500,18500,166500,9.0,0.822
maiz,2023,2023/2024,Buenos Aires,General La Madrid,40000,33000,128700,3.9,0.825
maiz,2023,2023/2024,Buenos Aires,Dolores,3000,2200,11000,5.0,0.733
maiz,2023,2023/2024,Buenos Aires,Colón,18104,17604,160196,9.1,0.972
maiz,2023,2023/2024,Buenos Aires,Daireaux,55000,41525,290675,7.0,0.755
maiz,2023,2023/2024,Buenos Aires,Coronel Dorrego,91406,38391,95978,2.5,0.42
maiz,2023,2023/2024,Buenos Aires,Coronel de Marina Leonardo Rosales,3500,1500,4500,3.0,0.429
maiz,2023,2023/2024,Buenos Aires,Coronel Suárez,45000,32000,153600,4.8,0.711
maiz,2023,2023/2024,Buenos Aires,Coronel Pringles,26869,13010,52040,4.0,0.484
maiz,2023,2023/2024,Buenos Aires,General Alvarado,23146,20831,145817,7.0,0.9
maiz,2023,2023/2024,Buenos Aires,General Juan Madariaga,20000,17000,117300,6.9,0.85
maiz,2023,2023/2024,Buenos Aires,Florentino Ameghino,27000,21000,176400,8.4,0.778
maiz,2023,2023/2024,Buenos Aires,Exaltación de la Cruz,4400,4200,37380,8.9,0.955
maiz,2023,2023/2024,Buenos Aires,General Alvear,27000,20385,132503,6.5,0.755
maiz,2023,2023/2024,Buenos Aires,General Guido,6000,5000,27500,5.5,0.833
maiz,2023,2023/2024,Buenos Aires,General Belgrano,15578,11434,85298,7.46,0.734
maiz,2023,2023/2024,Buenos Aires,General Arenales,33000,30000,300000,10.0,0.909
maiz,2023,2023/2024,Córdoba,Río Seco,67440,60590,212065,3.5,0.898
maiz,2023,2023/2024,Córdoba,Presidente Roque Sáenz Peña,210977,200046,1800414,9.0,0.948
maiz,2023,2023/2024,Buenos Aires,Laprida,27369,19432,124365,6.4,0.71
maiz,2023,2023/2024,Buenos Aires,La Plata,950,760,5928,7.8,0.8
maiz,2023,2023/2024,Buenos Aires,Pehuajó,90200,79765,645299,8.09,0.884
maiz,2023,2023/2024,Buenos Aires,General Rodríguez,1030,230,1794,7.8,0.223
maiz,2023,2023/2024,Buenos Aires,General Pueyrredón,20676,18608,135838,7.3,0.9
maiz,2023,2023/2024,Buenos Aires,General Pinto,46000,39000,335400,8.6,0.848
maiz,2023,2023/2024,Buenos Aires,Junín,44000,40500,405000,10.0,0.92
maiz,2023,2023/2024,Buenos Aires,General Villegas,122000,111000,954600,8.6,0.91
maiz,2023,2023/2024,Buenos Aires,General Viamonte,35000,30000,243000,8.1,0.857
maiz,2023,2023/2024,Buenos Aires,Hipólito Yrigoyen,36500,27558,198414,7.2,0.755
maiz,2023,2023/2024,Buenos Aires,Guaminí,66000,34000,221000,6.5,0.515
maiz,2023,2023/2024,Buenos Aires,Patagones,6800,5300,42400,8.0,0.779
maiz,2023,2023/2024,Buenos Aires,Luján,6500,2950,23010,7.8,0.454
maiz,2023,2023/2024,Buenos Aires,Las Flores,20441,15003,110572,7.37,0.734
maiz,2023,2023/2024,Catamarca,El Alto,1300,640,960,1.5,0.492
maiz,2023,2023/2024,Buenos Aires,Lobos,15396,11270,79115,7.02,0.732
maiz,2023,2023/2024,Buenos Aires,Lezama,8150,7400,57720,7.8,0.908
maiz,2023,2023/2024,Buenos Aires,Leandro N. Alem,34000,32000,262400,8.2,0.941
maiz,2023,2023/2024,Buenos Aires,Lobería,70499,56809,369259,6.5,0.806
maiz,2023,2023/2024,Buenos Aires,Lincoln,67000,57000,456000,8.0,0.851
maiz,2023,2023/2024,Buenos Aires,Magdalena,4760,3210,24717,7.7,0.674
maiz,2023,2023/2024,Buenos Aires,Olavarría,57000,43035,279728,6.5,0.755
maiz,2023,2023/2024,Buenos Aires,Marcos Paz,2880,1870,14586,7.8,0.649
maiz,2023,2023/2024,Buenos Aires,Mar Chiquita,30000,26700,186900,7.0,0.89
maiz,2023,2023/2024,Buenos Aires,Maipú,9000,7500,51000,6.8,0.833
maiz,2023,2023/2024,Buenos Aires,Mercedes,12746,12069,96552,8.0,0.947
maiz,2023,2023/2024,Buenos Aires,Necochea,66649,53319,335911,6.3,0.8
maiz,2023,2023/2024,Buenos Aires,Navarro,11955,8774,61067,6.96,0.734
maiz,2023,2023/2024,Buenos Aires,Monte,15838,11624,80903,6.96,0.734
maiz,2023,2023/2024,Entre Ríos,Gualeguaychú,85000,66000,396000,6.0,0.776
maiz,2023,2023/2024,Buenos Aires,Puán,21000,17000,66300,3.9,0.81
maiz,2023,2023/2024,Buenos Aires,Pilar,100,60,468,7.8,0.6
maiz,2023,2023/2024,Buenos Aires,Salto,26120,24820,228344,9.2,0.95
maiz,2023,2023/2024,Buenos Aires,Pila,13000,9100,54600,6.0,0.7
maiz,2023,2023/2024,Buenos Aires,Pellegrini,40000,21000,138600,6.6,0.525
maiz,2023,2023/2024,Buenos Aires,Pergamino,39859,36059,335349,9.3,0.905
maiz,2023,2023/2024,Buenos Aires,Rivadavia,88500,75886,623632,8.218,0.857
maiz,2023,2023/2024,Buenos Aires,Salliqueló,28000,13000,85800,6.6,0.464
maiz,2023,2023/2024,Buenos Aires,Rauch,16000,13600,84320,6.2,0.85
maiz,2023,2023/2024,Buenos Aires,Punta Indio,1200,940,7144,7.6,0.783
maiz,2023,2023/2024,Buenos Aires,Ramallo,11156,10656,94838,8.9,0.955
maiz,2023,2023/2024,Buenos Aires,Rojas,43500,40000,440000,11.0,0.92
maiz,2023,2023/2024,Buenos Aires,Saladillo,29781,21800,156742,7.19,0.732
maiz,2023,2023/2024,Buenos Aires,Saavedra,26000,23000,89700,3.9,0.885
maiz,2023,2023/2024,Buenos Aires,Roque Pérez,11836,8687,60462,6.96,0.734
maiz,2023,2023/2024,Buenos Aires,Zárate,3800,3650,32120,8.8,0.961
maiz,2023,2023/2024,Buenos Aires,Suipacha,9750,9263,74104,8.0,0.95
maiz,2023,2023/2024,Buenos Aires,San Andrés de Giles,20000,16000,144000,9.0,0.8
maiz,2023,2023/2024,Buenos Aires,San Vicente,1000,750,5850,7.8,0.75
maiz,2023,2023/2024,Buenos Aires,San Cayetano,41329,29344,181930,6.2,0.71
maiz,2023,2023/2024,Buenos Aires,San Antonio de Areco,17592,16392,145889,8.9,0.932
maiz,2023,2023/2024,Buenos Aires,San Pedro,15741,14941,131481,8.8,0.949
maiz,2023,2023/2024,Buenos Aires,San Nicolás,5885,5685,47186,8.3,0.966
maiz,2023,2023/2024,Buenos Aires,Villarino,7200,5400,45846,8.49,0.75
maiz,2023,2023/2024,Buenos Aires,Tapalqué,12500,9438,61344,6.5,0.755
maiz,2023,2023/2024,Buenos Aires,Tandil,72974,58839,405989,6.9,0.806
maiz,2023,2023/2024,Buenos Aires,Tornquist,16000,13000,50700,3.9,0.812
maiz,2023,2023/2024,Buenos Aires,Tres Lomas,37000,20000,130000,6.5,0.541
maiz,2023,2023/2024,Buenos Aires,Tres Arroyos,118228,94582,586411,6.2,0.8
maiz,2023,2023/2024,Buenos Aires,Trenque Lauquen,116500,80365,634884,7.9,0.69
maiz,2023,2023/2024,Córdoba,Río Segundo,170000,135000,864000,6.4,0.794
maiz,2023,2023/2024,Chaco,12 de Octubre,21100,5300,9540,1.8,0.251
maiz,2023,2023/2024,Entre Ríos,Gualeguay,38000,29000,168200,5.8,0.763
maiz,2023,2023/2024,Catamarca,Santa Rosa,18000,14250,28500,2.0,0.792
maiz,2023,2023/2024,Córdoba,Marcos Juárez,238500,223550,2280210,10.2,0.937
maiz,2023,2023/2024,Chaco,9 de Julio,22500,12950,27195,2.1,0.576
maiz,2023,2023/2024,Chaco,Independencia,18000,6200,14880,2.4,0.344
maiz,2023,2023/2024,Chaco,General Güemes,17000,4300,5160,1.2,0.253
maiz,2023,2023/2024,Chaco,25 de Mayo,900,500,650,1.3,0.556
maiz,2023,2023/2024,Chaco,2 de Abril,15600,8270,15713,1.9,0.53
maiz,2023,2023/2024,Chaco,General Belgrano,12800,6840,14364,2.1,0.534
maiz,2023,2023/2024,Chaco,Chacabuco,20000,8000,15200,1.9,0.4
maiz,2023,2023/2024,Chaco,Almirante Brown,110000,58300,93280,1.6,0.53
maiz,2023,2023/2024,Chaco,Fray Justo Santa María de Oro,8000,4400,7920,1.8,0.55
maiz,2023,2023/2024,Chaco,Comandante Fernández,5000,1450,1595,1.1,0.29
maiz,2023,2023/2024,Córdoba,Juárez Celman,234000,224000,1550080,6.92,0.957
maiz,2023,2023/2024,Chaco,San Lorenzo,1200,660,1188,1.8,0.55
maiz,2023,2023/2024,Chaco,Libertador General San Martín,3000,2400,6960,2.9,0.8
maiz,2023,2023/2024,Córdoba,Pocho,4000,4000,27200,6.8,1.0
maiz,2023,2023/2024,Chaco,Quitilipi,700,400,480,1.2,0.571
maiz,2023,2023/2024,Chaco,Mayor Luis J. Fontana,8000,4700,6580,1.4,0.588
maiz,2023,2023/2024,Chaco,Maipú,10000,2900,4350,1.5,0.29
maiz,2023,2023/2024,Chaco,Presidencia de la Plaza,200,140,350,2.5,0.7
maiz,2023,2023/2024,Chaco,O'Higgins,13000,8000,18400,2.3,0.615
maiz,2023,2023/2024,Córdoba,Capital,5500,5000,32500,6.5,0.909
maiz,2023,2023/2024,Córdoba,Ischilín,7800,7120,44856,6.3,0.913
maiz,2023,2023/2024,Córdoba,Calamuchita,24500,22500,145125,6.45,0.918
maiz,2023,2023/2024,Chaco,Sargento Cabral,400,190,475,2.5,0.475
maiz,2023,2023/2024,Córdoba,Colón,58000,53510,363868,6.8,0.923
maiz,2023,2023/2024,Córdoba,General San Martín,150000,79000,513500,6.5,0.527
maiz,2023,2023/2024,Córdoba,General Roca,323543,315665,2651586,8.4,0.976
maiz,2023,2023/2024,Córdoba,Cruz del Eje,11000,11000,71500,6.5,1.0
maiz,2023,2023/2024,Corrientes,Goya,500,500,2000,4.0,1.0
maiz,2023,2023/2024,Córdoba,Tercero Arriba,200000,164000,1148000,7.0,0.82
maiz,2023,2023/2024,Córdoba,Totoral,83395,77665,434924,5.6,0.931
maiz,2023,2023/2024,Córdoba,Santa María,70000,67500,418500,6.2,0.964
maiz,2023,2023/2024,Córdoba,San Alberto,3500,3500,25900,7.4,1.0
maiz,2023,2023/2024,Córdoba,San Justo,294810,201360,1196078,5.94,0.683
maiz,2023,2023/2024,Corrientes,Berón de Astrada,400,400,1600,4.0,1.0
maiz,2023,2023/2024,Corrientes,Esquina,500,500,2000,4.0,1.0
maiz,2023,2023/2024,Corrientes,Bella Vista,600,600,2400,4.0,1.0
maiz,2023,2023/2024,Córdoba,Tulumba,56395,52745,242627,4.6,0.935
maiz,2023,2023/2024,Córdoba,Unión,272400,249850,2323605,9.3,0.917
maiz,2023,2023/2024,Corrientes,Capital,300,300,1200,4.0,1.0
maiz,2023,2023/2024,Corrientes,Empedrado,300,300,1200,4.0,1.0
maiz,2023,2023/2024,Corrientes,Curuzu Cuatia,800,800,3200,4.0,1.0
maiz,2023,2023/2024,Corrientes,Concepción,500,500,2000,4.0,1.0
maiz,2023,2023/2024,Entre Ríos,Federal,14600,13100,78600,6.0,0.897
maiz,2023,2023/2024,Corrientes,San Martín,800,800,3200,4.0,1.0
maiz,2023,2023/2024,Corrientes,Ituzaingó,700,700,2800,4.0,1.0
maiz,2023,2023/2024,Entre Ríos,Feliciano,6500,6500,38350,5.9,1.0
maiz,2023,2023/2024,Corrientes,San Luis del Palmar,1200,1200,4800,4.0,1.0
maiz,2023,2023/2024,Corrientes,Mercedes,900,900,3600,4.0,1.0
maiz,2023,2023/2024,Corrientes,Lavalle,900,900,3600,4.0,1.0
maiz,2023,2023/2024,Corrientes,Saladas,600,600,2400,4.0,1.0
maiz,2023,2023/2024,Corrientes,Paso de los Libres,400,400,1600,4.0,1.0
maiz,2023,2023/2024,Corrientes,Santo Tomé,400,400,1600,4.0,1.0
maiz,2023,2023/2024,Entre Ríos,Federación,4700,4700,28200,6.0,1.0
maiz,2023,2023/2024,Corrientes,San Roque,450,450,1800,4.0,1.0
maiz,2023,2023/2024,Corrientes,San Miguel,250,250,1000,4.0,1.0
maiz,2023,2023/2024,Corrientes,Sauce,500,500,2000,4.0,1.0
maiz,2023,2023/2024,Entre Ríos,Diamante,32450,27250,166225,6.1,0.84
maiz,2023,2023/2024,Entre Ríos,Concordia,7500,7500,49500,6.6,1.0
maiz,2023,2023/2024,Entre Ríos,Colón,16000,11500,65550,5.7,0.719
maiz,2023,2023/2024,La Pampa,Conhelo,90700,67100,461648,6.88,0.74
maiz,2023,2023/2024,Entre Ríos,Villaguay,56000,41000,225500,5.5,0.732
maiz,2023,2023/2024,Entre Ríos,Victoria,50000,38000,190000,5.0,0.76
maiz,2023,2023/2024,Salta,General Güemes,5600,4765,23825,5.0,0.851
maiz,2023,2023/2024,Entre Ríos,Nogoyá,55000,41000,205000,5.0,0.745
maiz,2023,2023/2024,Entre Ríos,Uruguay,57000,43500,261000,6.0,0.763
maiz,2023,2023/2024,Entre Ríos,Tala,30000,21000,105000,5.0,0.7
maiz,2023,2023/2024,Entre Ríos,Paraná,58450,50250,311550,6.2,0.86
maiz,2023,2023/2024,Entre Ríos,San Salvador,12000,8400,46200,5.5,0.7
maiz,2023,2023/2024,Jujuy,El Carmen,1358,1129,4855,4.3,0.831
maiz,2023,2023/2024,La Pampa,Chapaleufú,46800,43200,374112,8.66,0.923
maiz,2023,2023/2024,Formosa,Laishí,2012,742,1824,2.458,0.369
maiz,2023,2023/2024,Formosa,Formosa,430,158,390,2.468,0.367
maiz,2023,2023/2024,Formosa,Bermejo,5280,3580,8807,2.46,0.678
maiz,2023,2023/2024,Jujuy,Dr. Manuel Belgrano,84,84,359,4.274,1.0
maiz,2023,2023/2024,Formosa,Pilagás,1900,700,1723,2.461,0.368
maiz,2023,2023/2024,Formosa,Patiño,27700,10210,25116,2.46,0.369
maiz,2023,2023/2024,Formosa,Pirané,8600,3170,7798,2.46,0.369
maiz,2023,2023/2024,Formosa,Pilcomayo,140,52,127,2.442,0.371
maiz,2023,2023/2024,Jujuy,Ledesma,420,396,1703,4.301,0.943
maiz,2023,2023/2024,La Pampa,Catriló,64600,56330,309815,5.5,0.872
maiz,2023,2023/2024,Jujuy,San Pedro,3348,3318,14267,4.3,0.991
maiz,2023,2023/2024,Jujuy,San Antonio,1175,1155,4967,4.3,0.983
maiz,2023,2023/2024,Jujuy,Palpalá,144,143,613,4.287,0.993
maiz,2023,2023/2024,Jujuy,Santa Bárbara,6159,4741,20386,4.3,0.77
maiz,2023,2023/2024,La Pampa,Capital,45200,28700,143500,5.0,0.635
maiz,2023,2023/2024,La Pampa,Atreucó,79500,71540,393470,5.5,0.9
maiz,2023,2023/2024,Jujuy,Valle Grande,700,700,3010,4.3,1.0
maiz,2023,2023/2024,Tucumán,Graneros,13900,11850,23700,2.0,0.853
maiz,2023,2023/2024,La Pampa,Quemú Quemú,73600,62600,455728,7.28,0.851
maiz,2023,2023/2024,La Pampa,Maracó,57900,48000,420000,8.75,0.829
maiz,2023,2023/2024,Misiones,Capital,261,219,693,3.164,0.839
maiz,2023,2023/2024,La Pampa,Hucal,41000,4900,17150,3.5,0.12
maiz,2023,2023/2024,La Pampa,Guatraché,23300,9350,37400,4.0,0.401
maiz,2023,2023/2024,La Pampa,Trenel,52900,37100,253022,6.82,0.701
maiz,2023,2023/2024,Misiones,Candelaria,175,147,465,3.163,0.84
maiz,2023,2023/2024,La Pampa,Toay,44000,12320,49280,4.0,0.28
maiz,2023,2023/2024,La Pampa,Rancul,80500,62000,426560,6.88,0.77
maiz,2023,2023/2024,La Pampa,Realicó,66300,50500,396425,7.85,0.762
maiz,2023,2023/2024,La Pampa,Utracán,12800,5630,22520,4.0,0.44
maiz,2023,2023/2024,Misiones,Cainguás,3119,2620,8279,3.16,0.84
maiz,2023,2023/2024,Misiones,Apóstoles,608,511,1615,3.16,0.84
maiz,2023,2023/2024,Misiones,25 de Mayo,6353,5336,16862,3.16,0.84
maiz,2023,2023/2024,Salta,Cerrillos,875,875,4813,5.501,1.0
maiz,2023,2023/2024,Salta,Chicoana,1050,915,5033,5.501,0.871
maiz,2023,2023/2024,Misiones,Leandro N. Alem,809,681,2152,3.16,0.842
maiz,2023,2023/2024,Misiones,Iguazú,578,485,1533,3.161,0.839
maiz,2023,2023/2024,Misiones,Eldorado,347,292,921,3.154,0.841
maiz,2023,2023/2024,Misiones,Concepción,140,118,372,3.153,0.843
maiz,2023,2023/2024,Misiones,Guaraní,12705,10672,33724,3.16,0.84
maiz,2023,2023/2024,Misiones,General Manuel Belgrano,5660,4754,15023,3.16,0.84
maiz,2023,2023/2024,Misiones,San Ignacio,200,168,531,3.161,0.84
maiz,2023,2023/2024,Salta,Capital,720,710,3905,5.5,0.986
maiz,2023,2023/2024,Misiones,Oberá,809,680,2149,3.16,0.841
maiz,2023,2023/2024,Misiones,Libertador General San Martín,350,291,920,3.162,0.831
maiz,2023,2023/2024,Misiones,Montecarlo,400,336,1062,3.161,0.84
maiz,2023,2023/2024,Misiones,San Javier,867,728,2301,3.161,0.84
maiz,2023,2023/2024,Salta,Cachi,186,186,837,4.5,1.0
maiz,2023,2023/2024,Salta,Anta,199309,178821,768930,4.3,0.897
maiz,2023,2023/2024,Misiones,San Pedro,3119,2621,8282,3.16,0.84
maiz,2023,2023/2024,Tucumán,Cruz Alta,11200,10700,36380,3.4,0.955
maiz,2023,2023/2024,Santa Fe,San Cristóbal,107400,41900,238830,5.7,0.39
maiz,2023,2023/2024,Salta,General José de San Martín,90004,83552,325853,3.9,0.928
maiz,2023,2023/2024,San Luis,Coronel Pringles,85000,78500,361100,4.6,0.924
maiz,2023,2023/2024,Salta,La Caldera,150,150,750,5.0,1.0
maiz,2023,2023/2024,San Luis,Chacabuco,33000,28250,121475,4.3,0.856
maiz,2023,2023/2024,Salta,Metán,34816,31711,142700,4.5,0.911
maiz,2023,2023/2024,Salta,La Viña,180,180,990,5.5,1.0
maiz,2023,2023/2024,Salta,La Candelaria,4650,4185,20925,5.0,0.9
maiz,2023,2023/2024,San Luis,Ayacucho,8500,6950,70195,10.1,0.818
maiz,2023,2023/2024,Salta,Rivadavia,12685,11605,58025,5.0,0.915
maiz,2023,2023/2024,Salta,Orán,13420,11999,49196,4.1,0.894
maiz,2023,2023/2024,Salta,Rosario de Lerma,200,200,1000,5.0,1.0
maiz,2023,2023/2024,Salta,Rosario de la Frontera,45020,41638,208190,5.0,0.925
maiz,2023,2023/2024,Santa Fe,Caseros,72000,72000,698400,9.7,1.0
maiz,2023,2023/2024,San Luis,Gobernador Dupuy,52000,43000,180600,4.2,0.827
maiz,2023,2023/2024,San Luis,General Pedernera,294000,270000,1188000,4.4,0.918
maiz,2023,2023/2024,Santa Fe,Rosario,38000,38000,330600,8.7,1.0
maiz,2023,2023/2024,Santa Fe,Belgrano,42676,35080,298176,8.5,0.822
maiz,2023,2023/2024,San Luis,Junín,6500,6300,49140,7.8,0.969
maiz,2023,2023/2024,San Luis,Juan Martín de Pueyrredón,15000,10000,40000,4.0,0.667
maiz,2023,2023/2024,Santa Fe,9 de Julio,125000,46800,93600,2.0,0.374
maiz,2023,2023/2024,San Luis,Libertador General San Martín,3800,3150,14175,4.5,0.829
maiz,2023,2023/2024,Santa Fe,Garay,2100,1700,12580,7.4,0.81
maiz,2023,2023/2024,Santa Fe,Las Colonias,96300,35500,220100,6.2,0.369
maiz,2023,2023/2024,Santa Fe,Villa Constitución,57000,57000,513000,9.0,1.0
maiz,2023,2023/2024,Santa Fe,Castellanos,100000,38400,245760,6.4,0.384
maiz,2023,2023/2024,Santa Fe,General López,255919,221419,2081339,9.4,0.865
maiz,2023,2023/2024,Santa Fe,La Capital,14000,7800,49920,6.4,0.557
maiz,2023,2023/2024,Santa Fe,Iriondo,59108,48556,412727,8.5,0.821
maiz,2023,2023/2024,Santa Fe,General Obligado,28900,18700,53108,2.84,0.647
maiz,2023,2023/2024,Santiago del Estero,Copo,13500,8690,23463,2.7,0.644
maiz,2023,2023/2024,Tucumán,Burruyacú,41200,40200,132660,3.3,0.976
maiz,2023,2023/2024,Santa Fe,San Martín,100125,81561,693269,8.5,0.815
maiz,2023,2023/2024,Santa Fe,San Lorenzo,34000,34000,312800,9.2,1.0
maiz,2023,2023/2024,Santa Fe,San Justo,41700,22800,143640,6.3,0.547
maiz,2023,2023/2024,Santa Fe,San Javier,7800,4800,17088,3.56,0.615
maiz,2023,2023/2024,Santa Fe,San Jerónimo,45652,37275,316834,8.5,0.817
maiz,2023,2023/2024,Santiago del Estero,Atamisqui,500,480,1200,2.5,0.96
maiz,2023,2023/2024,Santiago del Estero,Choya,6000,4195,18878,4.5,0.699
maiz,2023,2023/2024,Santiago del Estero,Alberdi,83500,50120,115276,2.3,0.6
maiz,2023,2023/2024,Santa Fe,Vera,11700,7800,24024,3.08,0.667
maiz,2023,2023/2024,Santiago del Estero,Aguirre,22000,15490,48019,3.1,0.704
maiz,2023,2023/2024,Santiago del Estero,Avellaneda,6300,4620,13398,2.9,0.733
maiz,2023,2023/2024,Santiago del Estero,Capital,5000,3300,14850,4.5,0.66
maiz,2023,2023/2024,Santiago del Estero,Belgrano,51000,29100,87300,3.0,0.571
maiz,2023,2023/2024,Santiago del Estero,Banda,5000,3000,13500,4.5,0.6
maiz,2023,2023/2024,Santiago del Estero,Figueroa,5000,3300,13200,4.0,0.66
maiz,2023,2023/2024,Santiago del Estero,Mitre,15000,10500,47250,4.5,0.7
maiz,2023,2023/2024,Santiago del Estero,Silípica,5000,2500,10000,4.0,0.5
maiz,2023,2023/2024,Santiago del Estero,General Taboada,100700,64700,200570,3.1,0.643
maiz,2023,2023/2024,Santiago del Estero,Loreto,11000,6900,31050,4.5,0.627
maiz,2023,2023/2024,Santiago del Estero,Juan F. Ibarra,70200,49110,137508,2.8,0.7
maiz,2023,2023/2024,Santiago del Estero,Guasayán,14000,9300,41850,4.5,0.664
maiz,2023,2023/2024,Santiago del Estero,Jiménez,54500,14000,63000,4.5,0.257
maiz,2023,2023/2024,Santiago del Estero,Quebrachos,9000,4000,18000,4.5,0.444
maiz,2023,2023/2024,Santiago del Estero,Sarmiento,6200,4480,10752,2.4,0.723
maiz,2023,2023/2024,Santiago del Estero,Pellegrini,52000,25900,116550,4.5,0.498
maiz,2023,2023/2024,Santiago del Estero,Moreno,244100,168950,422375,2.5,0.692
maiz,2023,2023/2024,Santiago del Estero,San Martín,3500,1500,6750,4.5,0.429
maiz,2023,2023/2024,Santiago del Estero,Robles,4000,2000,9000,4.5,0.5
maiz,2023,2023/2024,Santiago del Estero,Río Hondo,9000,4500,20250,4.5,0.5
maiz,2023,2023/2024,Santiago del Estero,Rivadavia,31700,21640,67084,3.1,0.683
maiz,2023,2023/2024,Tucumán,Leales,15000,13600,34000,2.5,0.907
maiz,2023,2023/2024,Tucumán,La Cocha,6200,4350,9570,2.2,0.702
maiz,2023,2023/2024,Tucumán,Tafí del Valle,70,20,80,4.0,0.286
maiz,2023,2023/2024,Tucumán,Simoca,450,360,900,2.5,0.8
maiz,2024,2024/2025,Buenos Aires,General Las Heras,2180,1030,7107,6.9,0.472
maiz,2024,2024/2025,Buenos Aires,General La Madrid,40000,30000,150000,5.0,0.75
maiz,2024,2024/2025,Córdoba,Presidente Roque Sáenz Peña,143690,137240,1248884,9.1,0.955
maiz,2024,2024/2025,Buenos Aires,General Juan Madariaga,20000,17000,115600,6.8,0.85
maiz,2024,2024/2025,Buenos Aires,General Guido,6000,5000,30000,6.0,0.833
maiz,2024,2024/2025,Buenos Aires,General Belgrano,14314,10534,78900,7.49,0.736
maiz,2024,2024/2025,Córdoba,Pocho,3500,3500,22750,6.5,1.0
maiz,2024,2024/2025,Buenos Aires,General Lavalle,1000,200,1160,5.8,0.2
maiz,2024,2024/2025,Córdoba,Marcos Juárez,214500,203800,2017620,9.9,0.95
maiz,2024,2024/2025,Buenos Aires,General Paz,6750,5550,39960,7.2,0.822
maiz,2024,2024/2025,Buenos Aires,General Arenales,26000,23400,198900,8.5,0.9
maiz,2024,2024/2025,Buenos Aires,General Pinto,42000,35000,283500,8.1,0.833
maiz,2024,2024/2025,Buenos Aires,General Alvear,27000,18900,122850,6.5,0.7
maiz,2024,2024/2025,Córdoba,Juárez Celman,209000,197000,1339600,6.8,0.943
maiz,2024,2024/2025,Buenos Aires,Navarro,11788,8671,62951,7.26,0.736
maiz,2024,2024/2025,Buenos Aires,General Rodríguez,1030,230,1725,7.5,0.223
maiz,2024,2024/2025,Buenos Aires,Florentino Ameghino,23000,17000,132600,7.8,0.739
maiz,2024,2024/2025,Buenos Aires,Adolfo Alsina,106000,44000,286000,6.5,0.415
maiz,2024,2024/2025,Buenos Aires,Adolfo Gonzales Chaves,35734,28590,171540,6.0,0.8
maiz,2024,2024/2025,Buenos Aires,Carmen de Areco,17000,15300,122400,8.0,0.9
maiz,2024,2024/2025,Buenos Aires,9 de Julio,72000,68300,580550,8.5,0.949
maiz,2024,2024/2025,Buenos Aires,25 de Mayo,60435,44461,331679,7.46,0.736
maiz,2024,2024/2025,Buenos Aires,General Pueyrredón,20215,19015,133105,7.0,0.941
maiz,2024,2024/2025,Buenos Aires,General Alvarado,22175,20675,144725,7.0,0.932
maiz,2024,2024/2025,Buenos Aires,Carlos Tejedor,43347,39738,325852,8.2,0.917
maiz,2024,2024/2025,Buenos Aires,Balcarce,52768,43068,279942,6.5,0.816
maiz,2024,2024/2025,Buenos Aires,Arrecifes,19500,16500,132000,8.0,0.846
maiz,2024,2024/2025,Buenos Aires,Alberti,25000,23600,200600,8.5,0.944
maiz,2024,2024/2025,Buenos Aires,Azul,54845,43145,237298,5.5,0.787
maiz,2024,2024/2025,Buenos Aires,Ayacucho,47000,42500,246500,5.8,0.904
maiz,2024,2024/2025,Buenos Aires,Bolívar,58000,40000,280000,7.0,0.69
maiz,2024,2024/2025,Buenos Aires,Carlos Casares,50223,30885,262523,8.5,0.615
maiz,2024,2024/2025,Buenos Aires,Benito Juárez,33043,25443,127215,5.0,0.77
maiz,2024,2024/2025,Buenos Aires,Baradero,19850,17550,136890,7.8,0.884
maiz,2024,2024/2025,Buenos Aires,Capitán Sarmiento,8500,7900,63990,8.1,0.929
maiz,2024,2024/2025,Buenos Aires,Brandsen,2170,570,3990,7.0,0.263
maiz,2024,2024/2025,Buenos Aires,Bragado,40000,37550,319175,8.5,0.939
maiz,2024,2024/2025,Buenos Aires,Cañuelas,3700,2350,16450,7.0,0.635
maiz,2024,2024/2025,Buenos Aires,Campana,2200,2200,17600,8.0,1.0
maiz,2024,2024/2025,Buenos Aires,Chacabuco,34000,30600,244800,8.0,0.9
maiz,2024,2024/2025,Buenos Aires,Monte,14614,10756,77443,7.2,0.736
maiz,2024,2024/2025,Buenos Aires,Exaltación de la Cruz,4500,4200,33600,8.0,0.933
maiz,2024,2024/2025,Córdoba,Ischilín,5800,5190,34254,6.6,0.895
maiz,2024,2024/2025,Buenos Aires,Guaminí,93000,43000,275200,6.4,0.462
maiz,2024,2024/2025,Buenos Aires,Dolores,3000,2200,11000,5.0,0.733
maiz,2024,2024/2025,Buenos Aires,Castelli,10000,4000,22000,5.5,0.4
maiz,2024,2024/2025,Buenos Aires,General Viamonte,33000,28000,228200,8.15,0.848
maiz,2024,2024/2025,Buenos Aires,Daireaux,55000,38000,266000,7.0,0.691
maiz,2024,2024/2025,Buenos Aires,Colón,17800,17050,139810,8.2,0.958
maiz,2024,2024/2025,Buenos Aires,General Villegas,110000,99000,787050,7.95,0.9
maiz,2024,2024/2025,Buenos Aires,Chivilcoy,32000,30100,240800,8.0,0.941
maiz,2024,2024/2025,Buenos Aires,Chascomús,11900,7600,53200,7.0,0.639
maiz,2024,2024/2025,Buenos Aires,Coronel de Marina Leonardo Rosales,3500,1500,5025,3.35,0.429
maiz,2024,2024/2025,Buenos Aires,Coronel Suárez,70000,59500,476000,8.0,0.85
maiz,2024,2024/2025,Buenos Aires,Coronel Pringles,40943,32737,150590,4.6,0.8
maiz,2024,2024/2025,Buenos Aires,Coronel Dorrego,95620,64731,291290,4.5,0.677
maiz,2024,2024/2025,Buenos Aires,Mercedes,9000,8590,42950,5.0,0.954
maiz,2024,2024/2025,Buenos Aires,Lezama,8150,7400,51060,6.9,0.908
maiz,2024,2024/2025,Buenos Aires,Hipólito Yrigoyen,36500,25700,185040,7.2,0.704
maiz,2024,2024/2025,Buenos Aires,Leandro N. Alem,31000,29000,232870,8.03,0.935
maiz,2024,2024/2025,Buenos Aires,La Plata,950,760,5320,7.0,0.8
maiz,2024,2024/2025,Buenos Aires,Junín,41000,36900,332100,9.0,0.9
maiz,2024,2024/2025,Buenos Aires,Las Flores,18783,13824,101883,7.37,0.736
maiz,2024,2024/2025,Buenos Aires,Laprida,22058,13140,60444,4.6,0.596
maiz,2024,2024/2025,Buenos Aires,Lobos,14158,10415,75509,7.25,0.736
maiz,2024,2024/2025,Buenos Aires,Marcos Paz,2180,1170,8190,7.0,0.537
maiz,2024,2024/2025,Buenos Aires,Lobería,69426,55426,360269,6.5,0.798
maiz,2024,2024/2025,Buenos Aires,Lincoln,61000,51000,402900,7.9,0.836
maiz,2024,2024/2025,Buenos Aires,Luján,5500,1950,13845,7.1,0.355
maiz,2024,2024/2025,Buenos Aires,Mar Chiquita,24500,21200,144160,6.8,0.865
maiz,2024,2024/2025,Buenos Aires,Maipú,9000,7500,48750,6.5,0.833
maiz,2024,2024/2025,Buenos Aires,Magdalena,3760,2210,15028,6.8,0.588
maiz,2024,2024/2025,Córdoba,General San Martín,111000,56000,448000,8.0,0.505
maiz,2024,2024/2025,Buenos Aires,Olavarría,57000,39900,239400,6.0,0.7
maiz,2024,2024/2025,Buenos Aires,Tornquist,21000,16000,64000,4.0,0.762
maiz,2024,2024/2025,Buenos Aires,Necochea,63484,41808,246667,5.9,0.659
maiz,2024,2024/2025,Buenos Aires,Rivadavia,104207,88488,743299,8.4,0.849
maiz,2024,2024/2025,Buenos Aires,Patagones,6800,5644,44023,7.8,0.83
maiz,2024,2024/2025,Buenos Aires,Rauch,16000,13600,74800,5.5,0.85
maiz,2024,2024/2025,Buenos Aires,Pergamino,35500,31000,260400,8.4,0.873
maiz,2024,2024/2025,Buenos Aires,Pellegrini,49000,21000,142800,6.8,0.429
maiz,2024,2024/2025,Buenos Aires,Pehuajó,67771,61535,523048,8.5,0.908
maiz,2024,2024/2025,Buenos Aires,Ramallo,11250,10450,82555,7.9,0.929
maiz,2024,2024/2025,Buenos Aires,Pilar,60,20,144,7.2,0.333
maiz,2024,2024/2025,Buenos Aires,Pila,13000,9100,50050,5.5,0.7
maiz,2024,2024/2025,Buenos Aires,Punta Indio,880,620,4402,7.1,0.705
maiz,2024,2024/2025,Buenos Aires,Puán,32000,21000,105000,5.0,0.656
maiz,2024,2024/2025,Buenos Aires,Rojas,41000,36900,313650,8.5,0.9
maiz,2024,2024/2025,Buenos Aires,San Andrés de Giles,18000,16200,129600,8.0,0.9
maiz,2024,2024/2025,Buenos Aires,Salto,19900,18100,153850,8.5,0.91
maiz,2024,2024/2025,Buenos Aires,Saavedra,26000,19000,95000,5.0,0.731
maiz,2024,2024/2025,Buenos Aires,Roque Pérez,10876,8005,57556,7.19,0.736
maiz,2024,2024/2025,Buenos Aires,Salliqueló,23000,10000,68000,6.8,0.435
maiz,2024,2024/2025,Buenos Aires,Saladillo,35387,26028,195210,7.5,0.736
maiz,2024,2024/2025,Buenos Aires,San Nicolás,6260,5960,45892,7.7,0.952
maiz,2024,2024/2025,Buenos Aires,Tapalqué,12500,8795,52770,6.0,0.704
maiz,2024,2024/2025,Buenos Aires,San Cayetano,53770,39600,233640,5.9,0.736
maiz,2024,2024/2025,Buenos Aires,San Antonio de Areco,16300,14500,116000,8.0,0.89
maiz,2024,2024/2025,Buenos Aires,San Pedro,12900,11700,94770,8.1,0.907
maiz,2024,2024/2025,Buenos Aires,Tandil,73882,59582,387283,6.5,0.806
maiz,2024,2024/2025,Buenos Aires,Suipacha,9000,8080,44440,5.5,0.898
maiz,2024,2024/2025,Buenos Aires,San Vicente,790,540,3888,7.2,0.684
maiz,2024,2024/2025,Chaco,Comandante Fernández,7100,5100,7140,1.4,0.718
maiz,2024,2024/2025,Córdoba,General Roca,331837,323427,2716787,8.4,0.975
maiz,2024,2024/2025,Buenos Aires,Zárate,3800,3650,29200,8.0,0.961
maiz,2024,2024/2025,Buenos Aires,Villarino,7200,5976,47808,8.0,0.83
maiz,2024,2024/2025,Buenos Aires,Tres Lomas,30000,13000,88400,6.8,0.433
maiz,2024,2024/2025,Buenos Aires,Trenque Lauquen,135285,115793,961082,8.3,0.856
maiz,2024,2024/2025,Buenos Aires,Tres Arroyos,112513,74617,470087,6.3,0.663
maiz,2024,2024/2025,Chaco,12 de Octubre,2000,300,480,1.6,0.15
maiz,2024,2024/2025,Chaco,Chacabuco,20000,10000,15000,1.5,0.5
maiz,2024,2024/2025,Catamarca,Santa Rosa,8000,7180,35900,5.0,0.898
maiz,2024,2024/2025,Catamarca,Capayán,50,40,100,2.5,0.8
maiz,2024,2024/2025,Catamarca,El Alto,400,260,988,3.8,0.65
maiz,2024,2024/2025,Chaco,2 de Abril,6000,1400,2660,1.9,0.233
maiz,2024,2024/2025,Chaco,Almirante Brown,104000,47000,98700,2.1,0.452
maiz,2024,2024/2025,Chaco,9 de Julio,20000,10000,18000,1.8,0.5
maiz,2024,2024/2025,Chaco,25 de Mayo,200,120,192,1.6,0.6
maiz,2024,2024/2025,Córdoba,Cruz del Eje,8000,8000,64000,8.0,1.0
maiz,2024,2024/2025,Chaco,Maipú,11000,5500,7700,1.4,0.5
maiz,2024,2024/2025,Chaco,Libertador General San Martín,2600,1800,7560,4.2,0.692
maiz,2024,2024/2025,Chaco,General Belgrano,12000,3800,8360,2.2,0.317
maiz,2024,2024/2025,Chaco,Fray Justo Santa María de Oro,6000,2940,5292,1.8,0.49
maiz,2024,2024/2025,Chaco,Independencia,17000,12500,20000,1.6,0.735
maiz,2024,2024/2025,Chaco,General Güemes,10100,8100,15390,1.9,0.802
maiz,2024,2024/2025,Córdoba,Colón,37000,32130,253827,7.9,0.868
maiz,2024,2024/2025,Chaco,O'Higgins,12000,8600,15480,1.8,0.717
maiz,2024,2024/2025,Chaco,Mayor Luis J. Fontana,5000,2500,4250,1.7,0.5
maiz,2024,2024/2025,Córdoba,Capital,4000,4000,30000,7.5,1.0
maiz,2024,2024/2025,Chaco,Quitilipi,400,300,450,1.5,0.75
maiz,2024,2024/2025,Córdoba,Calamuchita,19000,18500,129500,7.0,0.974
maiz,2024,2024/2025,Chaco,Sargento Cabral,50,50,190,3.8,1.0
maiz,2024,2024/2025,Corrientes,Curuzu Cuatia,800,800,5200,6.5,1.0
maiz,2024,2024/2025,Córdoba,San Javier,3500,3500,31500,9.0,1.0
maiz,2024,2024/2025,Córdoba,Río Cuarto,520000,498000,3237000,6.5,0.958
maiz,2024,2024/2025,Córdoba,San Alberto,8000,8000,56000,7.0,1.0
maiz,2024,2024/2025,Córdoba,Río Segundo,112500,89500,716000,8.0,0.796
maiz,2024,2024/2025,Córdoba,Río Primero,108000,88950,729390,8.2,0.824
maiz,2024,2024/2025,Córdoba,Río Seco,38000,33110,218526,6.6,0.871
maiz,2024,2024/2025,Corrientes,Concepción,320,320,2080,6.5,1.0
maiz,2024,2024/2025,Córdoba,Tercero Arriba,133000,111000,943500,8.5,0.835
maiz,2024,2024/2025,Córdoba,Santa María,48000,48000,384000,8.0,1.0
maiz,2024,2024/2025,Córdoba,San Justo,198000,128750,1107250,8.6,0.65
maiz,2024,2024/2025,Corrientes,Berón de Astrada,320,320,2080,6.5,1.0
maiz,2024,2024/2025,Córdoba,Tulumba,40000,35050,245350,7.0,0.876
maiz,2024,2024/2025,Córdoba,Totoral,55000,46100,359580,7.8,0.838
maiz,2024,2024/2025,Corrientes,Bella Vista,600,480,3120,6.5,0.8
maiz,2024,2024/2025,Córdoba,Unión,211970,178070,1638244,9.2,0.84
maiz,2024,2024/2025,Entre Ríos,Colón,7000,6600,44220,6.7,0.943
maiz,2024,2024/2025,Formosa,Formosa,2420,785,2982,3.8,0.324
maiz,2024,2024/2025,Corrientes,Lavalle,560,360,2340,6.5,0.643
maiz,2024,2024/2025,Corrientes,Ituzaingó,560,560,3640,6.5,1.0
maiz,2024,2024/2025,Corrientes,Goya,960,960,6240,6.5,1.0
maiz,2024,2024/2025,Corrientes,Empedrado,160,160,1040,6.5,1.0
maiz,2024,2024/2025,Corrientes,Esquina,500,400,2600,6.5,0.8
maiz,2024,2024/2025,San Luis,Gobernador Dupuy,62500,57000,267900,4.7,0.912
maiz,2024,2024/2025,Corrientes,Saladas,400,400,2600,6.5,1.0
maiz,2024,2024/2025,Corrientes,Sauce,500,400,2600,6.5,0.8
maiz,2024,2024/2025,Corrientes,Paso de los Libres,320,320,2080,6.5,1.0
maiz,2024,2024/2025,Corrientes,Mercedes,1200,1200,7800,6.5,1.0
maiz,2024,2024/2025,Corrientes,Santo Tomé,320,320,2080,6.5,1.0
maiz,2024,2024/2025,Corrientes,San Martín,640,640,4160,6.5,1.0
maiz,2024,2024/2025,Corrientes,San Luis del Palmar,720,320,2080,6.5,0.444
maiz,2024,2024/2025,Corrientes,San Roque,360,360,2340,6.5,1.0
maiz,2024,2024/2025,Corrientes,San Miguel,200,200,1300,6.5,1.0
maiz,2024,2024/2025,Formosa,Bermejo,350,114,431,3.8,0.326
maiz,2024,2024/2025,Entre Ríos,Gualeguay,38000,37000,247900,6.7,0.974
maiz,2024,2024/2025,Formosa,Laishí,2650,859,3266,3.8,0.324
maiz,2024,2024/2025,Entre Ríos,Feliciano,4800,4800,28320,5.9,1.0
maiz,2024,2024/2025,Entre Ríos,Diamante,16500,15000,102000,6.8,0.909
maiz,2024,2024/2025,Entre Ríos,Concordia,5800,5800,34220,5.9,1.0
maiz,2024,2024/2025,Entre Ríos,Federal,8000,8000,48800,6.1,1.0
maiz,2024,2024/2025,Entre Ríos,Federación,3100,3100,18910,6.1,1.0
maiz,2024,2024/2025,Entre Ríos,Gualeguaychú,80000,77500,519250,6.7,0.969
maiz,2024,2024/2025,Entre Ríos,Paraná,23500,20700,132480,6.4,0.881
maiz,2024,2024/2025,Entre Ríos,Nogoyá,46000,44500,298150,6.7,0.967
maiz,2024,2024/2025,Entre Ríos,La Paz,17000,14000,84000,6.0,0.824
maiz,2024,2024/2025,Entre Ríos,Villaguay,23000,21500,144050,6.7,0.935
maiz,2024,2024/2025,Entre Ríos,San Salvador,4000,3700,24790,6.7,0.925
maiz,2024,2024/2025,Entre Ríos,Victoria,29000,27600,184920,6.7,0.952
maiz,2024,2024/2025,Entre Ríos,Uruguay,35000,33500,224450,6.7,0.957
maiz,2024,2024/2025,Entre Ríos,Tala,19000,18200,118300,6.5,0.958
maiz,2024,2024/2025,Formosa,Pilagás,2470,801,3044,3.8,0.324
maiz,2024,2024/2025,San Luis,General Pedernera,265800,244800,1297440,5.3,0.921
maiz,2024,2024/2025,Formosa,Patiño,16400,5319,20212,3.8,0.324
maiz,2024,2024/2025,La Pampa,Atreucó,50300,38230,248495,6.5,0.76
maiz,2024,2024/2025,Formosa,Pilcomayo,1030,334,1269,3.8,0.324
maiz,2024,2024/2025,Jujuy,Valle Grande,1300,1000,4000,4.0,0.769
maiz,2024,2024/2025,Jujuy,El Carmen,1258,1229,4916,4.0,0.977
maiz,2024,2024/2025,Jujuy,Dr. Manuel Belgrano,100,100,398,4.0,1.0
maiz,2024,2024/2025,Formosa,Pirané,11740,3808,14469,3.8,0.324
maiz,2024,2024/2025,Jujuy,Santa Bárbara,2000,1400,5600,4.0,0.7
maiz,2024,2024/2025,Jujuy,Palpalá,140,139,554,4.0,0.993
maiz,2024,2024/2025,Jujuy,Ledesma,300,276,1104,4.0,0.92
maiz,2024,2024/2025,Jujuy,San Pedro,2000,1970,7880,4.0,0.985
maiz,2024,2024/2025,Jujuy,San Antonio,500,490,1960,4.0,0.98
maiz,2024,2024/2025,Misiones,Cainguás,2700,2285,11424,5.0,0.846
maiz,2024,2024/2025,La Pampa,Maracó,63500,44400,310800,7.0,0.699
maiz,2024,2024/2025,La Pampa,Capital,44200,23650,130075,5.5,0.535
maiz,2024,2024/2025,La Pampa,Hucal,18700,2240,7840,3.5,0.12
maiz,2024,2024/2025,La Pampa,Chapaleufú,75600,52900,380880,7.2,0.7
maiz,2024,2024/2025,La Pampa,Catriló,53700,41990,272935,6.5,0.782
maiz,2024,2024/2025,La Pampa,Guatraché,29900,9890,39560,4.0,0.331
maiz,2024,2024/2025,La Pampa,Conhelo,86100,57750,346500,6.0,0.671
maiz,2024,2024/2025,La Pampa,Realicó,75900,51650,309900,6.0,0.681
maiz,2024,2024/2025,Misiones,Candelaria,150,127,635,5.0,0.847
maiz,2024,2024/2025,Misiones,Apóstoles,500,423,2115,5.0,0.846
maiz,2024,2024/2025,La Pampa,Rancul,78200,53150,318900,6.0,0.68
maiz,2024,2024/2025,La Pampa,Quemú Quemú,53700,36500,237250,6.5,0.68
maiz,2024,2024/2025,La Pampa,Toay,23500,7000,31500,4.5,0.298
maiz,2024,2024/2025,Misiones,25 de Mayo,5500,4654,23270,5.0,0.846
maiz,2024,2024/2025,La Pampa,Utracán,7500,3300,13200,4.0,0.44
maiz,2024,2024/2025,La Pampa,Trenel,45200,30550,183300,6.0,0.676
maiz,2024,2024/2025,San Luis,Ayacucho,7800,7000,73500,10.5,0.897
maiz,2024,2024/2025,San Luis,Juan Martín de Pueyrredón,10500,9050,42535,4.7,0.862
maiz,2024,2024/2025,San Luis,Coronel Pringles,69550,63550,349525,5.5,0.914
maiz,2024,2024/2025,Misiones,San Pedro,2700,2285,11424,5.0,0.846
maiz,2024,2024/2025,Misiones,Eldorado,300,254,1269,5.0,0.847
maiz,2024,2024/2025,Misiones,Concepción,100,85,423,5.0,0.85
maiz,2024,2024/2025,Misiones,Capital,200,169,846,5.0,0.845
maiz,2024,2024/2025,Misiones,Leandro N. Alem,700,592,2962,5.0,0.846
maiz,2024,2024/2025,Misiones,San Javier,750,635,3173,5.0,0.847
maiz,2024,2024/2025,Misiones,Iguazú,500,423,2115,5.0,0.846
maiz,2024,2024/2025,Misiones,General Manuel Belgrano,4900,4146,20732,5.0,0.846
maiz,2024,2024/2025,Misiones,Guaraní,11000,9308,46541,5.0,0.846
maiz,2024,2024/2025,Misiones,Libertador General San Martín,300,254,1269,5.0,0.847
maiz,2024,2024/2025,Misiones,San Ignacio,170,144,719,5.0,0.847
maiz,2024,2024/2025,Misiones,Oberá,700,592,2962,5.0,0.846
maiz,2024,2024/2025,Misiones,Montecarlo,340,288,1439,5.0,0.847
maiz,2024,2024/2025,Salta,Rivadavia,11416,10866,68456,6.3,0.952
maiz,2024,2024/2025,Salta,Rosario de Lerma,100,70,441,6.3,0.7
maiz,2024,2024/2025,Salta,General Güemes,5600,5040,31752,6.3,0.9
maiz,2024,2024/2025,San Luis,Chacabuco,35500,32700,124260,3.8,0.921
maiz,2024,2024/2025,Salta,Chicoana,1350,1250,7500,6.0,0.926
maiz,2024,2024/2025,Salta,Cachi,186,186,1023,5.5,1.0
maiz,2024,2024/2025,Salta,Anta,145278,123538,741228,6.0,0.85
maiz,2024,2024/2025,Salta,Cerrillos,1300,1300,8190,6.3,1.0
maiz,2024,2024/2025,Salta,Capital,720,720,4536,6.3,1.0
maiz,2024,2024/2025,Salta,Guachipas,100,80,464,5.8,0.8
maiz,2024,2024/2025,Salta,Orán,6668,6668,40008,6.0,1.0
maiz,2024,2024/2025,Salta,General José de San Martín,46633,42033,252198,6.0,0.901
maiz,2024,2024/2025,Salta,Rosario de la Frontera,35508,35208,228852,6.5,0.992
maiz,2024,2024/2025,Salta,La Candelaria,4550,4550,27300,6.0,1.0
maiz,2024,2024/2025,Salta,Metán,24682,24182,157183,6.5,0.98
maiz,2024,2024/2025,Salta,La Caldera,150,150,900,6.0,1.0
maiz,2024,2024/2025,Salta,La Viña,150,150,870,5.8,1.0
maiz,2024,2024/2025,Santa Fe,Garay,1500,400,3000,7.5,0.267
maiz,2024,2024/2025,Santa Fe,Villa Constitución,36000,36000,331200,9.2,1.0
maiz,2024,2024/2025,Santa Fe,Castellanos,60000,26600,247380,9.3,0.443
maiz,2024,2024/2025,Santa Fe,San Lorenzo,25000,25000,212500,8.5,1.0
maiz,2024,2024/2025,Santa Fe,Caseros,50400,50400,463680,9.2,1.0
maiz,2024,2024/2025,Santa Fe,9 de Julio,49805,44805,246428,5.5,0.9
maiz,2024,2024/2025,San Luis,Libertador General San Martín,4100,3700,17390,4.7,0.902
maiz,2024,2024/2025,San Luis,Junín,8100,7920,71280,9.0,0.978
maiz,2024,2024/2025,Santa Fe,Belgrano,47152,46579,419211,9.0,0.988
maiz,2024,2024/2025,Santa Fe,San Justo,15000,7500,58500,7.8,0.5
maiz,2024,2024/2025,Santa Fe,Rosario,28000,28000,238000,8.5,1.0
maiz,2024,2024/2025,Santiago del Estero,Belgrano,13400,9110,61948,6.8,0.68
maiz,2024,2024/2025,Santa Fe,General López,219550,207550,1760024,8.48,0.945
maiz,2024,2024/2025,Santiago del Estero,Banda,2400,1560,8736,5.6,0.65
maiz,2024,2024/2025,Santa Fe,General Obligado,15800,14500,57710,3.98,0.918
maiz,2024,2024/2025,Santa Fe,Las Colonias,49000,15800,143780,9.1,0.322
maiz,2024,2024/2025,Santa Fe,La Capital,9800,5000,42000,8.4,0.51
maiz,2024,2024/2025,Santa Fe,Iriondo,48756,43072,344576,8.0,0.883
maiz,2024,2024/2025,Santiago del Estero,Avellaneda,3870,3740,17204,4.6,0.966
maiz,2024,2024/2025,Santa Fe,San Jerónimo,30505,26628,213024,8.0,0.873
maiz,2024,2024/2025,Santa Fe,San Javier,2330,2330,8090,3.472,1.0
maiz,2024,2024/2025,Santa Fe,San Cristóbal,38000,12300,86100,7.0,0.324
maiz,2024,2024/2025,Santiago del Estero,Atamisqui,300,195,975,5.0,0.65
maiz,2024,2024/2025,Santa Fe,Vera,3400,3060,11475,3.75,0.9
maiz,2024,2024/2025,Santa Fe,San Martín,51645,41620,332960,8.0,0.806
maiz,2024,2024/2025,Santiago del Estero,Alberdi,78250,52110,114642,2.2,0.666
maiz,2024,2024/2025,Santiago del Estero,Aguirre,11600,9630,57780,6.0,0.83
maiz,2024,2024/2025,Santiago del Estero,Copo,8810,6240,16848,2.7,0.708
maiz,2024,2024/2025,Santiago del Estero,General Taboada,34250,27390,178035,6.5,0.8
maiz,2024,2024/2025,Santiago del Estero,Choya,3600,2350,13160,5.6,0.653
maiz,2024,2024/2025,Santiago del Estero,Río Hondo,6000,4070,24420,6.0,0.678
maiz,2024,2024/2025,Santiago del Estero,Capital,3000,2015,11687,5.8,0.672
maiz,2024,2024/2025,Santiago del Estero,Quebrachos,6000,4030,24180,6.0,0.672
maiz,2024,2024/2025,Santiago del Estero,Figueroa,3000,1950,10920,5.6,0.65
maiz,2024,2024/2025,Santiago del Estero,Juan F. Ibarra,31980,26170,128233,4.9,0.818
maiz,2024,2024/2025,Santiago del Estero,Jiménez,33000,21600,123120,5.7,0.655
maiz,2024,2024/2025,Santiago del Estero,Guasayán,9000,6150,34440,5.6,0.683
maiz,2024,2024/2025,Santiago del Estero,Loreto,7200,4860,26730,5.5,0.675
maiz,2024,2024/2025,Santiago del Estero,Pellegrini,34200,23790,142740,6.0,0.696
maiz,2024,2024/2025,Santiago del Estero,Moreno,222500,178880,482976,2.7,0.804
maiz,2024,2024/2025,Santiago del Estero,Mitre,9000,6170,35786,5.8,0.686
maiz,2024,2024/2025,Tucumán,Trancas,850,180,900,5.0,0.212
maiz,2024,2024/2025,Tucumán,Burruyacú,33000,29250,140400,4.8,0.886
maiz,2024,2024/2025,Santiago del Estero,Silípica,2000,1565,10173,6.5,0.782
maiz,2024,2024/2025,Santiago del Estero,Robles,2400,1560,9048,5.8,0.65
maiz,2024,2024/2025,Santiago del Estero,Rivadavia,18140,13460,56532,4.2,0.742
maiz,2024,2024/2025,Santiago del Estero,Sarmiento,3800,3440,11008,3.2,0.905
maiz,2024,2024/2025,Santiago del Estero,San Martín,3000,1950,10920,5.6,0.65
maiz,2024,2024/2025,Tucumán,Graneros,6000,5450,24525,4.5,0.908
maiz,2024,2024/2025,Tucumán,Cruz Alta,9000,8260,41300,5.0,0.918
maiz,2024,2024/2025,Tucumán,Simoca,400,400,1640,4.1,1.0
maiz,2024,2024/2025,Tucumán,Leales,10000,9130,43824,4.8,0.913
maiz,2024,2024/2025,Tucumán,La Cocha,3600,2970,13365,4.5,0.825
soja,2015,2015/2016,Buenos Aires,General Alvear,32000,32000,97000,3.031,1.0
soja,2015,2015/2016,Buenos Aires,General Viamonte,101500,99500,348264,3.5,0.98
soja,2015,2015/2016,Buenos Aires,General Rodríguez,2694,2594,9591,3.697,0.963
soja,2015,2015/2016,Buenos Aires,General Alvarado,54800,53100,112860,2.125,0.969
soja,2015,2015/2016,Buenos Aires,Florentino Ameghino,59209,56709,190950,3.367,0.958
soja,2015,2015/2016,Buenos Aires,Azul,124700,121700,283500,2.33,0.976
soja,2015,2015/2016,Buenos Aires,General Pueyrredón,26600,25100,64320,2.563,0.944
soja,2015,2015/2016,Buenos Aires,Ayacucho,35510,35510,89066,2.508,1.0
soja,2015,2015/2016,Buenos Aires,25 de Mayo,191388,191388,654993,3.422,1.0
soja,2015,2015/2016,Buenos Aires,Arrecifes,85000,85000,315025,3.706,1.0
soja,2015,2015/2016,Buenos Aires,Alberti,69600,67900,232880,3.43,0.976
soja,2015,2015/2016,Buenos Aires,9 de Julio,217300,216400,915120,4.229,0.996
soja,2015,2015/2016,Buenos Aires,Adolfo Gonzales Chaves,108300,108300,235290,2.173,1.0
soja,2015,2015/2016,Buenos Aires,Adolfo Alsina,86000,85000,250200,2.944,0.988
soja,2015,2015/2016,Buenos Aires,Exaltación de la Cruz,28550,28550,109780,3.845,1.0
soja,2015,2015/2016,Buenos Aires,General Pinto,110600,108400,371290,3.425,0.98
soja,2015,2015/2016,Buenos Aires,Chacabuco,130356,130356,527897,4.05,1.0
soja,2015,2015/2016,Buenos Aires,Bragado,117590,116500,414250,3.556,0.991
soja,2015,2015/2016,Buenos Aires,Balcarce,80580,78080,192930,2.471,0.969
soja,2015,2015/2016,Buenos Aires,Bolívar,87000,87000,282000,3.241,1.0
soja,2015,2015/2016,Buenos Aires,Benito Juárez,84600,81900,213020,2.601,0.968
soja,2015,2015/2016,Buenos Aires,Baradero,66031,66031,246628,3.735,1.0
soja,2015,2015/2016,Buenos Aires,Brandsen,5945,5795,16742,2.889,0.975
soja,2015,2015/2016,Buenos Aires,Castelli,9820,9820,23532,2.396,1.0
soja,2015,2015/2016,Buenos Aires,Cañuelas,23045,22275,73920,3.319,0.967
soja,2015,2015/2016,Buenos Aires,Campana,16350,16350,62625,3.83,1.0
soja,2015,2015/2016,Buenos Aires,Capitán Sarmiento,37950,37950,143355,3.777,1.0
soja,2015,2015/2016,Buenos Aires,Carmen de Areco,47900,47900,202120,4.22,1.0
soja,2015,2015/2016,Buenos Aires,Carlos Tejedor,86478,84578,300754,3.556,0.978
soja,2015,2015/2016,Buenos Aires,Carlos Casares,93759,91959,328350,3.571,0.981
soja,2015,2015/2016,Buenos Aires,Dolores,3000,3000,6600,2.2,1.0
soja,2015,2015/2016,Buenos Aires,General Paz,3400,3310,9444,2.853,0.974
soja,2015,2015/2016,Buenos Aires,Coronel Suárez,137789,137089,384283,2.803,0.995
soja,2015,2015/2016,Buenos Aires,Chascomús,40148,39188,133264,3.401,0.976
soja,2015,2015/2016,Buenos Aires,Coronel Pringles,49500,49500,127650,2.579,1.0
soja,2015,2015/2016,Buenos Aires,Chivilcoy,114360,112400,420600,3.742,0.983
soja,2015,2015/2016,Buenos Aires,Coronel Dorrego,107000,107000,199850,1.868,1.0
soja,2015,2015/2016,Buenos Aires,Colón,63477,63477,257051,4.05,1.0
soja,2015,2015/2016,Buenos Aires,General Belgrano,9500,8200,26560,3.239,0.863
soja,2015,2015/2016,Buenos Aires,Daireaux,134814,134814,448469,3.327,1.0
soja,2015,2015/2016,Buenos Aires,General Lavalle,2300,2300,5020,2.183,1.0
soja,2015,2015/2016,Buenos Aires,General Arenales,89491,89491,362655,4.052,1.0
soja,2015,2015/2016,Buenos Aires,General Las Heras,4839,4664,16405,3.517,0.964
soja,2015,2015/2016,Buenos Aires,General Guido,7916,7916,18562,2.345,1.0
soja,2015,2015/2016,Buenos Aires,General La Madrid,48826,47826,109023,2.28,0.98
soja,2015,2015/2016,Buenos Aires,General Juan Madariaga,21885,21885,82060,3.75,1.0
soja,2015,2015/2016,Buenos Aires,Tornquist,3606,3406,6572,1.93,0.945
soja,2015,2015/2016,San Luis,Libertador General San Martín,2200,2200,5940,2.7,1.0
soja,2015,2015/2016,Chaco,25 de Mayo,200,192,250,1.302,0.96
soja,2015,2015/2016,Chaco,12 de Octubre,87000,85390,170780,2.0,0.981
soja,2015,2015/2016,Buenos Aires,Tordillo,1250,1250,3125,2.5,1.0
soja,2015,2015/2016,Buenos Aires,Guaminí,99000,98000,361600,3.69,0.99
soja,2015,2015/2016,Buenos Aires,Magdalena,6520,6370,18486,2.902,0.977
soja,2015,2015/2016,Buenos Aires,Necochea,207000,207000,448320,2.166,1.0
soja,2015,2015/2016,Buenos Aires,Tapalqué,1150,1150,3225,2.804,1.0
soja,2015,2015/2016,Buenos Aires,General Villegas,352700,349600,1146880,3.281,0.991
soja,2015,2015/2016,La Pampa,Guatraché,2000,2000,3400,1.7,1.0
soja,2015,2015/2016,Buenos Aires,Luján,15331,14731,55772,3.786,0.961
soja,2015,2015/2016,Buenos Aires,Leandro N. Alem,82790,80890,303546,3.753,0.977
soja,2015,2015/2016,Buenos Aires,Navarro,48000,45200,155900,3.449,0.942
soja,2015,2015/2016,Buenos Aires,Hipólito Yrigoyen,55000,55000,177500,3.227,1.0
soja,2015,2015/2016,Buenos Aires,Junín,126772,126772,490360,3.868,1.0
soja,2015,2015/2016,Buenos Aires,Las Flores,39000,37750,129320,3.426,0.968
soja,2015,2015/2016,Buenos Aires,Laprida,10700,10700,28400,2.654,1.0
soja,2015,2015/2016,Buenos Aires,La Plata,720,700,1940,2.771,0.972
soja,2015,2015/2016,Buenos Aires,Lobos,49500,49500,165000,3.333,1.0
soja,2015,2015/2016,Buenos Aires,Lobería,150900,147700,334740,2.266,0.979
soja,2015,2015/2016,Buenos Aires,Monte,36500,35600,122310,3.436,0.975
soja,2015,2015/2016,Buenos Aires,Lincoln,215282,211482,744137,3.519,0.982
soja,2015,2015/2016,Buenos Aires,Mercedes,21620,20670,67773,3.279,0.956
soja,2015,2015/2016,Buenos Aires,Maipú,10735,10735,34103,3.177,1.0
soja,2015,2015/2016,Buenos Aires,Marcos Paz,8897,8597,30865,3.59,0.966
soja,2015,2015/2016,Buenos Aires,Mar Chiquita,14754,14754,36644,2.484,1.0
soja,2015,2015/2016,Buenos Aires,Pellegrini,46000,45000,151200,3.36,0.978
soja,2015,2015/2016,Buenos Aires,Roque Pérez,37000,34400,115240,3.35,0.93
soja,2015,2015/2016,Buenos Aires,Punta Indio,2357,2317,6493,2.802,0.983
soja,2015,2015/2016,Chaco,2 de Abril,51200,50100,105210,2.1,0.979
soja,2015,2015/2016,Catamarca,Santa Rosa,54142,54092,156867,2.9,0.999
soja,2015,2015/2016,Buenos Aires,Tandil,148300,144900,343750,2.372,0.977
soja,2015,2015/2016,Buenos Aires,Pehuajó,174718,170768,588745,3.448,0.977
soja,2015,2015/2016,Buenos Aires,Olavarría,78726,78726,186653,2.371,1.0
soja,2015,2015/2016,Buenos Aires,Puán,5847,5547,13598,2.451,0.949
soja,2015,2015/2016,Buenos Aires,Pila,14871,14871,41150,2.767,1.0
soja,2015,2015/2016,Buenos Aires,Rojas,134984,134984,566711,4.198,1.0
soja,2015,2015/2016,Buenos Aires,Pergamino,206596,206596,843150,4.081,1.0
soja,2015,2015/2016,Buenos Aires,Rivadavia,186089,171089,660201,3.859,0.919
soja,2015,2015/2016,Buenos Aires,Pilar,2367,2282,8428,3.693,0.964
soja,2015,2015/2016,Buenos Aires,Rauch,17524,17524,47520,2.712,1.0
soja,2015,2015/2016,Buenos Aires,Ramallo,63093,63093,240103,3.806,1.0
soja,2015,2015/2016,Buenos Aires,Suipacha,25060,24400,79360,3.252,0.974
soja,2015,2015/2016,Buenos Aires,Trenque Lauquen,181171,177221,622982,3.515,0.978
soja,2015,2015/2016,Catamarca,El Alto,2000,2000,4800,2.4,1.0
soja,2015,2015/2016,Buenos Aires,San Andrés de Giles,57050,57050,218232,3.825,1.0
soja,2015,2015/2016,Buenos Aires,Salto,113846,113846,459994,4.04,1.0
soja,2015,2015/2016,Buenos Aires,Saavedra,19130,18630,54321,2.916,0.974
soja,2015,2015/2016,Buenos Aires,Salliqueló,32000,31000,106300,3.429,0.969
soja,2015,2015/2016,Buenos Aires,Saladillo,91000,89800,303700,3.382,0.987
soja,2015,2015/2016,Buenos Aires,San Vicente,2440,2380,7293,3.064,0.975
soja,2015,2015/2016,Buenos Aires,Zárate,29300,29300,112865,3.852,1.0
soja,2015,2015/2016,Buenos Aires,San Antonio de Areco,42764,42764,163448,3.822,1.0
soja,2015,2015/2016,Buenos Aires,San Cayetano,125200,125200,256440,2.048,1.0
soja,2015,2015/2016,Buenos Aires,Tres Lomas,44000,43000,151700,3.528,0.977
soja,2015,2015/2016,Buenos Aires,San Pedro,51450,51450,191985,3.731,1.0
soja,2015,2015/2016,Buenos Aires,San Nicolás,39519,39519,156973,3.972,1.0
soja,2015,2015/2016,Buenos Aires,Tres Arroyos,234200,234200,471140,2.012,1.0
soja,2015,2015/2016,Jujuy,San Pedro,120,108,238,2.204,0.9
soja,2015,2015/2016,Entre Ríos,Feliciano,13000,9500,15200,1.6,0.731
soja,2015,2015/2016,San Luis,Junín,1400,1400,5040,3.6,1.0
soja,2015,2015/2016,La Pampa,Conhelo,38200,36200,105700,2.92,0.948
soja,2015,2015/2016,Chaco,Comandante Fernández,20000,18500,29600,1.6,0.925
soja,2015,2015/2016,Chaco,Bermejo,740,590,1180,2.0,0.797
soja,2015,2015/2016,Chaco,9 de Julio,60000,58110,110409,1.9,0.968
soja,2015,2015/2016,Chaco,Almirante Brown,95000,91500,183000,2.0,0.963
soja,2015,2015/2016,Entre Ríos,Federal,45000,33000,65200,1.976,0.733
soja,2015,2015/2016,Corrientes,sin definir,23000,23000,41400,1.8,1.0
soja,2015,2015/2016,Córdoba,Unión,524364,481364,1810613,3.761,0.918
soja,2015,2015/2016,Córdoba,Tulumba,81672,81672,252351,3.09,1.0
soja,2015,2015/2016,Entre Ríos,Federación,14000,10000,19800,1.98,0.714
soja,2015,2015/2016,Entre Ríos,Colón,33500,32850,62180,1.893,0.981
soja,2015,2015/2016,Entre Ríos,Diamante,75000,64000,154000,2.406,0.853
soja,2015,2015/2016,Entre Ríos,Concordia,34000,25000,49400,1.976,0.735
soja,2015,2015/2016,Entre Ríos,Gualeguaychú,196500,192000,351900,1.833,0.977
soja,2015,2015/2016,Jujuy,San Antonio,950,855,1967,2.301,0.9
soja,2015,2015/2016,Entre Ríos,Tala,68000,66250,113300,1.71,0.974
soja,2015,2015/2016,Entre Ríos,Gualeguay,106500,103000,216300,2.1,0.967
soja,2015,2015/2016,Entre Ríos,San Salvador,26000,24900,44820,1.8,0.958
soja,2015,2015/2016,Entre Ríos,La Paz,134000,99000,214800,2.17,0.739
soja,2015,2015/2016,Entre Ríos,Paraná,194000,141000,324000,2.298,0.727
soja,2015,2015/2016,Entre Ríos,Nogoyá,144000,140000,238000,1.7,0.972
soja,2015,2015/2016,Entre Ríos,Villaguay,127000,123700,220650,1.784,0.974
soja,2015,2015/2016,Jujuy,Palpalá,130,117,257,2.197,0.9
soja,2015,2015/2016,Entre Ríos,Victoria,109000,106300,212600,2.0,0.975
soja,2015,2015/2016,Entre Ríos,Uruguay,146500,143000,259000,1.811,0.976
soja,2015,2015/2016,Jujuy,Ledesma,120,108,238,2.204,0.9
soja,2015,2015/2016,Formosa,sin definir,17900,17900,35800,2.0,1.0
soja,2015,2015/2016,Jujuy,El Carmen,720,648,1490,2.299,0.9
soja,2015,2015/2016,Jujuy,Dr. Manuel Belgrano,80,72,166,2.306,0.9
soja,2015,2015/2016,La Pampa,Chapaleufú,110200,103300,409560,3.965,0.937
soja,2015,2015/2016,San Luis,Juan Martín de Pueyrredón,28650,27150,86685,3.193,0.948
soja,2015,2015/2016,Salta,Cerrillos,720,720,1800,2.5,1.0
soja,2015,2015/2016,La Pampa,Maracó,92700,89800,354580,3.949,0.969
soja,2015,2015/2016,La Pampa,Catriló,42262,42262,124298,2.941,1.0
soja,2015,2015/2016,La Pampa,Capital,17500,17500,46050,2.631,1.0
soja,2015,2015/2016,La Pampa,Atreucó,29563,29563,77213,2.612,1.0
soja,2015,2015/2016,Jujuy,Santa Bárbara,4720,4248,10195,2.4,0.9
soja,2015,2015/2016,La Pampa,Realicó,47200,45100,156330,3.466,0.956
soja,2015,2015/2016,Salta,Capital,1510,1510,3775,2.5,1.0
soja,2015,2015/2016,La Pampa,Rancul,80700,77500,242330,3.127,0.96
soja,2015,2015/2016,La Pampa,Quemú Quemú,42200,40000,139680,3.492,0.948
soja,2015,2015/2016,Salta,Anta,261000,254500,559900,2.2,0.975
soja,2015,2015/2016,La Pampa,Toay,25000,25000,73900,2.956,1.0
soja,2015,2015/2016,Misiones,San Pedro,50,50,150,3.0,1.0
soja,2015,2015/2016,Misiones,San Javier,20,20,56,2.8,1.0
soja,2015,2015/2016,Salta,General Güemes,3350,3350,8040,2.4,1.0
soja,2015,2015/2016,San Luis,Gobernador Dupuy,7725,6925,16620,2.4,0.896
soja,2015,2015/2016,Salta,Metán,39103,38103,87637,2.3,0.974
soja,2015,2015/2016,Salta,Chicoana,220,220,528,2.4,1.0
soja,2015,2015/2016,Salta,General José de San Martín,80548,74148,133466,1.8,0.921
soja,2015,2015/2016,Salta,La Viña,120,120,288,2.4,1.0
soja,2015,2015/2016,Salta,La Candelaria,920,920,1932,2.1,1.0
soja,2015,2015/2016,Salta,Guachipas,25,25,60,2.4,1.0
soja,2015,2015/2016,Salta,Rosario de la Frontera,30102,28102,64635,2.3,0.934
soja,2015,2015/2016,Salta,Rivadavia,1008,978,1814,1.855,0.97
soja,2015,2015/2016,San Luis,General Pedernera,252136,248136,788577,3.178,0.984
soja,2015,2015/2016,Salta,Orán,5006,4606,8291,1.8,0.92
soja,2015,2015/2016,San Luis,Coronel Pringles,64715,62715,212671,3.391,0.969
soja,2015,2015/2016,Salta,Rosario de Lerma,125,125,313,2.504,1.0
soja,2015,2015/2016,San Luis,Chacabuco,35000,34500,93150,2.7,0.986
soja,2015,2015/2016,San Luis,Ayacucho,5100,5100,19650,3.853,1.0
soja,2015,2015/2016,Santiago del Estero,Copo,8500,8500,18700,2.2,1.0
soja,2015,2015/2016,Santa Fe,San Justo,148000,134000,267200,1.994,0.905
soja,2015,2015/2016,Santa Fe,San Jerónimo,203380,163380,336084,2.057,0.803
soja,2015,2015/2016,Santa Fe,General Obligado,89902,68402,109440,1.6,0.761
soja,2015,2015/2016,Santa Fe,Belgrano,187885,157885,412881,2.615,0.84
soja,2015,2015/2016,Santa Fe,General López,610327,563942,1841028,3.265,0.924
soja,2015,2015/2016,Santa Fe,9 de Julio,169325,163825,367763,2.245,0.968
soja,2015,2015/2016,Santa Fe,Garay,4000,2000,3800,1.9,0.5
soja,2015,2015/2016,Santa Fe,Caseros,261795,250295,840517,3.358,0.956
soja,2015,2015/2016,Santa Fe,Villa Constitución,241571,232371,773558,3.329,0.962
soja,2015,2015/2016,Santa Fe,Castellanos,286785,262785,570751,2.172,0.916
soja,2015,2015/2016,Santa Fe,San Javier,6800,4500,6370,1.416,0.662
soja,2015,2015/2016,Santa Fe,San Lorenzo,138037,132037,440561,3.337,0.957
soja,2015,2015/2016,Santiago del Estero,Choya,5000,5000,10500,2.1,1.0
soja,2015,2015/2016,Santa Fe,San Cristóbal,134000,124000,260000,2.097,0.925
soja,2015,2015/2016,Santa Fe,Rosario,104756,96856,303328,3.132,0.925
soja,2015,2015/2016,Santa Fe,Iriondo,226718,186718,485876,2.602,0.824
soja,2015,2015/2016,Santa Fe,Las Colonias,247000,230000,498200,2.166,0.931
soja,2015,2015/2016,Santa Fe,La Capital,52000,49000,107200,2.188,0.942
soja,2015,2015/2016,Santiago del Estero,Aguirre,55000,55000,132000,2.4,1.0
soja,2015,2015/2016,Santiago del Estero,Capital,3000,3000,8100,2.7,1.0
soja,2015,2015/2016,Santa Fe,Vera,31000,25700,40700,1.584,0.829
soja,2015,2015/2016,Santa Fe,San Martín,325631,275631,651960,2.365,0.846
soja,2015,2015/2016,Santiago del Estero,Alberdi,116000,116000,336400,2.9,1.0
soja,2015,2015/2016,Santiago del Estero,Belgrano,112000,102000,275400,2.7,0.911
soja,2015,2015/2016,Santiago del Estero,Banda,4000,4000,8800,2.2,1.0
soja,2015,2015/2016,Santiago del Estero,Avellaneda,3500,3500,7350,2.1,1.0
soja,2015,2015/2016,Santiago del Estero,Loreto,1500,1500,3600,2.4,1.0
soja,2015,2015/2016,Santiago del Estero,Figueroa,500,500,850,1.7,1.0
soja,2015,2015/2016,Tucumán,Burruyacú,79800,79500,254400,3.2,0.996
soja,2015,2015/2016,Santiago del Estero,Juan F. Ibarra,55000,49000,127400,2.6,0.891
soja,2015,2015/2016,Santiago del Estero,General Taboada,140000,126000,340200,2.7,0.9
soja,2015,2015/2016,Santiago del Estero,Jiménez,53915,53915,156354,2.9,1.0
soja,2015,2015/2016,Santiago del Estero,Guasayán,4000,4000,9600,2.4,1.0
soja,2015,2015/2016,Santiago del Estero,Pellegrini,41407,41407,120080,2.9,1.0
soja,2015,2015/2016,Santiago del Estero,Sarmiento,3000,3000,8700,2.9,1.0
soja,2015,2015/2016,Santiago del Estero,Moreno,290000,285000,741000,2.6,0.983
soja,2015,2015/2016,Santiago del Estero,Mitre,15000,15000,40500,2.7,1.0
soja,2015,2015/2016,Santiago del Estero,San Martín,1500,1500,3600,2.4,1.0
soja,2015,2015/2016,Santiago del Estero,Río Hondo,15750,15750,37800,2.4,1.0
soja,2015,2015/2016,Santiago del Estero,Robles,2000,2000,5400,2.7,1.0
soja,2015,2015/2016,Santiago del Estero,Rivadavia,50000,46000,105800,2.3,0.92
soja,2015,2015/2016,Tucumán,Leales,35000,34860,104580,3.0,0.996
soja,2015,2015/2016,Tucumán,Cruz Alta,35000,35000,112000,3.2,1.0
soja,2015,2015/2016,Tucumán,Chicligasta,1200,1200,3960,3.3,1.0
soja,2015,2015/2016,Tucumán,La Cocha,22610,22510,74283,3.3,0.996
soja,2015,2015/2016,Tucumán,Famaillá,1000,975,3218,3.301,0.975
soja,2015,2015/2016,Tucumán,Juan Bautista Alberdi,1900,1900,6460,3.4,1.0
soja,2015,2015/2016,Tucumán,Graneros,30000,29930,80811,2.7,0.998
soja,2015,2015/2016,Tucumán,Río Chico,700,700,2310,3.3,1.0
soja,2015,2015/2016,Tucumán,Monteros,300,300,990,3.3,1.0
soja,2015,2015/2016,Tucumán,Lules,1000,1000,3300,3.3,1.0
soja,2015,2015/2016,Tucumán,Simoca,3300,3250,10075,3.1,0.985
soja,2015,2015/2016,Tucumán,Tafí Viejo,400,400,1240,3.1,1.0
soja,2015,2015/2016,Chaco,Chacabuco,67100,65900,125210,1.9,0.982
soja,2015,2015/2016,Córdoba,Totoral,104195,104195,352875,3.387,1.0
soja,2015,2015/2016,Córdoba,Tercero Arriba,320742,318242,1039604,3.267,0.992
soja,2015,2015/2016,Córdoba,Sobremonte,8000,8000,20000,2.5,1.0
soja,2015,2015/2016,Córdoba,Santa María,141508,141508,437471,3.091,1.0
soja,2015,2015/2016,Córdoba,San Justo,629000,541100,1794687,3.317,0.86
soja,2015,2015/2016,Córdoba,San Javier,11000,11000,36000,3.273,1.0
soja,2015,2015/2016,Misiones,25 de Mayo,750,730,2190,3.0,0.973
soja,2015,2015/2016,Chaco,General Belgrano,52200,50800,106680,2.1,0.973
soja,2015,2015/2016,Chaco,Fray Justo Santa María de Oro,15600,15100,30200,2.0,0.968
soja,2015,2015/2016,La Pampa,Utracán,6000,6000,11700,1.95,1.0
soja,2015,2015/2016,Córdoba,San Alberto,2200,2200,5940,2.7,1.0
soja,2015,2015/2016,Chaco,Libertador General San Martín,500,455,751,1.651,0.91
soja,2015,2015/2016,Misiones,Oberá,30,30,90,3.0,1.0
soja,2015,2015/2016,Córdoba,Colón,91293,91293,315026,3.451,1.0
soja,2015,2015/2016,Chaco,Independencia,40000,37000,51800,1.4,0.925
soja,2015,2015/2016,Chaco,Maipú,24000,22400,35840,1.6,0.933
soja,2015,2015/2016,Chaco,General Güemes,7500,7000,10850,1.55,0.933
soja,2015,2015/2016,Córdoba,Capital,4400,4400,13088,2.975,1.0
soja,2015,2015/2016,Chaco,O'Higgins,2500,2500,5250,2.1,1.0
soja,2015,2015/2016,Chaco,Quitilipi,4500,4100,6150,1.5,0.911
soja,2015,2015/2016,Chaco,Mayor Luis J. Fontana,18600,18100,36200,2.0,0.973
soja,2015,2015/2016,Córdoba,Calamuchita,58530,58530,157031,2.683,1.0
soja,2015,2015/2016,Chaco,San Fernando,2100,1900,3610,1.9,0.905
soja,2015,2015/2016,Chaco,Sargento Cabral,1500,1500,3450,2.3,1.0
soja,2015,2015/2016,Chaco,San Lorenzo,1700,1620,3726,2.3,0.953
soja,2015,2015/2016,Córdoba,Marcos Juárez,569345,482045,1855809,3.85,0.847
soja,2015,2015/2016,Misiones,Leandro N. Alem,50,50,145,2.9,1.0
soja,2015,2015/2016,La Pampa,Trenel,19700,18700,62550,3.345,0.949
soja,2015,2015/2016,Córdoba,Río Segundo,325986,324986,1101847,3.39,0.997
soja,2015,2015/2016,Córdoba,Juárez Celman,327936,313436,1011736,3.228,0.956
soja,2015,2015/2016,Córdoba,General Roca,445000,429200,1565840,3.648,0.964
soja,2015,2015/2016,Córdoba,Ischilín,45000,45000,126000,2.8,1.0
soja,2015,2015/2016,Córdoba,General San Martín,232646,231646,808432,3.49,0.996
soja,2015,2015/2016,Córdoba,Presidente Roque Sáenz Peña,348800,333200,1190320,3.572,0.955
soja,2015,2015/2016,Córdoba,Río Seco,73514,73514,242596,3.3,1.0
soja,2015,2015/2016,Misiones,Guaraní,550,535,1605,3.0,0.973
soja,2015,2015/2016,Córdoba,Pocho,1500,1500,4050,2.7,1.0
soja,2015,2015/2016,Misiones,General Manuel Belgrano,60,60,186,3.1,1.0
soja,2015,2015/2016,Córdoba,Río Primero,338286,338286,1144150,3.382,1.0
soja,2015,2015/2016,Córdoba,Río Cuarto,894613,883613,2637503,2.985,0.988
soja,2015,2015/2016,Misiones,Cainguás,40,40,120,3.0,1.0
soja,2016,2016/2017,Buenos Aires,Las Flores,38800,35650,107610,3.019,0.919
soja,2016,2016/2017,Buenos Aires,La Plata,700,670,1964,2.931,0.957
soja,2016,2016/2017,Buenos Aires,Laprida,10718,9598,20505,2.136,0.896
soja,2016,2016/2017,Córdoba,San Alberto,2000,2000,5400,2.7,1.0
soja,2016,2016/2017,Buenos Aires,Puán,6300,6300,15600,2.476,1.0
soja,2016,2016/2017,Buenos Aires,Junín,100060,92450,385478,4.17,0.924
soja,2016,2016/2017,Buenos Aires,Pilar,2252,2137,8399,3.93,0.949
soja,2016,2016/2017,Córdoba,Río Segundo,265000,265000,859600,3.244,1.0
soja,2016,2016/2017,Buenos Aires,Leandro N. Alem,75300,69371,245375,3.537,0.921
soja,2016,2016/2017,Buenos Aires,Pila,10500,10500,30900,2.943,1.0
soja,2016,2016/2017,Buenos Aires,Hipólito Yrigoyen,55000,49500,152190,3.075,0.9
soja,2016,2016/2017,Buenos Aires,Arrecifes,76050,75500,286790,3.799,0.993
soja,2016,2016/2017,Córdoba,Río Seco,67000,67000,217500,3.246,1.0
soja,2016,2016/2017,Buenos Aires,Punta Indio,1744,1689,4655,2.756,0.968
soja,2016,2016/2017,Buenos Aires,Alberti,54240,53740,186786,3.476,0.991
soja,2016,2016/2017,Buenos Aires,Adolfo Gonzales Chaves,97562,86785,130853,1.508,0.89
soja,2016,2016/2017,Buenos Aires,Adolfo Alsina,82000,79500,209450,2.635,0.97
soja,2016,2016/2017,Buenos Aires,9 de Julio,179060,178450,603892,3.384,0.997
soja,2016,2016/2017,Buenos Aires,25 de Mayo,182000,175600,567400,3.231,0.965
soja,2016,2016/2017,Buenos Aires,Pergamino,175550,174750,702480,4.02,0.995
soja,2016,2016/2017,Buenos Aires,Guaminí,93000,83000,266750,3.214,0.892
soja,2016,2016/2017,Córdoba,Río Primero,360000,360000,1202500,3.34,1.0
soja,2016,2016/2017,Buenos Aires,Ramallo,56500,56200,208040,3.702,0.995
soja,2016,2016/2017,Buenos Aires,Ayacucho,22800,22800,60840,2.668,1.0
soja,2016,2016/2017,Buenos Aires,Capitán Sarmiento,27050,26900,104355,3.879,0.994
soja,2016,2016/2017,Buenos Aires,General Alvear,33500,33500,88500,2.642,1.0
soja,2016,2016/2017,Buenos Aires,Azul,136900,132300,288400,2.18,0.966
soja,2016,2016/2017,Buenos Aires,Benito Juárez,78800,76500,175960,2.3,0.971
soja,2016,2016/2017,Buenos Aires,Cañuelas,21980,21000,77202,3.676,0.955
soja,2016,2016/2017,Buenos Aires,Baradero,49300,48900,180400,3.689,0.992
soja,2016,2016/2017,Buenos Aires,Balcarce,77900,75300,171140,2.273,0.967
soja,2016,2016/2017,Buenos Aires,Bolívar,87000,78300,248400,3.172,0.9
soja,2016,2016/2017,Buenos Aires,Campana,16050,15900,63865,4.017,0.991
soja,2016,2016/2017,Buenos Aires,Brandsen,5795,5595,17265,3.086,0.965
soja,2016,2016/2017,Buenos Aires,Bragado,107430,106620,375926,3.526,0.992
soja,2016,2016/2017,Buenos Aires,Carlos Tejedor,90485,87345,312882,3.582,0.965
soja,2016,2016/2017,Buenos Aires,General Alvarado,47800,45800,81390,1.777,0.958
soja,2016,2016/2017,Buenos Aires,Chivilcoy,90960,89630,342178,3.818,0.985
soja,2016,2016/2017,Buenos Aires,Carlos Casares,89628,89078,340630,3.824,0.994
soja,2016,2016/2017,Buenos Aires,Chascomús,27301,26116,81697,3.128,0.957
soja,2016,2016/2017,Buenos Aires,Carmen de Areco,36210,34560,144600,4.184,0.954
soja,2016,2016/2017,Buenos Aires,Chacabuco,104410,96630,414902,4.294,0.925
soja,2016,2016/2017,Buenos Aires,Castelli,9000,9000,27800,3.089,1.0
soja,2016,2016/2017,Buenos Aires,Coronel Pringles,35819,30525,47905,1.569,0.852
soja,2016,2016/2017,Buenos Aires,Florentino Ameghino,61300,57020,161873,2.839,0.93
soja,2016,2016/2017,Buenos Aires,Coronel Dorrego,65797,57017,100871,1.769,0.867
soja,2016,2016/2017,Buenos Aires,Colón,49850,49300,194650,3.948,0.989
soja,2016,2016/2017,Buenos Aires,Coronel Suárez,140000,140000,340000,2.429,1.0
soja,2016,2016/2017,Buenos Aires,Exaltación de la Cruz,28700,28600,110340,3.858,0.997
soja,2016,2016/2017,Buenos Aires,Dolores,2000,2000,5400,2.7,1.0
soja,2016,2016/2017,Buenos Aires,Daireaux,124000,111600,358200,3.21,0.9
soja,2016,2016/2017,Buenos Aires,General Villegas,232600,147336,387081,2.627,0.633
soja,2016,2016/2017,Buenos Aires,General Guido,3800,3800,10640,2.8,1.0
soja,2016,2016/2017,Córdoba,Río Cuarto,704598,700098,1910259,2.729,0.994
soja,2016,2016/2017,Buenos Aires,Rivadavia,159037,143637,571723,3.98,0.903
soja,2016,2016/2017,Buenos Aires,Pellegrini,43000,37300,119090,3.193,0.867
soja,2016,2016/2017,Buenos Aires,General Viamonte,89800,87376,304469,3.485,0.973
soja,2016,2016/2017,Buenos Aires,General Belgrano,12000,10450,29760,2.848,0.871
soja,2016,2016/2017,Buenos Aires,General Arenales,76540,67490,288048,4.268,0.882
soja,2016,2016/2017,Buenos Aires,General Las Heras,4594,4359,13537,3.106,0.949
soja,2016,2016/2017,Buenos Aires,General Rodríguez,3549,3409,13265,3.891,0.961
soja,2016,2016/2017,Buenos Aires,General La Madrid,62000,62000,143800,2.319,1.0
soja,2016,2016/2017,Buenos Aires,General Juan Madariaga,22800,22800,69660,3.055,1.0
soja,2016,2016/2017,Buenos Aires,General Pueyrredón,25250,24350,49160,2.019,0.964
soja,2016,2016/2017,Buenos Aires,General Lavalle,1000,1000,3000,3.0,1.0
soja,2016,2016/2017,Buenos Aires,General Pinto,90700,86114,253502,2.944,0.949
soja,2016,2016/2017,Buenos Aires,General Paz,3275,3155,9330,2.957,0.963
soja,2016,2016/2017,Córdoba,Presidente Roque Sáenz Peña,269000,256720,895964,3.49,0.954
soja,2016,2016/2017,Buenos Aires,Maipú,12000,12000,36600,3.05,1.0
soja,2016,2016/2017,Buenos Aires,Pehuajó,159709,159709,577225,3.614,1.0
soja,2016,2016/2017,Buenos Aires,Lincoln,198500,188354,579973,3.079,0.949
soja,2016,2016/2017,Buenos Aires,Magdalena,5386,5191,14979,2.886,0.964
soja,2016,2016/2017,Buenos Aires,Lobería,141720,136320,283812,2.082,0.962
soja,2016,2016/2017,Buenos Aires,Luján,14501,13721,52783,3.847,0.946
soja,2016,2016/2017,Buenos Aires,Lobos,50000,45500,129780,2.852,0.91
soja,2016,2016/2017,Buenos Aires,Marcos Paz,8477,8087,30000,3.71,0.954
soja,2016,2016/2017,Córdoba,Pocho,1350,1350,3780,2.8,1.0
soja,2016,2016/2017,Buenos Aires,Olavarría,60900,60900,153750,2.525,1.0
soja,2016,2016/2017,Buenos Aires,Mar Chiquita,14000,14000,38950,2.782,1.0
soja,2016,2016/2017,Buenos Aires,Necochea,172176,157836,233252,1.478,0.917
soja,2016,2016/2017,Buenos Aires,Mercedes,19400,19050,59200,3.108,0.982
soja,2016,2016/2017,Buenos Aires,Navarro,53000,49800,139200,2.795,0.94
soja,2016,2016/2017,Buenos Aires,Monte,39000,36300,103220,2.844,0.931
soja,2016,2016/2017,Córdoba,Tercero Arriba,291000,291000,957400,3.29,1.0
soja,2016,2016/2017,La Pampa,Utracán,10000,7800,19080,2.446,0.78
soja,2016,2016/2017,Córdoba,San Justo,638000,634000,2191100,3.456,0.994
soja,2016,2016/2017,Córdoba,Sobremonte,6000,6000,15000,2.5,1.0
soja,2016,2016/2017,Córdoba,San Javier,10200,10200,32580,3.194,1.0
soja,2016,2016/2017,Santa Fe,Belgrano,173000,168300,636470,3.782,0.973
soja,2016,2016/2017,Tucumán,Leales,33400,33250,76475,2.3,0.996
soja,2016,2016/2017,La Pampa,Trenel,19900,17572,47084,2.679,0.883
soja,2016,2016/2017,Córdoba,Totoral,115000,115000,389500,3.387,1.0
soja,2016,2016/2017,Entre Ríos,Concordia,32700,32700,83740,2.561,1.0
soja,2016,2016/2017,Córdoba,Santa María,110800,110800,262120,2.366,1.0
soja,2016,2016/2017,Córdoba,Tulumba,71000,71000,224700,3.165,1.0
soja,2016,2016/2017,Entre Ríos,Colón,35000,34870,87183,2.5,0.996
soja,2016,2016/2017,Corrientes,sin definir,20000,20000,40000,2.0,1.0
soja,2016,2016/2017,Córdoba,Unión,445119,420107,1487565,3.541,0.944
soja,2016,2016/2017,La Pampa,Guatraché,2000,1000,2000,2.0,0.5
soja,2016,2016/2017,La Pampa,Toay,18000,14200,36440,2.566,0.789
soja,2016,2016/2017,La Pampa,Conhelo,36100,33908,96973,2.86,0.939
soja,2016,2016/2017,La Pampa,Chapaleufú,100400,81916,267713,3.268,0.816
soja,2016,2016/2017,La Pampa,Maracó,79800,69488,225440,3.244,0.871
soja,2016,2016/2017,La Pampa,Realicó,41200,33992,98017,2.884,0.825
soja,2016,2016/2017,La Pampa,Rancul,59500,55668,145864,2.62,0.936
soja,2016,2016/2017,La Pampa,Quemú Quemú,43100,40472,115899,2.864,0.939
soja,2016,2016/2017,Misiones,25 de Mayo,1300,1250,2875,2.3,0.962
soja,2016,2016/2017,Salta,Guachipas,25,25,65,2.6,1.0
soja,2016,2016/2017,Misiones,Oberá,40,36,94,2.611,0.9
soja,2016,2016/2017,Santa Fe,9 de Julio,123500,114500,408240,3.565,0.927
soja,2016,2016/2017,Misiones,Leandro N. Alem,30,27,57,2.111,0.9
soja,2016,2016/2017,Misiones,Cainguás,60,55,116,2.109,0.917
soja,2016,2016/2017,Misiones,Guaraní,800,750,1725,2.3,0.938
soja,2016,2016/2017,Misiones,General Manuel Belgrano,150,140,322,2.3,0.933
soja,2016,2016/2017,Salta,General José de San Martín,101240,101240,242976,2.4,1.0
soja,2016,2016/2017,Salta,Anta,263910,257370,617688,2.4,0.975
soja,2016,2016/2017,Misiones,San Pedro,140,130,299,2.3,0.929
soja,2016,2016/2017,Misiones,San Javier,30,26,57,2.192,0.867
soja,2016,2016/2017,Salta,General Güemes,3350,3350,8375,2.5,1.0
soja,2016,2016/2017,Salta,Capital,1510,1510,3926,2.6,1.0
soja,2016,2016/2017,Salta,Chicoana,220,220,550,2.5,1.0
soja,2016,2016/2017,Salta,Cerrillos,720,720,1872,2.6,1.0
soja,2016,2016/2017,San Luis,Libertador General San Martín,1500,1500,3750,2.5,1.0
soja,2016,2016/2017,Salta,La Candelaria,920,920,2208,2.4,1.0
soja,2016,2016/2017,Salta,Rosario de la Frontera,28950,28950,75270,2.6,1.0
soja,2016,2016/2017,Salta,Rivadavia,1010,1010,2424,2.4,1.0
soja,2016,2016/2017,Salta,La Viña,120,120,300,2.5,1.0
soja,2016,2016/2017,Salta,Orán,10320,10320,24768,2.4,1.0
soja,2016,2016/2017,Salta,Metán,51380,51380,133588,2.6,1.0
soja,2016,2016/2017,San Luis,Chacabuco,26000,26000,65000,2.5,1.0
soja,2016,2016/2017,San Luis,Junín,1350,1350,3505,2.596,1.0
soja,2016,2016/2017,San Luis,Ayacucho,5300,5300,21640,4.083,1.0
soja,2016,2016/2017,Salta,Rosario de Lerma,125,125,325,2.6,1.0
soja,2016,2016/2017,San Luis,Juan Martín de Pueyrredón,22150,22150,59640,2.693,1.0
soja,2016,2016/2017,San Luis,Coronel Pringles,58000,58000,166990,2.879,1.0
soja,2016,2016/2017,San Luis,Gobernador Dupuy,12700,12700,33020,2.6,1.0
soja,2016,2016/2017,San Luis,General Pedernera,180340,180340,483918,2.683,1.0
soja,2016,2016/2017,Santa Fe,San Jerónimo,180500,171300,633260,3.697,0.949
soja,2016,2016/2017,Santiago del Estero,Juan F. Ibarra,77640,77340,270690,3.5,0.996
soja,2016,2016/2017,Tucumán,La Cocha,22700,21450,55770,2.6,0.945
soja,2016,2016/2017,Santa Fe,Villa Constitución,222840,217040,772080,3.557,0.974
soja,2016,2016/2017,Santa Fe,Garay,4000,3720,10416,2.8,0.93
soja,2016,2016/2017,Santa Fe,Castellanos,217900,189140,564454,2.984,0.868
soja,2016,2016/2017,Santa Fe,Caseros,247440,237340,881380,3.714,0.959
soja,2016,2016/2017,Santa Fe,San Javier,8300,8300,22690,2.734,1.0
soja,2016,2016/2017,Santa Fe,Iriondo,199150,194350,811380,4.175,0.976
soja,2016,2016/2017,Santa Fe,General Obligado,84900,81900,210720,2.573,0.965
soja,2016,2016/2017,Santa Fe,General López,433183,417183,1449380,3.474,0.963
soja,2016,2016/2017,Santa Fe,San Cristóbal,145000,144072,427476,2.967,0.994
soja,2016,2016/2017,Santa Fe,La Capital,48000,46440,141164,3.04,0.968
soja,2016,2016/2017,Santa Fe,Rosario,108500,105300,381840,3.626,0.971
soja,2016,2016/2017,Santa Fe,Las Colonias,179700,168220,516029,3.068,0.936
soja,2016,2016/2017,Santiago del Estero,Jiménez,60000,60000,210000,3.5,1.0
soja,2016,2016/2017,Santa Fe,San Lorenzo,135400,131900,497050,3.768,0.974
soja,2016,2016/2017,Santiago del Estero,Avellaneda,3500,3380,11492,3.4,0.966
soja,2016,2016/2017,Santa Fe,San Justo,140000,137968,418821,3.036,0.985
soja,2016,2016/2017,Santiago del Estero,Alberdi,68080,68080,265512,3.9,1.0
soja,2016,2016/2017,Santa Fe,San Martín,279050,267750,889630,3.323,0.96
soja,2016,2016/2017,Santiago del Estero,Aguirre,13740,13740,49464,3.6,1.0
soja,2016,2016/2017,Santa Fe,Vera,27000,27000,89800,3.326,1.0
soja,2016,2016/2017,Santiago del Estero,Capital,3500,3500,12250,3.5,1.0
soja,2016,2016/2017,Santiago del Estero,Guasayán,5000,5000,15000,3.0,1.0
soja,2016,2016/2017,Santiago del Estero,Belgrano,103000,101170,374329,3.7,0.982
soja,2016,2016/2017,Santiago del Estero,Banda,4000,4000,12000,3.0,1.0
soja,2016,2016/2017,Santiago del Estero,General Taboada,193300,190040,741156,3.9,0.983
soja,2016,2016/2017,Santiago del Estero,Choya,6000,6000,16800,2.8,1.0
soja,2016,2016/2017,Santiago del Estero,Figueroa,1000,1000,2800,2.8,1.0
soja,2016,2016/2017,Santiago del Estero,Copo,8500,8370,25947,3.1,0.985
soja,2016,2016/2017,Tucumán,Graneros,20300,19000,45600,2.4,0.936
soja,2016,2016/2017,Santiago del Estero,Río Hondo,10000,10000,35000,3.5,1.0
soja,2016,2016/2017,Tucumán,Juan Bautista Alberdi,2250,1990,5174,2.6,0.884
soja,2016,2016/2017,Santiago del Estero,Pellegrini,35000,35000,122500,3.5,1.0
soja,2016,2016/2017,Santiago del Estero,Loreto,2000,2000,6000,3.0,1.0
soja,2016,2016/2017,Santiago del Estero,Moreno,231550,231170,832212,3.6,0.998
soja,2016,2016/2017,Santiago del Estero,Mitre,15000,15000,52500,3.5,1.0
soja,2016,2016/2017,Santiago del Estero,San Martín,2500,2500,7000,2.8,1.0
soja,2016,2016/2017,Tucumán,Famaillá,800,800,2320,2.9,1.0
soja,2016,2016/2017,Santiago del Estero,Robles,3000,3000,10500,3.5,1.0
soja,2016,2016/2017,Santiago del Estero,Rivadavia,22030,21900,74460,3.4,0.994
soja,2016,2016/2017,Tucumán,Cruz Alta,34500,34350,89310,2.6,0.996
soja,2016,2016/2017,Santiago del Estero,Silípica,3500,3500,12250,3.5,1.0
soja,2016,2016/2017,Tucumán,Chicligasta,1200,1140,2850,2.5,0.95
soja,2016,2016/2017,Tucumán,Burruyacú,80500,80200,192480,2.4,0.996
soja,2016,2016/2017,Tucumán,Monteros,700,700,2030,2.9,1.0
soja,2016,2016/2017,Tucumán,Lules,1150,1150,3565,3.1,1.0
soja,2016,2016/2017,Tucumán,Simoca,4800,4500,11700,2.6,0.938
soja,2016,2016/2017,Tucumán,Río Chico,1100,1000,2700,2.7,0.909
soja,2016,2016/2017,Tucumán,Tafí Viejo,500,500,1400,2.8,1.0
soja,2016,2016/2017,Buenos Aires,Rauch,13000,13000,35200,2.708,1.0
soja,2016,2016/2017,Córdoba,Marcos Juárez,486507,456915,1744545,3.818,0.939
soja,2016,2016/2017,La Pampa,Catriló,41500,35200,115320,3.276,0.848
soja,2016,2016/2017,Córdoba,Juárez Celman,284823,279823,836566,2.99,0.982
soja,2016,2016/2017,La Pampa,Capital,19500,16200,47700,2.944,0.831
soja,2016,2016/2017,La Pampa,Atreucó,25000,20900,54340,2.6,0.836
soja,2016,2016/2017,Córdoba,Ischilín,49000,49000,160900,3.284,1.0
soja,2016,2016/2017,Córdoba,General San Martín,190000,190000,583000,3.068,1.0
soja,2016,2016/2017,Jujuy,Santa Bárbara,4940,4100,8200,2.0,0.83
soja,2016,2016/2017,Jujuy,San Pedro,238,198,396,2.0,0.832
soja,2016,2016/2017,Córdoba,General Roca,373000,354680,1273916,3.592,0.951
soja,2016,2016/2017,Buenos Aires,Rojas,115750,109450,472734,4.319,0.946
soja,2016,2016/2017,Córdoba,Colón,85000,85000,268500,3.159,1.0
soja,2016,2016/2017,Chaco,Comandante Fernández,29878,27978,83934,3.0,0.936
soja,2016,2016/2017,Buenos Aires,Tandil,137000,132200,302340,2.287,0.965
soja,2016,2016/2017,Buenos Aires,Salto,101850,101000,409050,4.05,0.992
soja,2016,2016/2017,Jujuy,San Antonio,950,790,1580,2.0,0.832
soja,2016,2016/2017,Buenos Aires,San Andrés de Giles,48080,45830,189076,4.126,0.953
soja,2016,2016/2017,Buenos Aires,Roque Pérez,39000,36150,105190,2.91,0.927
soja,2016,2016/2017,Buenos Aires,Saavedra,19500,19500,48000,2.462,1.0
soja,2016,2016/2017,Buenos Aires,San Antonio de Areco,40150,39950,138745,3.473,0.995
soja,2016,2016/2017,Buenos Aires,Salliqueló,29000,26900,84570,3.144,0.928
soja,2016,2016/2017,Buenos Aires,Saladillo,87000,82000,254400,3.102,0.943
soja,2016,2016/2017,Buenos Aires,Suipacha,27290,26815,82376,3.072,0.983
soja,2016,2016/2017,Buenos Aires,San Vicente,2360,2270,7121,3.137,0.962
soja,2016,2016/2017,Buenos Aires,San Cayetano,99379,86589,102009,1.178,0.871
soja,2016,2016/2017,Buenos Aires,San Pedro,44150,43900,162350,3.698,0.994
soja,2016,2016/2017,Buenos Aires,San Nicolás,35750,35550,140030,3.939,0.994
soja,2016,2016/2017,Buenos Aires,Zárate,30100,30000,119760,3.992,0.997
soja,2016,2016/2017,Buenos Aires,Tordillo,1000,1000,2600,2.6,1.0
soja,2016,2016/2017,Chaco,Chacabuco,54000,45700,146240,3.2,0.846
soja,2016,2016/2017,Buenos Aires,Tapalqué,1200,1200,3200,2.667,1.0
soja,2016,2016/2017,Buenos Aires,Tornquist,3400,3400,7450,2.191,1.0
soja,2016,2016/2017,Buenos Aires,Tres Lomas,43000,40650,136155,3.349,0.945
soja,2016,2016/2017,Buenos Aires,Tres Arroyos,156584,133251,227051,1.704,0.851
soja,2016,2016/2017,Buenos Aires,Trenque Lauquen,161703,160503,602527,3.754,0.993
soja,2016,2016/2017,Chaco,Almirante Brown,107533,101733,325546,3.2,0.946
soja,2016,2016/2017,Catamarca,Santa Rosa,27600,26010,68927,2.65,0.942
soja,2016,2016/2017,Catamarca,El Alto,2300,2150,4300,2.0,0.935
soja,2016,2016/2017,Chaco,9 de Julio,48240,42740,128220,3.0,0.886
soja,2016,2016/2017,Chaco,12 de Octubre,70200,67000,214400,3.2,0.954
soja,2016,2016/2017,Chaco,25 de Mayo,42,42,97,2.31,1.0
soja,2016,2016/2017,Chaco,2 de Abril,41400,34600,103800,3.0,0.836
soja,2016,2016/2017,Entre Ríos,Federación,13600,13600,29920,2.2,1.0
soja,2016,2016/2017,Córdoba,Calamuchita,42505,42505,127328,2.996,1.0
soja,2016,2016/2017,Córdoba,Capital,4300,4300,10065,2.341,1.0
soja,2016,2016/2017,Chaco,Libertador General San Martín,1561,1501,2702,1.8,0.962
soja,2016,2016/2017,Jujuy,Palpalá,130,108,216,2.0,0.831
soja,2016,2016/2017,Chaco,Fray Justo Santa María de Oro,12600,10500,30450,2.9,0.833
soja,2016,2016/2017,Chaco,Independencia,42241,39741,119223,3.0,0.941
soja,2016,2016/2017,Chaco,General Güemes,6026,5556,15557,2.8,0.922
soja,2016,2016/2017,Chaco,General Belgrano,41770,39900,131670,3.3,0.955
soja,2016,2016/2017,Chaco,Sargento Cabral,845,755,2718,3.6,0.893
soja,2016,2016/2017,Chaco,Mayor Luis J. Fontana,14832,12432,34810,2.8,0.838
soja,2016,2016/2017,Entre Ríos,Diamante,64600,62600,195650,3.125,0.969
soja,2016,2016/2017,Chaco,Maipú,20605,19055,53354,2.8,0.925
soja,2016,2016/2017,Chaco,San Lorenzo,1368,1168,3270,2.8,0.854
soja,2016,2016/2017,Chaco,O'Higgins,1944,1644,4603,2.8,0.846
soja,2016,2016/2017,Chaco,San Fernando,1656,1306,2873,2.2,0.789
soja,2016,2016/2017,Chaco,Quitilipi,4327,3997,11192,2.8,0.924
soja,2016,2016/2017,Jujuy,Ledesma,120,100,200,2.0,0.833
soja,2016,2016/2017,Entre Ríos,Paraná,173300,173300,549350,3.17,1.0
soja,2016,2016/2017,Entre Ríos,Feliciano,13000,13000,27800,2.138,1.0
soja,2016,2016/2017,Entre Ríos,Federal,42200,42200,113540,2.691,1.0
soja,2016,2016/2017,Entre Ríos,Nogoyá,127000,126650,353455,2.791,0.997
soja,2016,2016/2017,Entre Ríos,Gualeguay,94500,94250,288460,3.061,0.997
soja,2016,2016/2017,Entre Ríos,La Paz,127000,124000,312200,2.518,0.976
soja,2016,2016/2017,Entre Ríos,Gualeguaychú,177000,176650,515605,2.919,0.998
soja,2016,2016/2017,Jujuy,El Carmen,750,622,1244,2.0,0.829
soja,2016,2016/2017,Entre Ríos,Uruguay,137000,136600,366340,2.682,0.997
soja,2016,2016/2017,Entre Ríos,Tala,62500,62350,163065,2.615,0.998
soja,2016,2016/2017,Entre Ríos,San Salvador,23500,23380,62136,2.658,0.995
soja,2016,2016/2017,Jujuy,Dr. Manuel Belgrano,110,91,182,2.0,0.827
soja,2016,2016/2017,Entre Ríos,Victoria,88500,88280,251045,2.844,0.998
soja,2016,2016/2017,Formosa,sin definir,18500,18050,45125,2.5,0.976
soja,2016,2016/2017,Entre Ríos,Villaguay,115000,114720,302100,2.633,0.998
soja,2017,2017/2018,Jujuy,Santa Bárbara,4940,4790,10059,2.1,0.97
soja,2017,2017/2018,Jujuy,San Pedro,240,230,483,2.1,0.958
soja,2017,2017/2018,La Pampa,Atreucó,19000,18500,45500,2.459,0.974
soja,2017,2017/2018,Entre Ríos,Federación,14500,11500,14900,1.296,0.793
soja,2017,2017/2018,Buenos Aires,San Cayetano,98920,87920,113640,1.293,0.889
soja,2017,2017/2018,Jujuy,San Antonio,950,920,1932,2.1,0.968
soja,2017,2017/2018,Buenos Aires,Campana,15950,15950,43370,2.719,1.0
soja,2017,2017/2018,Buenos Aires,Brandsen,5250,4650,9180,1.974,0.886
soja,2017,2017/2018,Buenos Aires,Bragado,112120,111325,269315,2.419,0.993
soja,2017,2017/2018,Buenos Aires,Bolívar,68000,68000,161000,2.368,1.0
soja,2017,2017/2018,Buenos Aires,Adolfo Alsina,54400,54400,80400,1.478,1.0
soja,2017,2017/2018,Buenos Aires,9 de Julio,174070,173465,390176,2.249,0.997
soja,2017,2017/2018,Buenos Aires,25 de Mayo,104500,81976,140622,1.715,0.784
soja,2017,2017/2018,Buenos Aires,Benito Juárez,72860,61110,56906,0.931,0.839
soja,2017,2017/2018,Buenos Aires,Arrecifes,72850,72550,184125,2.538,0.996
soja,2017,2017/2018,Buenos Aires,Alberti,58260,57300,111720,1.95,0.984
soja,2017,2017/2018,Buenos Aires,Adolfo Gonzales Chaves,95550,88550,107535,1.214,0.927
soja,2017,2017/2018,Buenos Aires,Ayacucho,17000,16200,42550,2.627,0.953
soja,2017,2017/2018,Buenos Aires,Baradero,63290,62990,153607,2.439,0.995
soja,2017,2017/2018,Buenos Aires,Balcarce,76580,76580,163072,2.129,1.0
soja,2017,2017/2018,Buenos Aires,Azul,142310,109900,168757,1.536,0.772
soja,2017,2017/2018,Entre Ríos,Diamante,63900,60900,67720,1.112,0.953
soja,2017,2017/2018,Buenos Aires,Coronel Pringles,50650,45650,63010,1.38,0.901
soja,2017,2017/2018,Buenos Aires,Carlos Casares,86120,82620,209347,2.534,0.959
soja,2017,2017/2018,Buenos Aires,General Pueyrredón,23950,23950,53210,2.222,1.0
soja,2017,2017/2018,Buenos Aires,San Antonio de Areco,31810,31560,77572,2.458,0.992
soja,2017,2017/2018,Buenos Aires,Rivadavia,128670,123070,330442,2.685,0.956
soja,2017,2017/2018,Buenos Aires,Capitán Sarmiento,30580,30330,81018,2.671,0.992
soja,2017,2017/2018,Buenos Aires,Cañuelas,21750,20300,41100,2.025,0.933
soja,2017,2017/2018,Buenos Aires,Castelli,5600,4500,11250,2.5,0.804
soja,2017,2017/2018,Buenos Aires,Coronel Dorrego,59290,41290,44655,1.082,0.696
soja,2017,2017/2018,Buenos Aires,Carmen de Areco,40500,38500,115950,3.012,0.951
soja,2017,2017/2018,Buenos Aires,Carlos Tejedor,87610,83060,184252,2.218,0.948
soja,2017,2017/2018,Buenos Aires,Colón,52900,52650,164907,3.132,0.995
soja,2017,2017/2018,Buenos Aires,Chacabuco,98000,94700,318490,3.363,0.966
soja,2017,2017/2018,Buenos Aires,Chivilcoy,120920,119640,294780,2.464,0.989
soja,2017,2017/2018,Buenos Aires,Chascomús,28500,27350,73795,2.698,0.96
soja,2017,2017/2018,Buenos Aires,Daireaux,93000,93000,212400,2.284,1.0
soja,2017,2017/2018,Buenos Aires,Coronel Suárez,137800,133800,160560,1.2,0.971
soja,2017,2017/2018,Buenos Aires,General Alvear,28000,28000,48000,1.714,1.0
soja,2017,2017/2018,Buenos Aires,General Pinto,87860,77880,208453,2.677,0.886
soja,2017,2017/2018,Buenos Aires,Dolores,1500,1000,2500,2.5,0.667
soja,2017,2017/2018,Buenos Aires,General Alvarado,41320,41320,78232,1.893,1.0
soja,2017,2017/2018,Buenos Aires,Florentino Ameghino,50000,41960,112336,2.677,0.839
soja,2017,2017/2018,Buenos Aires,Exaltación de la Cruz,28600,28450,80925,2.844,0.995
soja,2017,2017/2018,Buenos Aires,General Guido,4000,3700,9030,2.441,0.925
soja,2017,2017/2018,Buenos Aires,General Paz,3150,2950,7030,2.383,0.937
soja,2017,2017/2018,Buenos Aires,General Belgrano,21120,15440,22896,1.483,0.731
soja,2017,2017/2018,Buenos Aires,General Arenales,77000,75200,242200,3.221,0.977
soja,2017,2017/2018,Buenos Aires,General Lavalle,800,800,2240,2.8,1.0
soja,2017,2017/2018,Buenos Aires,General Juan Madariaga,17300,17300,55000,3.179,1.0
soja,2017,2017/2018,Buenos Aires,General Las Heras,4600,4000,8050,2.013,0.87
soja,2017,2017/2018,Buenos Aires,General La Madrid,30000,27800,33360,1.2,0.927
soja,2017,2017/2018,Buenos Aires,Magdalena,5200,4900,11990,2.447,0.942
soja,2017,2017/2018,Buenos Aires,Junín,104000,101300,347600,3.431,0.974
soja,2017,2017/2018,Buenos Aires,General Rodríguez,2800,2550,5215,2.045,0.911
soja,2017,2017/2018,Buenos Aires,Rauch,7700,7400,16780,2.268,0.961
soja,2017,2017/2018,Buenos Aires,Guaminí,46200,46200,111340,2.41,1.0
soja,2017,2017/2018,Buenos Aires,Hipólito Yrigoyen,59500,59500,123100,2.069,1.0
soja,2017,2017/2018,Buenos Aires,General Villegas,263210,244130,633410,2.595,0.928
soja,2017,2017/2018,Buenos Aires,General Viamonte,96590,84830,217260,2.561,0.878
soja,2017,2017/2018,Buenos Aires,Las Flores,35510,34060,75824,2.226,0.959
soja,2017,2017/2018,Buenos Aires,Luján,14650,13690,29215,2.134,0.934
soja,2017,2017/2018,Buenos Aires,Laprida,9770,7020,6510,0.927,0.719
soja,2017,2017/2018,Buenos Aires,La Plata,500,440,1089,2.475,0.88
soja,2017,2017/2018,Buenos Aires,Lobos,37620,31580,62212,1.97,0.839
soja,2017,2017/2018,Buenos Aires,Leandro N. Alem,80970,71730,184595,2.573,0.886
soja,2017,2017/2018,Buenos Aires,Lobería,131980,131980,209434,1.587,1.0
soja,2017,2017/2018,Buenos Aires,Lincoln,180350,163090,406013,2.49,0.904
soja,2017,2017/2018,Buenos Aires,Mar Chiquita,11600,11600,25500,2.198,1.0
soja,2017,2017/2018,Buenos Aires,Ramallo,61330,61080,146692,2.402,0.996
soja,2017,2017/2018,Buenos Aires,Necochea,134570,124570,160877,1.291,0.926
soja,2017,2017/2018,Buenos Aires,Maipú,10300,9900,29440,2.974,0.961
soja,2017,2017/2018,Buenos Aires,Navarro,34600,29800,61600,2.067,0.861
soja,2017,2017/2018,Buenos Aires,Marcos Paz,8400,7400,14020,1.895,0.881
soja,2017,2017/2018,Buenos Aires,Monte,19820,16000,29860,1.866,0.807
soja,2017,2017/2018,Buenos Aires,Mercedes,23930,23080,41900,1.815,0.964
soja,2017,2017/2018,Buenos Aires,Pellegrini,19000,19000,48000,2.526,1.0
soja,2017,2017/2018,Buenos Aires,Punta Indio,1050,990,2676,2.703,0.943
soja,2017,2017/2018,Buenos Aires,Pehuajó,138790,132090,303828,2.3,0.952
soja,2017,2017/2018,Buenos Aires,Olavarría,49300,49300,96100,1.949,1.0
soja,2017,2017/2018,Buenos Aires,Pergamino,187070,186770,572010,3.063,0.998
soja,2017,2017/2018,Buenos Aires,Puán,2300,1700,2340,1.376,0.739
soja,2017,2017/2018,Buenos Aires,Pilar,2200,2000,3820,1.91,0.909
soja,2017,2017/2018,Buenos Aires,Pila,6900,6300,15570,2.471,0.913
soja,2017,2017/2018,Buenos Aires,Roque Pérez,39550,34425,72470,2.105,0.87
soja,2017,2017/2018,Buenos Aires,San Andrés de Giles,52000,49200,109520,2.226,0.946
soja,2017,2017/2018,Buenos Aires,Tornquist,4230,3230,4422,1.369,0.764
soja,2017,2017/2018,Chaco,Independencia,50660,47160,84888,1.8,0.931
soja,2017,2017/2018,Entre Ríos,Concordia,31500,26000,33600,1.292,0.825
soja,2017,2017/2018,Buenos Aires,Salto,108470,108220,312256,2.885,0.998
soja,2017,2017/2018,Buenos Aires,Salliqueló,15900,15900,43350,2.726,1.0
soja,2017,2017/2018,Buenos Aires,Rojas,117000,115300,463200,4.017,0.985
soja,2017,2017/2018,Buenos Aires,Tapalqué,1200,1200,2440,2.033,1.0
soja,2017,2017/2018,Buenos Aires,Saladillo,55850,51270,116488,2.272,0.918
soja,2017,2017/2018,Buenos Aires,San Nicolás,35970,35770,99952,2.794,0.994
soja,2017,2017/2018,Buenos Aires,Saavedra,23600,21300,29560,1.388,0.903
soja,2017,2017/2018,Buenos Aires,Tandil,134110,134110,220096,1.641,1.0
soja,2017,2017/2018,Buenos Aires,San Pedro,40270,40070,97868,2.442,0.995
soja,2017,2017/2018,Buenos Aires,Suipacha,24950,24260,42050,1.733,0.972
soja,2017,2017/2018,Buenos Aires,San Vicente,1950,1780,3290,1.848,0.913
soja,2017,2017/2018,Buenos Aires,Tres Arroyos,185180,172680,212374,1.23,0.932
soja,2017,2017/2018,Chaco,General Güemes,13120,12820,23076,1.8,0.977
soja,2017,2017/2018,Catamarca,Santa Rosa,35500,34250,82200,2.4,0.965
soja,2017,2017/2018,Buenos Aires,Trenque Lauquen,142910,137310,335790,2.445,0.961
soja,2017,2017/2018,Buenos Aires,Tres Lomas,23000,23000,58900,2.561,1.0
soja,2017,2017/2018,Catamarca,El Alto,4000,3720,6696,1.8,0.93
soja,2017,2017/2018,Catamarca,Capayán,100,100,120,1.2,1.0
soja,2017,2017/2018,Buenos Aires,Zárate,29800,29750,81850,2.751,0.998
soja,2017,2017/2018,Chaco,25 de Mayo,630,590,944,1.6,0.937
soja,2017,2017/2018,Chaco,General Belgrano,39020,37980,79758,2.1,0.973
soja,2017,2017/2018,Chaco,2 de Abril,35870,34910,69820,2.0,0.973
soja,2017,2017/2018,Chaco,12 de Octubre,62990,61310,134882,2.2,0.973
soja,2017,2017/2018,Chaco,Fray Justo Santa María de Oro,28390,28050,56100,2.0,0.988
soja,2017,2017/2018,Chaco,9 de Julio,41580,40470,80940,2.0,0.973
soja,2017,2017/2018,Chaco,Comandante Fernández,19280,16780,23492,1.4,0.87
soja,2017,2017/2018,Chaco,Chacabuco,47020,45760,91520,2.0,0.973
soja,2017,2017/2018,Chaco,Almirante Brown,108300,105000,294000,2.8,0.97
soja,2017,2017/2018,Chaco,San Fernando,1600,1560,2808,1.8,0.975
soja,2017,2017/2018,Chaco,Libertador General San Martín,1090,1090,1744,1.6,1.0
soja,2017,2017/2018,Córdoba,Juárez Celman,244570,230570,344668,1.495,0.943
soja,2017,2017/2018,Entre Ríos,Colón,33000,25000,17500,0.7,0.758
soja,2017,2017/2018,Chaco,Maipú,18730,17630,33497,1.9,0.941
soja,2017,2017/2018,Chaco,Quitilipi,1070,1010,2020,2.0,0.944
soja,2017,2017/2018,Chaco,O'Higgins,4990,4820,9640,2.0,0.966
soja,2017,2017/2018,Chaco,Mayor Luis J. Fontana,34950,34590,65721,1.9,0.99
soja,2017,2017/2018,Córdoba,Calamuchita,39080,39080,94614,2.421,1.0
soja,2017,2017/2018,Córdoba,Ischilín,5920,4862,17728,3.646,0.821
soja,2017,2017/2018,Chaco,Sargento Cabral,1860,1630,4075,2.5,0.876
soja,2017,2017/2018,Chaco,San Lorenzo,3190,3155,5995,1.9,0.989
soja,2017,2017/2018,Córdoba,Capital,4300,4300,10155,2.362,1.0
soja,2017,2017/2018,Córdoba,General San Martín,193000,149000,266000,1.785,0.772
soja,2017,2017/2018,Córdoba,General Roca,371000,340000,978300,2.877,0.916
soja,2017,2017/2018,Córdoba,Colón,64790,63652,193602,3.042,0.982
soja,2017,2017/2018,Corrientes,sin definir,20000,20000,40000,2.0,1.0
soja,2017,2017/2018,Córdoba,Pocho,1350,1350,3375,2.5,1.0
soja,2017,2017/2018,Córdoba,Río Segundo,264000,244000,618200,2.534,0.924
soja,2017,2017/2018,Córdoba,Marcos Juárez,501760,479760,1706633,3.557,0.956
soja,2017,2017/2018,Córdoba,Río Seco,63250,60150,221634,3.685,0.951
soja,2017,2017/2018,Córdoba,Presidente Roque Sáenz Peña,272000,246000,707120,2.874,0.904
soja,2017,2017/2018,Córdoba,Río Primero,245450,222315,546024,2.456,0.906
soja,2017,2017/2018,Córdoba,Río Cuarto,696100,669100,926382,1.385,0.961
soja,2017,2017/2018,Córdoba,San Justo,500410,480970,1358718,2.825,0.961
soja,2017,2017/2018,Córdoba,Unión,466540,437640,1401353,3.202,0.938
soja,2017,2017/2018,Córdoba,San Javier,10200,10200,30190,2.96,1.0
soja,2017,2017/2018,Córdoba,San Alberto,2000,2000,5000,2.5,1.0
soja,2017,2017/2018,Córdoba,Tulumba,66050,65450,220196,3.364,0.991
soja,2017,2017/2018,Córdoba,Santa María,113700,112700,244860,2.173,0.991
soja,2017,2017/2018,Córdoba,Totoral,90140,89780,337935,3.764,0.996
soja,2017,2017/2018,Córdoba,Tercero Arriba,248000,229000,500200,2.184,0.923
soja,2017,2017/2018,La Pampa,Catriló,31500,31100,87990,2.829,0.987
soja,2017,2017/2018,La Pampa,Chapaleufú,99300,96300,306560,3.183,0.97
soja,2017,2017/2018,Santiago del Estero,Figueroa,1000,1000,2000,2.0,1.0
soja,2017,2017/2018,La Pampa,Capital,12500,12000,17300,1.442,0.96
soja,2017,2017/2018,Jujuy,Dr. Manuel Belgrano,110,110,231,2.1,1.0
soja,2017,2017/2018,Entre Ríos,Feliciano,12000,9300,9780,1.052,0.775
soja,2017,2017/2018,Jujuy,Palpalá,130,130,273,2.1,1.0
soja,2017,2017/2018,Jujuy,Ledesma,120,120,252,2.1,1.0
soja,2017,2017/2018,Jujuy,El Carmen,750,725,1523,2.101,0.967
soja,2017,2017/2018,San Luis,Junín,1000,1000,1800,1.8,1.0
soja,2017,2017/2018,La Pampa,Rancul,68300,66200,161930,2.446,0.969
soja,2017,2017/2018,Entre Ríos,Federal,42000,37000,45100,1.219,0.881
soja,2017,2017/2018,La Pampa,Conhelo,24200,23500,59940,2.551,0.971
soja,2017,2017/2018,Entre Ríos,Nogoyá,124000,111000,110400,0.995,0.895
soja,2017,2017/2018,Formosa,sin definir,25000,24500,61250,2.5,0.98
soja,2017,2017/2018,La Pampa,Quemú Quemú,37400,36300,100860,2.779,0.971
soja,2017,2017/2018,Entre Ríos,La Paz,125000,118500,165750,1.399,0.948
soja,2017,2017/2018,Entre Ríos,Gualeguaychú,198500,181000,210500,1.163,0.912
soja,2017,2017/2018,Entre Ríos,Gualeguay,87500,84000,138900,1.654,0.96
soja,2017,2017/2018,Entre Ríos,San Salvador,22000,19500,15600,0.8,0.886
soja,2017,2017/2018,La Pampa,Maracó,71500,69400,202600,2.919,0.971
soja,2017,2017/2018,Entre Ríos,Villaguay,142000,108000,62000,0.574,0.761
soja,2017,2017/2018,Entre Ríos,Paraná,146000,142000,185900,1.309,0.973
soja,2017,2017/2018,La Pampa,Guatraché,1500,1000,500,0.5,0.667
soja,2017,2017/2018,Entre Ríos,Victoria,84500,79500,127050,1.598,0.941
soja,2017,2017/2018,Entre Ríos,Uruguay,122500,105000,96500,0.919,0.857
soja,2017,2017/2018,Entre Ríos,Tala,71000,67000,67000,1.0,0.944
soja,2017,2017/2018,Misiones,Cainguás,60,60,156,2.6,1.0
soja,2017,2017/2018,La Pampa,Toay,13000,12400,14600,1.177,0.954
soja,2017,2017/2018,Salta,Cerrillos,720,720,1800,2.5,1.0
soja,2017,2017/2018,La Pampa,Realicó,35600,34500,88780,2.573,0.969
soja,2017,2017/2018,Misiones,25 de Mayo,1400,1400,3920,2.8,1.0
soja,2017,2017/2018,San Luis,Juan Martín de Pueyrredón,21150,21150,46380,2.193,1.0
soja,2017,2017/2018,La Pampa,Utracán,8000,7100,14070,1.982,0.888
soja,2017,2017/2018,La Pampa,Trenel,9600,9300,20390,2.192,0.969
soja,2017,2017/2018,Misiones,Leandro N. Alem,30,30,78,2.6,1.0
soja,2017,2017/2018,Salta,Capital,1510,1510,3926,2.6,1.0
soja,2017,2017/2018,Misiones,Guaraní,900,900,2520,2.8,1.0
soja,2017,2017/2018,Misiones,General Manuel Belgrano,150,150,420,2.8,1.0
soja,2017,2017/2018,Salta,Anta,263910,263910,580602,2.2,1.0
soja,2017,2017/2018,Misiones,Oberá,40,40,104,2.6,1.0
soja,2017,2017/2018,Misiones,San Pedro,200,200,540,2.7,1.0
soja,2017,2017/2018,Misiones,San Javier,50,50,135,2.7,1.0
soja,2017,2017/2018,San Luis,Gobernador Dupuy,12000,12000,21600,1.8,1.0
soja,2017,2017/2018,Salta,Metán,39680,39680,95232,2.4,1.0
soja,2017,2017/2018,Salta,General Güemes,3350,3350,8040,2.4,1.0
soja,2017,2017/2018,Salta,Chicoana,220,220,506,2.3,1.0
soja,2017,2017/2018,Salta,La Viña,120,120,288,2.4,1.0
soja,2017,2017/2018,Salta,General José de San Martín,101240,101240,222728,2.2,1.0
soja,2017,2017/2018,Salta,La Candelaria,920,920,1840,2.0,1.0
soja,2017,2017/2018,Salta,Guachipas,30,30,75,2.5,1.0
soja,2017,2017/2018,Salta,Rosario de la Frontera,33270,33270,79848,2.4,1.0
soja,2017,2017/2018,San Luis,General Pedernera,197000,197000,411900,2.091,1.0
soja,2017,2017/2018,Salta,Rivadavia,1010,1010,2020,2.0,1.0
soja,2017,2017/2018,Salta,Orán,20210,20210,44462,2.2,1.0
soja,2017,2017/2018,San Luis,Coronel Pringles,55800,55800,138460,2.481,1.0
soja,2017,2017/2018,Salta,Rosario de Lerma,130,130,338,2.6,1.0
soja,2017,2017/2018,San Luis,Chacabuco,32000,32000,64000,2.0,1.0
soja,2017,2017/2018,San Luis,Ayacucho,5300,5300,14640,2.762,1.0
soja,2017,2017/2018,Santiago del Estero,Copo,8500,8370,22599,2.7,0.985
soja,2017,2017/2018,Santiago del Estero,Choya,6000,6000,15000,2.5,1.0
soja,2017,2017/2018,Santiago del Estero,Jiménez,65000,65000,195000,3.0,1.0
soja,2017,2017/2018,Santa Fe,Rosario,107400,103200,212460,2.059,0.961
soja,2017,2017/2018,Santa Fe,9 de Julio,128500,83500,109600,1.313,0.65
soja,2017,2017/2018,Santa Fe,Caseros,224500,221700,678350,3.06,0.988
soja,2017,2017/2018,San Luis,Libertador General San Martín,1500,1500,2700,1.8,1.0
soja,2017,2017/2018,Santa Fe,Belgrano,159830,159830,430854,2.696,1.0
soja,2017,2017/2018,Santa Fe,Garay,3460,3260,4890,1.5,0.942
soja,2017,2017/2018,Santa Fe,Castellanos,251000,239000,562100,2.352,0.952
soja,2017,2017/2018,Santa Fe,Las Colonias,173200,167700,273894,1.633,0.968
soja,2017,2017/2018,Santa Fe,Villa Constitución,210300,206300,525620,2.548,0.981
soja,2017,2017/2018,Santa Fe,General López,540350,540350,1580813,2.926,1.0
soja,2017,2017/2018,Santa Fe,La Capital,48000,44700,64050,1.433,0.931
soja,2017,2017/2018,Santa Fe,General Obligado,72900,37900,36680,0.968,0.52
soja,2017,2017/2018,Santa Fe,Iriondo,209120,209120,556980,2.663,1.0
soja,2017,2017/2018,Santiago del Estero,Guasayán,5000,5000,12500,2.5,1.0
soja,2017,2017/2018,Santa Fe,San Martín,277150,277150,787708,2.842,1.0
soja,2017,2017/2018,Santiago del Estero,Capital,4000,4000,11200,2.8,1.0
soja,2017,2017/2018,Santa Fe,San Cristóbal,140000,110000,149800,1.362,0.786
soja,2017,2017/2018,Santa Fe,San Lorenzo,142500,139700,358780,2.568,0.98
soja,2017,2017/2018,Santa Fe,San Javier,7900,4100,4720,1.151,0.519
soja,2017,2017/2018,Santa Fe,San Justo,135000,125000,167400,1.339,0.926
soja,2017,2017/2018,Santa Fe,San Jerónimo,162610,162610,343655,2.113,1.0
soja,2017,2017/2018,Santiago del Estero,Belgrano,104000,104000,249600,2.4,1.0
soja,2017,2017/2018,Santiago del Estero,Aguirre,13740,13740,21984,1.6,1.0
soja,2017,2017/2018,Santiago del Estero,General Taboada,195000,195000,526500,2.7,1.0
soja,2017,2017/2018,Santa Fe,Vera,18000,4500,4050,0.9,0.25
soja,2017,2017/2018,Santiago del Estero,Banda,4000,4000,10000,2.5,1.0
soja,2017,2017/2018,Santiago del Estero,Alberdi,69000,69000,227700,3.3,1.0
soja,2017,2017/2018,Santiago del Estero,Avellaneda,50,50,140,2.8,1.0
soja,2017,2017/2018,Tucumán,Juan Bautista Alberdi,2000,2000,5800,2.9,1.0
soja,2017,2017/2018,Santiago del Estero,Robles,3500,3500,10500,3.0,1.0
soja,2017,2017/2018,Santiago del Estero,Juan F. Ibarra,80000,78850,165585,2.1,0.986
soja,2017,2017/2018,Santiago del Estero,Moreno,240000,235850,660380,2.8,0.983
soja,2017,2017/2018,Santiago del Estero,Rivadavia,24000,22380,35808,1.6,0.932
soja,2017,2017/2018,Santiago del Estero,Río Hondo,12000,12000,36000,3.0,1.0
soja,2017,2017/2018,Santiago del Estero,Pellegrini,35000,35000,105000,3.0,1.0
soja,2017,2017/2018,Santiago del Estero,Silípica,4000,4000,12000,3.0,1.0
soja,2017,2017/2018,Tucumán,Graneros,24300,23950,57480,2.4,0.986
soja,2017,2017/2018,Santiago del Estero,Sarmiento,500,500,550,1.1,1.0
soja,2017,2017/2018,Santiago del Estero,San Martín,2500,2500,5000,2.0,1.0
soja,2017,2017/2018,Tucumán,Famaillá,750,750,2250,3.0,1.0
soja,2017,2017/2018,Tucumán,Burruyacú,68000,67100,181170,2.7,0.987
soja,2017,2017/2018,Tucumán,Cruz Alta,32500,32170,90076,2.8,0.99
soja,2017,2017/2018,Tucumán,Chicligasta,450,450,1305,2.9,1.0
soja,2017,2017/2018,Tucumán,Leales,30500,30010,78026,2.6,0.984
soja,2017,2017/2018,Tucumán,Tafí del Valle,200,200,580,2.9,1.0
soja,2017,2017/2018,Tucumán,La Cocha,25000,24590,61475,2.5,0.984
soja,2017,2017/2018,Tucumán,Simoca,3300,3300,8580,2.6,1.0
soja,2017,2017/2018,Tucumán,Lules,1000,1000,2900,2.9,1.0
soja,2017,2017/2018,Tucumán,Río Chico,400,400,1160,2.9,1.0
soja,2017,2017/2018,Tucumán,Monteros,400,400,1160,2.9,1.0
soja,2017,2017/2018,Santiago del Estero,Mitre,15000,15000,22500,1.5,1.0
soja,2017,2017/2018,Santiago del Estero,Loreto,2500,2500,6250,2.5,1.0
soja,2018,2018/2019,Córdoba,Tulumba,62469,61510,217615,3.538,0.985
soja,2018,2018/2019,Corrientes,Goya,140,140,364,2.6,1.0
soja,2018,2018/2019,Córdoba,Totoral,104109,102506,330805,3.227,0.985
soja,2018,2018/2019,Corrientes,Esquina,140,140,350,2.5,1.0
soja,2018,2018/2019,Buenos Aires,Bolívar,108500,108500,367067,3.383,1.0
soja,2018,2018/2019,Córdoba,Tercero Arriba,289400,289400,1077786,3.724,1.0
soja,2018,2018/2019,Corrientes,Curuzu Cuatia,855,855,2257,2.64,1.0
soja,2018,2018/2019,Buenos Aires,Benito Juárez,54255,54255,108831,2.006,1.0
soja,2018,2018/2019,Buenos Aires,Baradero,54648,54648,198878,3.639,1.0
soja,2018,2018/2019,Buenos Aires,Balcarce,71539,71539,160253,2.24,1.0
soja,2018,2018/2019,Buenos Aires,Adolfo Alsina,70200,70200,209040,2.978,1.0
soja,2018,2018/2019,Buenos Aires,Azul,110182,110182,242266,2.199,1.0
soja,2018,2018/2019,Buenos Aires,9 de Julio,169918,169468,643191,3.795,0.997
soja,2018,2018/2019,Buenos Aires,25 de Mayo,164060,161609,533857,3.303,0.985
soja,2018,2018/2019,Buenos Aires,Ayacucho,15700,15700,40860,2.603,1.0
soja,2018,2018/2019,Buenos Aires,Adolfo Gonzales Chaves,102000,96000,152480,1.588,0.941
soja,2018,2018/2019,Buenos Aires,Arrecifes,64310,64310,254771,3.962,1.0
soja,2018,2018/2019,Buenos Aires,Alberti,56289,56028,206963,3.694,0.995
soja,2018,2018/2019,Buenos Aires,General Las Heras,3150,2850,9690,3.4,0.905
soja,2018,2018/2019,Buenos Aires,Lobería,149091,149091,343346,2.303,1.0
soja,2018,2018/2019,Buenos Aires,Chascomús,26950,25950,84360,3.251,0.963
soja,2018,2018/2019,Córdoba,Santa María,103900,103900,362985,3.494,1.0
soja,2018,2018/2019,Buenos Aires,Punta Indio,250,190,627,3.3,0.76
soja,2018,2018/2019,Buenos Aires,Brandsen,2800,2400,7980,3.325,0.857
soja,2018,2018/2019,Corrientes,Concepción,50,50,130,2.6,1.0
soja,2018,2018/2019,Buenos Aires,Bragado,113314,112624,440337,3.91,0.994
soja,2018,2018/2019,Buenos Aires,Chacabuco,112000,111600,442688,3.967,0.996
soja,2018,2018/2019,Buenos Aires,Capitán Sarmiento,29815,29815,118368,3.97,1.0
soja,2018,2018/2019,Buenos Aires,Cañuelas,14680,13880,45144,3.252,0.946
soja,2018,2018/2019,Buenos Aires,Campana,15350,15350,62775,4.09,1.0
soja,2018,2018/2019,Buenos Aires,Carlos Casares,88200,88200,368660,4.18,1.0
soja,2018,2018/2019,Buenos Aires,Castelli,5900,5900,15740,2.668,1.0
soja,2018,2018/2019,Buenos Aires,Carmen de Areco,43500,43100,157368,3.651,0.991
soja,2018,2018/2019,Buenos Aires,Carlos Tejedor,88919,88919,368900,4.149,1.0
soja,2018,2018/2019,Buenos Aires,Dolores,1000,1000,2500,2.5,1.0
soja,2018,2018/2019,Buenos Aires,Colón,49925,49925,216544,4.337,1.0
soja,2018,2018/2019,Buenos Aires,General La Madrid,26000,23800,46060,1.935,0.915
soja,2018,2018/2019,Buenos Aires,Chivilcoy,100900,100230,400185,3.993,0.993
soja,2018,2018/2019,Buenos Aires,Coronel Dorrego,65000,58500,81450,1.392,0.9
soja,2018,2018/2019,Buenos Aires,Daireaux,110400,110400,372817,3.377,1.0
soja,2018,2018/2019,Buenos Aires,Coronel Suárez,97000,91800,194625,2.12,0.946
soja,2018,2018/2019,Buenos Aires,Coronel Pringles,45000,41000,57600,1.405,0.911
soja,2018,2018/2019,Buenos Aires,General Alvarado,47364,47364,104102,2.198,1.0
soja,2018,2018/2019,Buenos Aires,General Juan Madariaga,13900,13900,39262,2.825,1.0
soja,2018,2018/2019,Buenos Aires,Florentino Ameghino,47000,44470,147006,3.306,0.946
soja,2018,2018/2019,Buenos Aires,Exaltación de la Cruz,27750,27750,118075,4.255,1.0
soja,2018,2018/2019,Buenos Aires,General Guido,4700,4700,12760,2.715,1.0
soja,2018,2018/2019,Buenos Aires,General Alvear,30000,30000,94840,3.161,1.0
soja,2018,2018/2019,Buenos Aires,General Belgrano,19648,19244,52406,2.723,0.979
soja,2018,2018/2019,Buenos Aires,General Arenales,80000,77400,252354,3.26,0.968
soja,2018,2018/2019,Buenos Aires,Lincoln,182000,178334,578919,3.246,0.98
soja,2018,2018/2019,Buenos Aires,Leandro N. Alem,77000,75375,256594,3.404,0.979
soja,2018,2018/2019,Buenos Aires,General Rodríguez,1850,1700,5795,3.409,0.919
soja,2018,2018/2019,Buenos Aires,Puán,5700,5130,9756,1.902,0.9
soja,2018,2018/2019,Buenos Aires,General Lavalle,500,500,1400,2.8,1.0
soja,2018,2018/2019,Buenos Aires,General Pueyrredón,20706,20706,48318,2.334,1.0
soja,2018,2018/2019,Buenos Aires,General Pinto,91000,88390,279043,3.157,0.971
soja,2018,2018/2019,Buenos Aires,General Paz,2000,1550,4370,2.819,0.775
soja,2018,2018/2019,Buenos Aires,Las Flores,16236,14998,39838,2.656,0.924
soja,2018,2018/2019,Buenos Aires,Guaminí,61000,61000,180900,2.966,1.0
soja,2018,2018/2019,Buenos Aires,General Villegas,305000,301050,986280,3.276,0.987
soja,2018,2018/2019,Buenos Aires,General Viamonte,79000,77155,239400,3.103,0.977
soja,2018,2018/2019,Buenos Aires,Hipólito Yrigoyen,73900,73900,236624,3.202,1.0
soja,2018,2018/2019,Buenos Aires,Laprida,15000,15000,26000,1.733,1.0
soja,2018,2018/2019,Buenos Aires,La Plata,400,380,1159,3.05,0.95
soja,2018,2018/2019,Buenos Aires,Junín,102000,101650,397827,3.914,0.997
soja,2018,2018/2019,Buenos Aires,Luján,14700,14100,45030,3.194,0.959
soja,2018,2018/2019,Buenos Aires,Mercedes,21760,21616,86360,3.995,0.993
soja,2018,2018/2019,Buenos Aires,Pilar,1332,1232,4302,3.492,0.925
soja,2018,2018/2019,Buenos Aires,Lobos,26688,25651,78988,3.079,0.961
soja,2018,2018/2019,Buenos Aires,Magdalena,2999,2849,9306,3.266,0.95
soja,2018,2018/2019,Buenos Aires,Marcos Paz,5400,5000,17290,3.458,0.926
soja,2018,2018/2019,Buenos Aires,Mar Chiquita,9200,9200,26913,2.925,1.0
soja,2018,2018/2019,Buenos Aires,Maipú,10700,10700,26209,2.449,1.0
soja,2018,2018/2019,Buenos Aires,Necochea,105000,96000,150540,1.568,0.914
soja,2018,2018/2019,Buenos Aires,Pila,9200,9200,25455,2.767,1.0
soja,2018,2018/2019,Buenos Aires,Navarro,32779,31787,102546,3.226,0.97
soja,2018,2018/2019,Buenos Aires,Monte,18145,17646,53529,3.033,0.972
soja,2018,2018/2019,Buenos Aires,Olavarría,59700,59700,169500,2.839,1.0
soja,2018,2018/2019,Buenos Aires,Pergamino,170254,170254,731586,4.297,1.0
soja,2018,2018/2019,Buenos Aires,Pellegrini,33000,33000,107300,3.252,1.0
soja,2018,2018/2019,Buenos Aires,Pehuajó,149512,149512,613794,4.105,1.0
soja,2018,2018/2019,Buenos Aires,San Nicolás,37089,37089,152010,4.099,1.0
soja,2018,2018/2019,Corrientes,Berón de Astrada,50,50,130,2.6,1.0
soja,2018,2018/2019,Córdoba,San Justo,455814,438906,1689548,3.849,0.963
soja,2018,2018/2019,Chaco,9 de Julio,34200,29170,81805,2.804,0.853
soja,2018,2018/2019,Buenos Aires,Rojas,114000,113600,449912,3.96,0.996
soja,2018,2018/2019,Buenos Aires,Rauch,7400,7400,18200,2.459,1.0
soja,2018,2018/2019,Buenos Aires,Rivadavia,140688,140688,606021,4.308,1.0
soja,2018,2018/2019,Buenos Aires,Ramallo,52359,52359,199459,3.809,1.0
soja,2018,2018/2019,Buenos Aires,San Cayetano,83000,79000,122200,1.547,0.952
soja,2018,2018/2019,Buenos Aires,Saladillo,57966,55993,164987,2.947,0.966
soja,2018,2018/2019,Buenos Aires,Saavedra,23000,21500,37200,1.73,0.935
soja,2018,2018/2019,Buenos Aires,Roque Pérez,31322,30154,95794,3.177,0.963
soja,2018,2018/2019,Buenos Aires,Salliqueló,27000,27000,84400,3.126,1.0
soja,2018,2018/2019,Buenos Aires,San Antonio de Areco,34414,34414,137254,3.988,1.0
soja,2018,2018/2019,Buenos Aires,San Andrés de Giles,53000,52800,198816,3.765,0.996
soja,2018,2018/2019,Buenos Aires,Salto,107665,107665,460229,4.275,1.0
soja,2018,2018/2019,Buenos Aires,San Vicente,1430,1360,4123,3.032,0.951
soja,2018,2018/2019,Buenos Aires,Trenque Lauquen,147600,147600,582690,3.948,1.0
soja,2018,2018/2019,Chaco,25 de Mayo,211,211,464,2.199,1.0
soja,2018,2018/2019,Buenos Aires,San Pedro,43978,43978,165207,3.757,1.0
soja,2018,2018/2019,Buenos Aires,Suipacha,22050,21910,86537,3.95,0.994
soja,2018,2018/2019,Buenos Aires,Tornquist,1000,800,1360,1.7,0.8
soja,2018,2018/2019,Buenos Aires,Tapalqué,5200,5200,17900,3.442,1.0
soja,2018,2018/2019,Buenos Aires,Tandil,130264,129464,300081,2.318,0.994
soja,2018,2018/2019,Buenos Aires,Zárate,29400,29400,122330,4.161,1.0
soja,2018,2018/2019,Chaco,2 de Abril,27700,18176,50029,2.752,0.656
soja,2018,2018/2019,Buenos Aires,Tres Lomas,32800,32800,100592,3.067,1.0
soja,2018,2018/2019,Buenos Aires,Tres Arroyos,155000,149500,241850,1.618,0.965
soja,2018,2018/2019,Chaco,12 de Octubre,56250,39404,100562,2.552,0.701
soja,2018,2018/2019,Catamarca,Capayán,100,100,330,3.3,1.0
soja,2018,2018/2019,Catamarca,Santa Rosa,39500,39100,127550,3.262,0.99
soja,2018,2018/2019,Catamarca,El Alto,2500,2400,7920,3.3,0.96
soja,2018,2018/2019,Chaco,San Lorenzo,1355,949,2520,2.655,0.7
soja,2018,2018/2019,Córdoba,San Javier,11200,11200,36050,3.219,1.0
soja,2018,2018/2019,Chaco,General Belgrano,19500,16699,48507,2.905,0.856
soja,2018,2018/2019,Chaco,Fray Justo Santa María de Oro,10500,6919,18718,2.705,0.659
soja,2018,2018/2019,Chaco,Almirante Brown,111464,109264,292089,2.673,0.98
soja,2018,2018/2019,Córdoba,Unión,448933,407533,1604716,3.938,0.908
soja,2018,2018/2019,Chaco,Comandante Fernández,32126,30126,75182,2.496,0.938
soja,2018,2018/2019,Chaco,Chacabuco,37900,26574,61869,2.328,0.701
soja,2018,2018/2019,Chaco,Libertador General San Martín,1203,1133,2440,2.154,0.942
soja,2018,2018/2019,Chaco,San Fernando,1200,840,2016,2.4,0.7
soja,2018,2018/2019,Chaco,Independencia,52040,50190,119369,2.378,0.964
soja,2018,2018/2019,Chaco,General Güemes,11460,10660,27382,2.569,0.93
soja,2018,2018/2019,Chaco,Maipú,27309,26109,66906,2.563,0.956
soja,2018,2018/2019,Chaco,Quitilipi,4570,4270,10111,2.368,0.934
soja,2018,2018/2019,Chaco,O'Higgins,24050,16850,45594,2.706,0.701
soja,2018,2018/2019,Chaco,Mayor Luis J. Fontana,12600,10900,29734,2.728,0.865
soja,2018,2018/2019,Córdoba,Calamuchita,34600,34600,102950,2.975,1.0
soja,2018,2018/2019,Chaco,Sargento Cabral,1356,1316,3531,2.683,0.971
soja,2018,2018/2019,Córdoba,San Alberto,2000,2000,7000,3.5,1.0
soja,2018,2018/2019,Córdoba,Ischilín,7159,7052,21191,3.005,0.985
soja,2018,2018/2019,Córdoba,Capital,4100,4100,13788,3.363,1.0
soja,2018,2018/2019,Córdoba,General San Martín,184100,184100,651000,3.536,1.0
soja,2018,2018/2019,Córdoba,General Roca,355000,350000,1278730,3.654,0.986
soja,2018,2018/2019,Córdoba,Colón,67210,66161,260823,3.942,0.984
soja,2018,2018/2019,Córdoba,Pocho,1500,1500,3750,2.5,1.0
soja,2018,2018/2019,Córdoba,Río Segundo,267800,267800,983648,3.673,1.0
soja,2018,2018/2019,Córdoba,Marcos Juárez,466268,442628,1856385,4.194,0.949
soja,2018,2018/2019,Córdoba,Juárez Celman,306000,306000,896000,2.928,1.0
soja,2018,2018/2019,Córdoba,Río Seco,56253,55384,195067,3.522,0.985
soja,2018,2018/2019,Córdoba,Presidente Roque Sáenz Peña,308000,306000,1083595,3.541,0.994
soja,2018,2018/2019,Córdoba,Río Cuarto,670800,670800,1805370,2.691,1.0
soja,2018,2018/2019,Córdoba,Río Primero,247809,238931,876753,3.669,0.964
soja,2018,2018/2019,Tucumán,Cruz Alta,24200,23950,80556,3.364,0.99
soja,2018,2018/2019,Misiones,Oberá,40,40,108,2.7,1.0
soja,2018,2018/2019,Santa Fe,Villa Constitución,218600,218600,881542,4.033,1.0
soja,2018,2018/2019,Entre Ríos,Paraná,148800,148225,410563,2.77,0.996
soja,2018,2018/2019,Corrientes,Mercedes,50,50,130,2.6,1.0
soja,2018,2018/2019,Entre Ríos,Nogoyá,108000,107000,268300,2.507,0.991
soja,2018,2018/2019,Entre Ríos,Colón,33000,32850,94185,2.867,0.995
soja,2018,2018/2019,Corrientes,Saladas,400,400,1040,2.6,1.0
soja,2018,2018/2019,Corrientes,Sauce,1875,1875,4913,2.62,1.0
soja,2018,2018/2019,Corrientes,San Roque,30,30,78,2.6,1.0
soja,2018,2018/2019,Corrientes,San Miguel,1600,1600,4320,2.7,1.0
soja,2018,2018/2019,Entre Ríos,La Paz,106500,106500,298700,2.805,1.0
soja,2018,2018/2019,Entre Ríos,Federación,14000,14000,35900,2.564,1.0
soja,2018,2018/2019,Entre Ríos,Diamante,57500,57075,163545,2.865,0.993
soja,2018,2018/2019,Entre Ríos,Concordia,26500,26500,70300,2.653,1.0
soja,2018,2018/2019,Entre Ríos,Gualeguaychú,157000,155900,443370,2.844,0.993
soja,2018,2018/2019,Entre Ríos,Federal,36500,36500,102700,2.814,1.0
soja,2018,2018/2019,Entre Ríos,Gualeguay,89000,88250,260635,2.953,0.992
soja,2018,2018/2019,Entre Ríos,Feliciano,12900,12900,30688,2.379,1.0
soja,2018,2018/2019,Entre Ríos,San Salvador,18500,18400,49480,2.689,0.995
soja,2018,2018/2019,La Pampa,Capital,17500,16000,40643,2.54,0.914
soja,2018,2018/2019,Formosa,Laishí,25000,24200,60500,2.5,0.968
soja,2018,2018/2019,Misiones,Leandro N. Alem,30,30,81,2.7,1.0
soja,2018,2018/2019,Entre Ríos,Tala,60500,60000,155500,2.592,0.992
soja,2018,2018/2019,Entre Ríos,Villaguay,109000,108500,289150,2.665,0.995
soja,2018,2018/2019,Entre Ríos,Victoria,85500,84850,259410,3.057,0.992
soja,2018,2018/2019,Entre Ríos,Uruguay,114500,113750,319850,2.812,0.993
soja,2018,2018/2019,Jujuy,Ledesma,120,120,336,2.8,1.0
soja,2018,2018/2019,La Pampa,Atreucó,29200,28500,87596,3.074,0.976
soja,2018,2018/2019,Jujuy,El Carmen,750,750,2100,2.8,1.0
soja,2018,2018/2019,Jujuy,Dr. Manuel Belgrano,220,220,616,2.8,1.0
soja,2018,2018/2019,Jujuy,Santa Bárbara,4880,4880,13664,2.8,1.0
soja,2018,2018/2019,Jujuy,Palpalá,130,130,364,2.8,1.0
soja,2018,2018/2019,Jujuy,San Pedro,220,220,616,2.8,1.0
soja,2018,2018/2019,Jujuy,San Antonio,920,920,2576,2.8,1.0
soja,2018,2018/2019,La Pampa,Chapaleufú,97800,94900,376323,3.965,0.97
soja,2018,2018/2019,La Pampa,Rancul,58000,56800,178437,3.142,0.979
soja,2018,2018/2019,Misiones,Guaraní,1200,1200,3480,2.9,1.0
soja,2018,2018/2019,La Pampa,Catriló,46000,44600,156400,3.507,0.97
soja,2018,2018/2019,La Pampa,Quemú Quemú,49800,48800,167050,3.423,0.98
soja,2018,2018/2019,La Pampa,Conhelo,36800,36000,101653,2.824,0.978
soja,2018,2018/2019,La Pampa,Maracó,76200,73900,288800,3.908,0.97
soja,2018,2018/2019,Misiones,General Manuel Belgrano,250,250,725,2.9,1.0
soja,2018,2018/2019,La Pampa,Trenel,10600,10400,29400,2.827,0.981
soja,2018,2018/2019,La Pampa,Toay,13600,12600,23552,1.869,0.926
soja,2018,2018/2019,La Pampa,Realicó,40100,38900,121511,3.124,0.97
soja,2018,2018/2019,Misiones,Cainguás,90,90,252,2.8,1.0
soja,2018,2018/2019,Misiones,25 de Mayo,1800,1800,5220,2.9,1.0
soja,2018,2018/2019,La Pampa,Utracán,8000,7000,11886,1.698,0.875
soja,2018,2018/2019,Santa Fe,Caseros,240200,240200,1021044,4.251,1.0
soja,2018,2018/2019,Santa Fe,Castellanos,246842,246842,839166,3.4,1.0
soja,2018,2018/2019,Salta,Metán,41838,41838,112963,2.7,1.0
soja,2018,2018/2019,Salta,Anta,237520,237520,641304,2.7,1.0
soja,2018,2018/2019,Misiones,San Pedro,300,300,870,2.9,1.0
soja,2018,2018/2019,Tucumán,Chicligasta,500,500,1675,3.35,1.0
soja,2018,2018/2019,Misiones,San Javier,40,40,108,2.7,1.0
soja,2018,2018/2019,Santa Fe,General Obligado,71500,54300,132390,2.438,0.759
soja,2018,2018/2019,Salta,Chicoana,200,200,540,2.7,1.0
soja,2018,2018/2019,Salta,La Viña,120,120,324,2.7,1.0
soja,2018,2018/2019,Salta,Cerrillos,720,720,1944,2.7,1.0
soja,2018,2018/2019,Salta,Capital,1510,1510,4077,2.7,1.0
soja,2018,2018/2019,Salta,General Güemes,3350,3350,9045,2.7,1.0
soja,2018,2018/2019,Salta,La Candelaria,920,920,2484,2.7,1.0
soja,2018,2018/2019,Salta,Guachipas,25,25,68,2.72,1.0
soja,2018,2018/2019,Salta,General José de San Martín,101077,101077,272908,2.7,1.0
soja,2018,2018/2019,San Luis,Chacabuco,29000,29000,60900,2.1,1.0
soja,2018,2018/2019,Santa Fe,General López,553000,553000,2167600,3.92,1.0
soja,2018,2018/2019,Salta,Orán,17864,17864,48233,2.7,1.0
soja,2018,2018/2019,Santa Fe,Belgrano,156400,156400,660620,4.224,1.0
soja,2018,2018/2019,San Luis,Ayacucho,4800,4800,17040,3.55,1.0
soja,2018,2018/2019,Salta,Rivadavia,1008,1008,2722,2.7,1.0
soja,2018,2018/2019,Salta,Rosario de Lerma,300,300,810,2.7,1.0
soja,2018,2018/2019,Salta,Rosario de la Frontera,33060,33060,89262,2.7,1.0
soja,2018,2018/2019,Santa Fe,Garay,3000,3000,8997,2.999,1.0
soja,2018,2018/2019,San Luis,General Pedernera,185500,183300,383580,2.093,0.988
soja,2018,2018/2019,Santa Fe,9 de Julio,90000,18700,45360,2.426,0.208
soja,2018,2018/2019,San Luis,Coronel Pringles,65800,65800,156960,2.385,1.0
soja,2018,2018/2019,San Luis,Libertador General San Martín,1200,1200,2830,2.358,1.0
soja,2018,2018/2019,San Luis,Gobernador Dupuy,10000,9000,19800,2.2,0.9
soja,2018,2018/2019,San Luis,Junín,1050,1050,2085,1.986,1.0
soja,2018,2018/2019,San Luis,Juan Martín de Pueyrredón,11150,11150,25465,2.284,1.0
soja,2018,2018/2019,Santa Fe,Rosario,103900,103900,394339,3.795,1.0
soja,2018,2018/2019,Tucumán,Burruyacú,69700,69050,232076,3.361,0.991
soja,2018,2018/2019,Santiago del Estero,Choya,5000,5000,17500,3.5,1.0
soja,2018,2018/2019,Santa Fe,San Justo,86000,80000,229365,2.867,0.93
soja,2018,2018/2019,Santa Fe,Iriondo,206000,206000,895878,4.349,1.0
soja,2018,2018/2019,Santa Fe,San Jerónimo,155400,155400,652036,4.196,1.0
soja,2018,2018/2019,Santa Fe,San Javier,6500,2000,4680,2.34,0.308
soja,2018,2018/2019,Santa Fe,San Cristóbal,95600,95600,296111,3.097,1.0
soja,2018,2018/2019,Santa Fe,San Lorenzo,129300,129300,509661,3.942,1.0
soja,2018,2018/2019,Santiago del Estero,Capital,4000,4000,14000,3.5,1.0
soja,2018,2018/2019,Santa Fe,Vera,19100,14200,36180,2.548,0.743
soja,2018,2018/2019,Santa Fe,San Martín,268200,268200,1142000,4.258,1.0
soja,2018,2018/2019,Santiago del Estero,Alberdi,114800,110800,342323,3.09,0.965
soja,2018,2018/2019,Santiago del Estero,Belgrano,114800,99450,313085,3.148,0.866
soja,2018,2018/2019,Santiago del Estero,Aguirre,17297,15457,44449,2.876,0.894
soja,2018,2018/2019,Santiago del Estero,Banda,4600,4600,13800,3.0,1.0
soja,2018,2018/2019,Santiago del Estero,Avellaneda,3500,3380,10478,3.1,0.966
soja,2018,2018/2019,Santiago del Estero,Silípica,4000,4000,14000,3.5,1.0
soja,2018,2018/2019,Santiago del Estero,Loreto,2500,2500,8750,3.5,1.0
soja,2018,2018/2019,Santiago del Estero,Figueroa,1500,1500,4350,2.9,1.0
soja,2018,2018/2019,Santiago del Estero,Copo,8415,8205,24075,2.934,0.975
soja,2018,2018/2019,Santiago del Estero,Juan F. Ibarra,72750,71120,223939,3.149,0.978
soja,2018,2018/2019,Santiago del Estero,General Taboada,195000,174910,560169,3.203,0.897
soja,2018,2018/2019,Santiago del Estero,Jiménez,77500,77500,277050,3.575,1.0
soja,2018,2018/2019,Santiago del Estero,Guasayán,5000,5000,17500,3.5,1.0
soja,2018,2018/2019,Santiago del Estero,Pellegrini,49500,49500,173250,3.5,1.0
soja,2018,2018/2019,Santiago del Estero,Sarmiento,550,550,1760,3.2,1.0
soja,2018,2018/2019,Santiago del Estero,Moreno,270000,265000,833846,3.147,0.981
soja,2018,2018/2019,Santiago del Estero,Mitre,15000,15000,52527,3.502,1.0
soja,2018,2018/2019,Santiago del Estero,San Martín,2000,2000,5800,2.9,1.0
soja,2018,2018/2019,Santiago del Estero,Río Hondo,14700,14700,51450,3.5,1.0
soja,2018,2018/2019,Santiago del Estero,Robles,3500,3500,12180,3.48,1.0
soja,2018,2018/2019,Santiago del Estero,Rivadavia,42860,41820,126262,3.019,0.976
soja,2018,2018/2019,Tucumán,Tafí Viejo,200,200,640,3.2,1.0
soja,2018,2018/2019,Tucumán,Famaillá,500,500,1770,3.54,1.0
soja,2018,2018/2019,Tucumán,Simoca,3200,3200,9920,3.1,1.0
soja,2018,2018/2019,Tucumán,La Cocha,23900,23700,75212,3.174,0.992
soja,2018,2018/2019,Tucumán,Juan Bautista Alberdi,2000,1970,6383,3.24,0.985
soja,2018,2018/2019,Tucumán,Graneros,29400,29080,95325,3.278,0.989
soja,2018,2018/2019,Tucumán,Río Chico,400,400,1240,3.1,1.0
soja,2018,2018/2019,Tucumán,Leales,30600,30350,98751,3.254,0.992
soja,2018,2018/2019,Tucumán,Monteros,500,500,1640,3.28,1.0
soja,2018,2018/2019,Tucumán,Lules,800,800,2638,3.298,1.0
soja,2018,2018/2019,Santa Fe,Las Colonias,161960,161960,516050,3.186,1.0
soja,2018,2018/2019,Santa Fe,La Capital,26700,26700,87072,3.261,1.0
soja,2019,2019/2020,Córdoba,San Justo,438173,429269,1339542,3.121,0.98
soja,2019,2019/2020,Chaco,Sargento Cabral,1400,1400,4050,2.893,1.0
soja,2019,2019/2020,Buenos Aires,General Las Heras,5100,4750,10480,2.206,0.931
soja,2019,2019/2020,Córdoba,San Javier,11200,11200,33360,2.979,1.0
soja,2019,2019/2020,Córdoba,Santa María,98000,98000,235200,2.4,1.0
soja,2019,2019/2020,Buenos Aires,General Juan Madariaga,17900,17900,57580,3.217,1.0
soja,2019,2019/2020,Buenos Aires,Capitán Sarmiento,27259,27259,94133,3.453,1.0
soja,2019,2019/2020,Buenos Aires,General La Madrid,25000,25000,51500,2.06,1.0
soja,2019,2019/2020,Chaco,San Lorenzo,2047,1884,4412,2.342,0.92
soja,2019,2019/2020,Buenos Aires,Las Flores,17848,17701,47956,2.709,0.992
soja,2019,2019/2020,Buenos Aires,9 de Julio,169000,168402,560728,3.33,0.996
soja,2019,2019/2020,Buenos Aires,Ayacucho,16000,16000,33480,2.093,1.0
soja,2019,2019/2020,Buenos Aires,Cañuelas,3420,2380,7168,3.012,0.696
soja,2019,2019/2020,Buenos Aires,25 de Mayo,148087,146840,442848,3.016,0.992
soja,2019,2019/2020,Buenos Aires,Arrecifes,77031,77031,253581,3.292,1.0
soja,2019,2019/2020,Buenos Aires,Adolfo Alsina,42109,42109,100224,2.38,1.0
soja,2019,2019/2020,Buenos Aires,Alberti,52000,51849,161986,3.124,0.997
soja,2019,2019/2020,Buenos Aires,Adolfo Gonzales Chaves,56000,53000,70170,1.324,0.946
soja,2019,2019/2020,Buenos Aires,Baradero,56753,56753,216255,3.81,1.0
soja,2019,2019/2020,Buenos Aires,Campana,11000,11000,39200,3.564,1.0
soja,2019,2019/2020,Buenos Aires,Balcarce,70850,70850,141505,1.997,1.0
soja,2019,2019/2020,Buenos Aires,Azul,109400,109400,225160,2.058,1.0
soja,2019,2019/2020,Buenos Aires,Brandsen,380,295,936,3.173,0.776
soja,2019,2019/2020,Buenos Aires,Benito Juárez,53450,53450,89560,1.676,1.0
soja,2019,2019/2020,Buenos Aires,Bragado,98000,97677,317573,3.251,0.997
soja,2019,2019/2020,Buenos Aires,Bolívar,115900,115900,357840,3.087,1.0
soja,2019,2019/2020,Buenos Aires,Exaltación de la Cruz,20250,20250,83180,4.108,1.0
soja,2019,2019/2020,Buenos Aires,Chacabuco,116000,115000,462140,4.019,0.991
soja,2019,2019/2020,Buenos Aires,General Guido,5000,5000,14000,2.8,1.0
soja,2019,2019/2020,Buenos Aires,Carlos Casares,87412,87412,299292,3.424,1.0
soja,2019,2019/2020,Buenos Aires,Castelli,7100,7100,17720,2.496,1.0
soja,2019,2019/2020,Buenos Aires,Laprida,13000,11500,15400,1.339,0.885
soja,2019,2019/2020,Buenos Aires,Carmen de Areco,43000,42350,150515,3.554,0.985
soja,2019,2019/2020,Buenos Aires,Carlos Tejedor,84285,84285,269467,3.197,1.0
soja,2019,2019/2020,Buenos Aires,Colón,50930,50930,189020,3.711,1.0
soja,2019,2019/2020,Buenos Aires,Chascomús,26300,24750,65840,2.66,0.941
soja,2019,2019/2020,Buenos Aires,Dolores,1000,1000,2600,2.6,1.0
soja,2019,2019/2020,Buenos Aires,Chivilcoy,93500,93170,310046,3.328,0.996
soja,2019,2019/2020,Buenos Aires,Daireaux,108400,108400,347340,3.204,1.0
soja,2019,2019/2020,Buenos Aires,Coronel Dorrego,41000,35000,47750,1.364,0.854
soja,2019,2019/2020,Buenos Aires,Coronel Suárez,109000,109000,244700,2.245,1.0
soja,2019,2019/2020,Buenos Aires,Coronel Pringles,23000,20000,25000,1.25,0.87
soja,2019,2019/2020,Buenos Aires,General Belgrano,17100,16947,48455,2.859,0.991
soja,2019,2019/2020,Buenos Aires,La Plata,450,420,1120,2.667,0.933
soja,2019,2019/2020,Buenos Aires,General Paz,4950,4455,11848,2.659,0.9
soja,2019,2019/2020,Buenos Aires,General Arenales,77000,76220,280316,3.678,0.99
soja,2019,2019/2020,Buenos Aires,General Alvear,23500,23500,72900,3.102,1.0
soja,2019,2019/2020,Buenos Aires,General Lavalle,1000,1000,2500,2.5,1.0
soja,2019,2019/2020,Buenos Aires,General Alvarado,42750,42750,97200,2.274,1.0
soja,2019,2019/2020,Buenos Aires,Florentino Ameghino,54000,53900,168651,3.129,0.998
soja,2019,2019/2020,Buenos Aires,General Rodríguez,5650,5485,14056,2.563,0.971
soja,2019,2019/2020,Buenos Aires,Junín,101000,100350,375658,3.743,0.994
soja,2019,2019/2020,Buenos Aires,General Pueyrredón,19650,19650,40905,2.082,1.0
soja,2019,2019/2020,Buenos Aires,General Pinto,89000,88555,268581,3.033,0.995
soja,2019,2019/2020,Buenos Aires,Hipólito Yrigoyen,53700,53700,162580,3.028,1.0
soja,2019,2019/2020,Buenos Aires,General Viamonte,92000,91540,302063,3.3,0.995
soja,2019,2019/2020,Buenos Aires,Guaminí,77960,77960,190112,2.439,1.0
soja,2019,2019/2020,Buenos Aires,General Villegas,270000,268650,853531,3.177,0.995
soja,2019,2019/2020,Buenos Aires,Luján,13800,12810,33296,2.599,0.928
soja,2019,2019/2020,Chaco,San Fernando,1686,1548,4025,2.6,0.918
soja,2019,2019/2020,Buenos Aires,San Andrés de Giles,46500,45800,165560,3.615,0.985
soja,2019,2019/2020,Buenos Aires,Olavarría,55400,55400,146560,2.645,1.0
soja,2019,2019/2020,Buenos Aires,Lobos,28127,27895,81780,2.932,0.992
soja,2019,2019/2020,Buenos Aires,Leandro N. Alem,71000,70645,222562,3.15,0.995
soja,2019,2019/2020,Buenos Aires,Lobería,143000,143000,297550,2.081,1.0
soja,2019,2019/2020,Buenos Aires,Lincoln,155000,154225,471362,3.056,0.995
soja,2019,2019/2020,Buenos Aires,Mar Chiquita,14800,14800,43920,2.968,1.0
soja,2019,2019/2020,Buenos Aires,Necochea,76000,70000,99500,1.421,0.921
soja,2019,2019/2020,Buenos Aires,Maipú,10000,10000,28920,2.892,1.0
soja,2019,2019/2020,Buenos Aires,Magdalena,2470,2275,7032,3.091,0.921
soja,2019,2019/2020,Buenos Aires,Navarro,34846,34504,111740,3.238,0.99
soja,2019,2019/2020,Buenos Aires,Marcos Paz,7100,6650,15760,2.37,0.937
soja,2019,2019/2020,Buenos Aires,Monte,19207,19034,58088,3.052,0.991
soja,2019,2019/2020,Buenos Aires,Mercedes,19580,19521,61732,3.162,0.997
soja,2019,2019/2020,Buenos Aires,Punta Indio,440,370,1120,3.027,0.841
soja,2019,2019/2020,Buenos Aires,Pellegrini,41081,41081,104777,2.551,1.0
soja,2019,2019/2020,Buenos Aires,Salto,103184,103184,365416,3.541,1.0
soja,2019,2019/2020,Buenos Aires,Pehuajó,116484,116484,393088,3.375,1.0
soja,2019,2019/2020,Buenos Aires,Puán,700,600,720,1.2,0.857
soja,2019,2019/2020,Buenos Aires,Pergamino,174232,174232,654375,3.756,1.0
soja,2019,2019/2020,Buenos Aires,Pilar,1430,1315,3304,2.513,0.92
soja,2019,2019/2020,Buenos Aires,Pila,10300,10300,26850,2.607,1.0
soja,2019,2019/2020,Buenos Aires,Rivadavia,139395,139395,482959,3.465,1.0
soja,2019,2019/2020,Buenos Aires,Salliqueló,15900,15900,40560,2.551,1.0
soja,2019,2019/2020,Buenos Aires,Rauch,12000,12000,25600,2.133,1.0
soja,2019,2019/2020,Buenos Aires,Ramallo,57291,57291,198700,3.468,1.0
soja,2019,2019/2020,Buenos Aires,Saladillo,60221,59674,178972,2.999,0.991
soja,2019,2019/2020,Buenos Aires,Rojas,108000,107280,390788,3.643,0.993
soja,2019,2019/2020,Buenos Aires,Saavedra,11000,10000,11700,1.17,0.909
soja,2019,2019/2020,Buenos Aires,Roque Pérez,33263,32943,102553,3.113,0.99
soja,2019,2019/2020,Catamarca,El Alto,1800,1650,2970,1.8,0.917
soja,2019,2019/2020,Buenos Aires,Suipacha,24900,24802,85608,3.452,0.996
soja,2019,2019/2020,Buenos Aires,San Antonio de Areco,43144,43144,136785,3.17,1.0
soja,2019,2019/2020,Chaco,Quitilipi,4800,4650,11065,2.38,0.969
soja,2019,2019/2020,Buenos Aires,San Cayetano,60000,56000,76890,1.373,0.933
soja,2019,2019/2020,Buenos Aires,San Vicente,560,455,1352,2.971,0.812
soja,2019,2019/2020,Buenos Aires,San Pedro,44656,44656,142288,3.186,1.0
soja,2019,2019/2020,Buenos Aires,San Nicolás,36398,36398,130798,3.594,1.0
soja,2019,2019/2020,Buenos Aires,Tornquist,500,420,504,1.2,0.84
soja,2019,2019/2020,Catamarca,Capayán,100,100,80,0.8,1.0
soja,2019,2019/2020,Buenos Aires,Tapalqué,5100,5100,15150,2.971,1.0
soja,2019,2019/2020,Buenos Aires,Tandil,129500,129500,251400,1.941,1.0
soja,2019,2019/2020,Buenos Aires,Zárate,20500,20500,77388,3.775,1.0
soja,2019,2019/2020,Buenos Aires,Trenque Lauquen,137500,137500,465700,3.387,1.0
soja,2019,2019/2020,Buenos Aires,Tres Lomas,19600,19600,50240,2.563,1.0
soja,2019,2019/2020,Buenos Aires,Tres Arroyos,137000,124000,185600,1.497,0.905
soja,2019,2019/2020,Chaco,12 de Octubre,65281,59824,189981,3.176,0.916
soja,2019,2019/2020,Chaco,Chacabuco,45681,41581,115473,2.777,0.91
soja,2019,2019/2020,Chaco,O'Higgins,43688,40093,107307,2.676,0.918
soja,2019,2019/2020,Catamarca,Santa Rosa,38500,37830,89565,2.368,0.983
soja,2019,2019/2020,Chaco,Almirante Brown,111000,102900,294740,2.864,0.927
soja,2019,2019/2020,Chaco,2 de Abril,38360,35103,100992,2.877,0.915
soja,2019,2019/2020,Chaco,9 de Julio,40529,37060,113060,3.051,0.914
soja,2019,2019/2020,Chaco,25 de Mayo,200,198,356,1.798,0.99
soja,2019,2019/2020,Chaco,General Belgrano,22828,20808,63801,3.066,0.912
soja,2019,2019/2020,Chaco,Mayor Luis J. Fontana,22458,20615,57294,2.779,0.918
soja,2019,2019/2020,Chaco,Fray Justo Santa María de Oro,15415,14250,35332,2.479,0.924
soja,2019,2019/2020,Chaco,Comandante Fernández,31500,30500,78310,2.568,0.968
soja,2019,2019/2020,Chaco,General Güemes,15300,14770,37985,2.572,0.965
soja,2019,2019/2020,Chaco,Maipú,28000,27010,66759,2.472,0.965
soja,2019,2019/2020,Chaco,Libertador General San Martín,1800,1630,2772,1.701,0.906
soja,2019,2019/2020,Chaco,Independencia,51000,49050,116585,2.377,0.962
soja,2019,2019/2020,Córdoba,Tulumba,56199,56199,168629,3.001,1.0
soja,2019,2019/2020,Córdoba,Tercero Arriba,243700,243700,735660,3.019,1.0
soja,2019,2019/2020,Córdoba,Colón,58518,58518,197482,3.375,1.0
soja,2019,2019/2020,Córdoba,Totoral,103232,103232,336830,3.263,1.0
soja,2019,2019/2020,Córdoba,Río Seco,46922,46922,155445,3.313,1.0
soja,2019,2019/2020,Córdoba,Río Primero,220163,215413,699593,3.248,0.978
soja,2019,2019/2020,Córdoba,San Alberto,2000,2000,4000,2.0,1.0
soja,2019,2019/2020,Córdoba,Río Segundo,271000,271000,787500,2.906,1.0
soja,2019,2019/2020,Corrientes,San Miguel,1600,1600,4160,2.6,1.0
soja,2019,2019/2020,Córdoba,Capital,4100,4100,10745,2.621,1.0
soja,2019,2019/2020,La Pampa,Quemú Quemú,55900,54800,186350,3.401,0.98
soja,2019,2019/2020,Santa Fe,Garay,3000,3000,9000,3.0,1.0
soja,2019,2019/2020,Santiago del Estero,Juan F. Ibarra,71500,70970,231475,3.262,0.993
soja,2019,2019/2020,Córdoba,Calamuchita,35557,35557,83512,2.349,1.0
soja,2019,2019/2020,Córdoba,Río Cuarto,777219,777219,1759168,2.263,1.0
soja,2019,2019/2020,Córdoba,Pocho,2000,2000,4000,2.0,1.0
soja,2019,2019/2020,Corrientes,Saladas,400,400,1040,2.6,1.0
soja,2019,2019/2020,Córdoba,General Roca,380642,372523,1032625,2.772,0.979
soja,2019,2019/2020,Córdoba,Marcos Juárez,478080,474780,1886508,3.973,0.993
soja,2019,2019/2020,Córdoba,General San Martín,184000,184000,567820,3.086,1.0
soja,2019,2019/2020,Córdoba,Juárez Celman,313180,313180,747209,2.386,1.0
soja,2019,2019/2020,Córdoba,Ischilín,7432,7432,25789,3.47,1.0
soja,2019,2019/2020,Corrientes,Berón de Astrada,50,50,130,2.6,1.0
soja,2019,2019/2020,Córdoba,Presidente Roque Sáenz Peña,318358,311099,915472,2.943,0.977
soja,2019,2019/2020,Corrientes,Mercedes,50,50,130,2.6,1.0
soja,2019,2019/2020,Córdoba,Unión,475869,474569,1741592,3.67,0.997
soja,2019,2019/2020,Corrientes,Goya,140,140,364,2.6,1.0
soja,2019,2019/2020,Corrientes,Concepción,50,50,130,2.6,1.0
soja,2019,2019/2020,Corrientes,Esquina,140,140,364,2.6,1.0
soja,2019,2019/2020,Corrientes,Curuzu Cuatia,855,855,2043,2.389,1.0
soja,2019,2019/2020,Entre Ríos,Tala,64000,63300,131940,2.084,0.989
soja,2019,2019/2020,La Pampa,Maracó,81700,80100,312200,3.898,0.98
soja,2019,2019/2020,Entre Ríos,Federación,11600,11600,25760,2.221,1.0
soja,2019,2019/2020,Corrientes,San Roque,30,30,78,2.6,1.0
soja,2019,2019/2020,Entre Ríos,Diamante,54250,54250,129425,2.386,1.0
soja,2019,2019/2020,Corrientes,Sauce,1875,1875,4635,2.472,1.0
soja,2019,2019/2020,Entre Ríos,Concordia,23300,23300,52180,2.239,1.0
soja,2019,2019/2020,Entre Ríos,Colón,30500,30500,63800,2.092,1.0
soja,2019,2019/2020,Entre Ríos,Gualeguay,82000,80500,161850,2.011,0.982
soja,2019,2019/2020,Entre Ríos,San Salvador,19000,19000,40500,2.132,1.0
soja,2019,2019/2020,Entre Ríos,Feliciano,12300,12300,27300,2.22,1.0
soja,2019,2019/2020,Entre Ríos,Federal,32300,32300,75630,2.341,1.0
soja,2019,2019/2020,Entre Ríos,Paraná,131500,131500,319550,2.43,1.0
soja,2019,2019/2020,Entre Ríos,Gualeguaychú,157000,156000,319600,2.049,0.994
soja,2019,2019/2020,Entre Ríos,Nogoyá,113000,111950,206775,1.847,0.991
soja,2019,2019/2020,Entre Ríos,La Paz,109300,109300,254570,2.329,1.0
soja,2019,2019/2020,Jujuy,Ledesma,170,170,425,2.5,1.0
soja,2019,2019/2020,Entre Ríos,Victoria,83000,81400,165320,2.031,0.981
soja,2019,2019/2020,La Pampa,Conhelo,38800,38000,124200,3.268,0.979
soja,2019,2019/2020,Entre Ríos,Uruguay,123000,122850,247470,2.014,0.999
soja,2019,2019/2020,Jujuy,El Carmen,850,850,2125,2.5,1.0
soja,2019,2019/2020,Entre Ríos,Villaguay,118500,118500,267650,2.259,1.0
soja,2019,2019/2020,Jujuy,Dr. Manuel Belgrano,660,660,1650,2.5,1.0
soja,2019,2019/2020,Formosa,sin definir,25000,7000,17500,2.5,0.28
soja,2019,2019/2020,Jujuy,San Pedro,1650,1650,4125,2.5,1.0
soja,2019,2019/2020,La Pampa,Chapaleufú,96300,94400,372900,3.95,0.98
soja,2019,2019/2020,Jujuy,San Antonio,1250,1250,3125,2.5,1.0
soja,2019,2019/2020,Jujuy,Palpalá,180,180,450,2.5,1.0
soja,2019,2019/2020,La Pampa,Catriló,53900,53900,128190,2.378,1.0
soja,2019,2019/2020,Jujuy,Santa Bárbara,1970,1970,4925,2.5,1.0
soja,2019,2019/2020,La Pampa,Capital,10900,10900,20800,1.908,1.0
soja,2019,2019/2020,La Pampa,Atreucó,14300,14300,28560,1.997,1.0
soja,2019,2019/2020,San Luis,Coronel Pringles,60700,60700,84490,1.392,1.0
soja,2019,2019/2020,Misiones,San Pedro,300,300,780,2.6,1.0
soja,2019,2019/2020,Santa Fe,Villa Constitución,207100,199300,561055,2.815,0.962
soja,2019,2019/2020,Santiago del Estero,Jiménez,81700,81700,245100,3.0,1.0
soja,2019,2019/2020,La Pampa,Trenel,16000,15700,44100,2.809,0.981
soja,2019,2019/2020,La Pampa,Toay,11800,11800,19980,1.693,1.0
soja,2019,2019/2020,La Pampa,Rancul,66500,65200,193300,2.965,0.98
soja,2019,2019/2020,La Pampa,Realicó,53600,52500,178550,3.401,0.979
soja,2019,2019/2020,Misiones,Cainguás,90,90,207,2.3,1.0
soja,2019,2019/2020,Misiones,San Javier,40,40,92,2.3,1.0
soja,2019,2019/2020,Misiones,25 de Mayo,1800,1800,4680,2.6,1.0
soja,2019,2019/2020,La Pampa,Utracán,7000,7000,10500,1.5,1.0
soja,2019,2019/2020,Misiones,Oberá,40,40,92,2.3,1.0
soja,2019,2019/2020,Misiones,General Manuel Belgrano,250,250,700,2.8,1.0
soja,2019,2019/2020,Misiones,Leandro N. Alem,30,30,69,2.3,1.0
soja,2019,2019/2020,Misiones,Guaraní,1200,1200,3120,2.6,1.0
soja,2019,2019/2020,Salta,Capital,1510,1510,3775,2.5,1.0
soja,2019,2019/2020,Salta,Guachipas,25,25,58,2.32,1.0
soja,2019,2019/2020,San Luis,Chacabuco,27500,27500,35750,1.3,1.0
soja,2019,2019/2020,Salta,Anta,210577,210577,521771,2.478,1.0
soja,2019,2019/2020,Salta,General José de San Martín,68635,68635,164724,2.4,1.0
soja,2019,2019/2020,Salta,Cerrillos,360,360,900,2.5,1.0
soja,2019,2019/2020,Salta,General Güemes,13202,13202,29714,2.251,1.0
soja,2019,2019/2020,Salta,Chicoana,220,220,550,2.5,1.0
soja,2019,2019/2020,Salta,Metán,37449,37449,96937,2.589,1.0
soja,2019,2019/2020,San Luis,Ayacucho,7500,7500,17400,2.32,1.0
soja,2019,2019/2020,Salta,La Viña,120,120,276,2.3,1.0
soja,2019,2019/2020,Salta,La Candelaria,930,930,2232,2.4,1.0
soja,2019,2019/2020,Salta,Rosario de Lerma,125,125,313,2.504,1.0
soja,2019,2019/2020,Salta,Orán,16664,16664,39626,2.378,1.0
soja,2019,2019/2020,Salta,Rosario de la Frontera,29592,29592,70681,2.389,1.0
soja,2019,2019/2020,Salta,Rivadavia,11000,11000,24200,2.2,1.0
soja,2019,2019/2020,Santa Fe,Caseros,221800,221800,759772,3.425,1.0
soja,2019,2019/2020,Santiago del Estero,Guasayán,5000,5000,15000,3.0,1.0
soja,2019,2019/2020,Santa Fe,San Cristóbal,158747,158747,414891,2.614,1.0
soja,2019,2019/2020,Santa Fe,Castellanos,295797,295797,1030429,3.484,1.0
soja,2019,2019/2020,San Luis,General Pedernera,161500,155000,185100,1.194,0.96
soja,2019,2019/2020,San Luis,Juan Martín de Pueyrredón,22150,22150,28705,1.296,1.0
soja,2019,2019/2020,San Luis,Gobernador Dupuy,12000,12000,18000,1.5,1.0
soja,2019,2019/2020,Santa Fe,Belgrano,154906,154906,530474,3.424,1.0
soja,2019,2019/2020,San Luis,Libertador General San Martín,2200,2200,3300,1.5,1.0
soja,2019,2019/2020,Santa Fe,La Capital,27000,27000,81200,3.007,1.0
soja,2019,2019/2020,San Luis,Junín,2750,2750,6500,2.364,1.0
soja,2019,2019/2020,Santa Fe,Iriondo,206962,206962,677818,3.275,1.0
soja,2019,2019/2020,Santa Fe,9 de Julio,123000,115000,269220,2.341,0.935
soja,2019,2019/2020,Santa Fe,General Obligado,57000,50900,86490,1.699,0.893
soja,2019,2019/2020,Santa Fe,General López,538500,538500,2024850,3.76,1.0
soja,2019,2019/2020,Santa Fe,San Jerónimo,157961,157961,449692,2.847,1.0
soja,2019,2019/2020,Santiago del Estero,General Taboada,197510,196680,636252,3.235,0.996
soja,2019,2019/2020,Santiago del Estero,Aguirre,30500,30295,97437,3.216,0.993
soja,2019,2019/2020,Santa Fe,San Javier,8000,8000,20160,2.52,1.0
soja,2019,2019/2020,Santa Fe,Vera,21900,19700,48630,2.469,0.9
soja,2019,2019/2020,Santa Fe,San Justo,88046,88046,265702,3.018,1.0
soja,2019,2019/2020,Santa Fe,San Martín,302934,302934,982996,3.245,1.0
soja,2019,2019/2020,Santa Fe,San Lorenzo,123900,119900,323504,2.698,0.968
soja,2019,2019/2020,Santiago del Estero,Banda,4000,4000,12000,3.0,1.0
soja,2019,2019/2020,Santiago del Estero,Figueroa,1500,1500,4500,3.0,1.0
soja,2019,2019/2020,Santiago del Estero,Avellaneda,3600,3600,10800,3.0,1.0
soja,2019,2019/2020,Santiago del Estero,Alberdi,124150,123360,421911,3.42,0.994
soja,2019,2019/2020,Santiago del Estero,Copo,8020,7810,24764,3.171,0.974
soja,2019,2019/2020,Santiago del Estero,Belgrano,117500,116700,378297,3.242,0.993
soja,2019,2019/2020,Santiago del Estero,Choya,5000,5000,15000,3.0,1.0
soja,2019,2019/2020,Santiago del Estero,Capital,4000,4000,12000,3.0,1.0
soja,2019,2019/2020,Tucumán,Chicligasta,500,500,1350,2.7,1.0
soja,2019,2019/2020,Santiago del Estero,Moreno,287600,286265,926060,3.235,0.995
soja,2019,2019/2020,Santiago del Estero,Mitre,12000,12000,36000,3.0,1.0
soja,2019,2019/2020,Santiago del Estero,Loreto,2500,2500,7500,3.0,1.0
soja,2019,2019/2020,Santiago del Estero,Rivadavia,17300,16680,52587,3.153,0.964
soja,2019,2019/2020,Tucumán,Burruyacú,65500,64850,139055,2.144,0.99
soja,2019,2019/2020,Santiago del Estero,Río Hondo,15000,15000,45000,3.0,1.0
soja,2019,2019/2020,Santiago del Estero,Pellegrini,58100,58100,174300,3.0,1.0
soja,2019,2019/2020,Santiago del Estero,Robles,4000,4000,12000,3.0,1.0
soja,2019,2019/2020,Santiago del Estero,Silípica,4000,4000,12000,3.0,1.0
soja,2019,2019/2020,Santiago del Estero,Sarmiento,800,620,1984,3.2,0.775
soja,2019,2019/2020,Santiago del Estero,San Martín,2000,2000,6000,3.0,1.0
soja,2019,2019/2020,Tucumán,Famaillá,450,450,1170,2.6,1.0
soja,2019,2019/2020,Tucumán,Lules,800,790,2133,2.7,0.988
soja,2019,2019/2020,Tucumán,Cruz Alta,28000,27750,63825,2.3,0.991
soja,2019,2019/2020,Tucumán,Graneros,19900,19520,39873,2.043,0.981
soja,2019,2019/2020,Tucumán,Leales,29500,28960,61070,2.109,0.982
soja,2019,2019/2020,Tucumán,La Cocha,23000,22660,50734,2.239,0.985
soja,2019,2019/2020,Tucumán,Juan Bautista Alberdi,2100,2070,5589,2.7,0.986
soja,2019,2019/2020,Tucumán,Simoca,3200,3120,7800,2.5,0.975
soja,2019,2019/2020,Tucumán,Río Chico,400,395,1067,2.701,0.988
soja,2019,2019/2020,Tucumán,Monteros,500,485,1310,2.701,0.97
soja,2019,2019/2020,Tucumán,Tafí Viejo,200,200,500,2.5,1.0
soja,2019,2019/2020,Tucumán,Yerba Buena,150,150,420,2.8,1.0
soja,2019,2019/2020,Santa Fe,Rosario,91600,86600,196280,2.267,0.945
soja,2019,2019/2020,Santa Fe,Las Colonias,219207,219207,667804,3.046,1.0
soja,2020,2020/2021,Santa Fe,9 de Julio,121000,121000,333600,2.757,1.0
soja,2020,2020/2021,San Luis,Libertador General San Martín,2300,2300,6670,2.9,1.0
soja,2020,2020/2021,Santa Fe,Belgrano,159727,159727,511571,3.203,1.0
soja,2020,2020/2021,Chaco,General Belgrano,25900,23620,46489,1.968,0.912
soja,2020,2020/2021,San Luis,Junín,5800,5800,15510,2.674,1.0
soja,2020,2020/2021,Buenos Aires,General Villegas,266000,263800,727770,2.759,0.992
soja,2020,2020/2021,Chaco,Fray Justo Santa María de Oro,18800,17249,28808,1.67,0.918
soja,2020,2020/2021,Buenos Aires,General Viamonte,93000,92400,279660,3.027,0.994
soja,2020,2020/2021,Buenos Aires,General Juan Madariaga,10000,10000,28550,2.855,1.0
soja,2020,2020/2021,Buenos Aires,Alberti,53581,53448,151692,2.838,0.998
soja,2020,2020/2021,Buenos Aires,General Rodríguez,5650,5500,17380,3.16,0.973
soja,2020,2020/2021,Chaco,Comandante Fernández,32600,30950,48045,1.552,0.949
soja,2020,2020/2021,Buenos Aires,Adolfo Gonzales Chaves,65500,65500,104050,1.589,1.0
soja,2020,2020/2021,Buenos Aires,Adolfo Alsina,66000,66000,143250,2.17,1.0
soja,2020,2020/2021,Buenos Aires,9 de Julio,166008,165503,512511,3.097,0.997
soja,2020,2020/2021,Buenos Aires,25 de Mayo,164003,162602,477345,2.936,0.991
soja,2020,2020/2021,Buenos Aires,Benito Juárez,65555,65555,115238,1.758,1.0
soja,2020,2020/2021,Buenos Aires,Arrecifes,60886,60786,170410,2.803,0.998
soja,2020,2020/2021,Buenos Aires,Carlos Tejedor,96954,84454,177143,2.098,0.871
soja,2020,2020/2021,Buenos Aires,General Guido,2200,2200,4720,2.145,1.0
soja,2020,2020/2021,Buenos Aires,Ayacucho,17000,17000,31500,1.853,1.0
soja,2020,2020/2021,Buenos Aires,Baradero,61245,61245,156362,2.553,1.0
soja,2020,2020/2021,Buenos Aires,Balcarce,74571,74571,140470,1.884,1.0
soja,2020,2020/2021,Buenos Aires,Azul,135020,135020,272302,2.017,1.0
soja,2020,2020/2021,Buenos Aires,Brandsen,380,80,215,2.688,0.211
soja,2020,2020/2021,Buenos Aires,Carlos Casares,85906,85906,236584,2.754,1.0
soja,2020,2020/2021,Buenos Aires,Bragado,101668,101360,313439,3.092,0.997
soja,2020,2020/2021,Buenos Aires,Bolívar,108800,108800,259920,2.389,1.0
soja,2020,2020/2021,Buenos Aires,Capitán Sarmiento,26696,26696,74130,2.777,1.0
soja,2020,2020/2021,Buenos Aires,Campana,15500,15500,47120,3.04,1.0
soja,2020,2020/2021,Buenos Aires,Cañuelas,3420,2620,9284,3.544,0.766
soja,2020,2020/2021,Buenos Aires,Castelli,4800,4800,10800,2.25,1.0
soja,2020,2020/2021,Buenos Aires,General Belgrano,23760,23586,65032,2.757,0.993
soja,2020,2020/2021,Buenos Aires,Coronel Dorrego,48450,48450,64140,1.324,1.0
soja,2020,2020/2021,Buenos Aires,Carmen de Areco,40000,40000,106500,2.663,1.0
soja,2020,2020/2021,Buenos Aires,Chacabuco,115000,115000,350500,3.048,1.0
soja,2020,2020/2021,Buenos Aires,Colón,48488,48338,150306,3.109,0.997
soja,2020,2020/2021,Buenos Aires,Chivilcoy,86036,85780,262622,3.062,0.997
soja,2020,2020/2021,Buenos Aires,Chascomús,26300,25300,80730,3.191,0.962
soja,2020,2020/2021,Buenos Aires,Daireaux,117400,117100,282565,2.413,0.997
soja,2020,2020/2021,Buenos Aires,General Arenales,83500,83500,253075,3.031,1.0
soja,2020,2020/2021,Buenos Aires,Coronel Suárez,110000,110000,233000,2.118,1.0
soja,2020,2020/2021,Buenos Aires,Coronel Pringles,35500,35500,78050,2.199,1.0
soja,2020,2020/2021,Buenos Aires,General Alvear,15000,15000,25500,1.7,1.0
soja,2020,2020/2021,Buenos Aires,Exaltación de la Cruz,21900,21900,66330,3.029,1.0
soja,2020,2020/2021,Buenos Aires,General Alvarado,47302,47302,104260,2.204,1.0
soja,2020,2020/2021,Buenos Aires,Florentino Ameghino,56000,54100,151270,2.796,0.966
soja,2020,2020/2021,Chaco,Chacabuco,50480,46166,99996,2.166,0.915
soja,2020,2020/2021,Buenos Aires,Lobería,112258,112258,204148,1.819,1.0
soja,2020,2020/2021,Buenos Aires,General Pueyrredón,19748,19748,43113,2.183,1.0
soja,2020,2020/2021,Buenos Aires,Puán,2000,2000,3200,1.6,1.0
soja,2020,2020/2021,Buenos Aires,General Pinto,92000,90000,246300,2.737,0.978
soja,2020,2020/2021,Buenos Aires,General Paz,4950,4500,13690,3.042,0.909
soja,2020,2020/2021,Buenos Aires,General Las Heras,5100,4700,11430,2.432,0.922
soja,2020,2020/2021,Buenos Aires,General La Madrid,28000,28000,52000,1.857,1.0
soja,2020,2020/2021,Buenos Aires,Junín,106000,106000,331600,3.128,1.0
soja,2020,2020/2021,Buenos Aires,Lincoln,156000,153500,441375,2.875,0.984
soja,2020,2020/2021,Buenos Aires,Hipólito Yrigoyen,67700,67700,159325,2.353,1.0
soja,2020,2020/2021,Buenos Aires,Guaminí,59000,59000,128500,2.178,1.0
soja,2020,2020/2021,Buenos Aires,Leandro N. Alem,71000,70200,208840,2.975,0.989
soja,2020,2020/2021,Buenos Aires,La Plata,450,430,1349,3.137,0.956
soja,2020,2020/2021,Buenos Aires,Las Flores,18735,18595,48031,2.583,0.993
soja,2020,2020/2021,Buenos Aires,Laprida,11150,11150,23440,2.102,1.0
soja,2020,2020/2021,Buenos Aires,Luján,13800,13200,41880,3.173,0.957
soja,2020,2020/2021,Buenos Aires,Pilar,1430,1330,4252,3.197,0.93
soja,2020,2020/2021,Buenos Aires,Mercedes,21485,21411,43627,2.038,0.997
soja,2020,2020/2021,Buenos Aires,Lobos,28048,27821,82684,2.972,0.992
soja,2020,2020/2021,Buenos Aires,Marcos Paz,7100,6700,19830,2.96,0.944
soja,2020,2020/2021,Buenos Aires,Magdalena,2470,2320,8416,3.628,0.939
soja,2020,2020/2021,Buenos Aires,Mar Chiquita,8500,8500,22250,2.618,1.0
soja,2020,2020/2021,Buenos Aires,Maipú,5400,5400,13720,2.541,1.0
soja,2020,2020/2021,Buenos Aires,Necochea,120500,120500,270800,2.247,1.0
soja,2020,2020/2021,Buenos Aires,Pila,8200,8200,17300,2.11,1.0
soja,2020,2020/2021,Buenos Aires,Navarro,25093,24860,79627,3.203,0.991
soja,2020,2020/2021,Buenos Aires,Monte,31976,31664,104713,3.307,0.99
soja,2020,2020/2021,Buenos Aires,Pergamino,171413,171113,543730,3.178,0.998
soja,2020,2020/2021,Buenos Aires,Olavarría,57200,57200,132150,2.31,1.0
soja,2020,2020/2021,Buenos Aires,Pellegrini,38000,38000,94500,2.487,1.0
soja,2020,2020/2021,Buenos Aires,Pehuajó,141513,132313,359002,2.713,0.935
soja,2020,2020/2021,Buenos Aires,Roque Pérez,36885,36527,117570,3.219,0.99
soja,2020,2020/2021,Buenos Aires,Punta Indio,440,380,1367,3.597,0.864
soja,2020,2020/2021,Chaco,Almirante Brown,119600,113400,236550,2.086,0.948
soja,2020,2020/2021,Buenos Aires,San Pedro,38820,38620,98432,2.549,0.995
soja,2020,2020/2021,Buenos Aires,Rojas,115500,115500,359450,3.112,1.0
soja,2020,2020/2021,Buenos Aires,Ramallo,53865,53765,132943,2.473,0.998
soja,2020,2020/2021,Buenos Aires,Rivadavia,139613,130913,328829,2.512,0.938
soja,2020,2020/2021,Buenos Aires,Rauch,5200,5200,10800,2.077,1.0
soja,2020,2020/2021,Buenos Aires,Salliqueló,27000,27000,68850,2.55,1.0
soja,2020,2020/2021,Buenos Aires,San Nicolás,31406,31156,96470,3.096,0.992
soja,2020,2020/2021,Buenos Aires,Saladillo,55816,55513,157987,2.846,0.995
soja,2020,2020/2021,Buenos Aires,Saavedra,18000,18000,26400,1.467,1.0
soja,2020,2020/2021,Buenos Aires,San Cayetano,61600,61600,129880,2.108,1.0
soja,2020,2020/2021,Buenos Aires,Salto,98038,97788,303096,3.1,0.997
soja,2020,2020/2021,Buenos Aires,San Antonio de Areco,30080,29930,70394,2.352,0.995
soja,2020,2020/2021,Buenos Aires,San Andrés de Giles,53000,53000,140800,2.657,1.0
soja,2020,2020/2021,Buenos Aires,Trenque Lauquen,143904,137344,321175,2.338,0.954
soja,2020,2020/2021,Buenos Aires,Suipacha,23022,22953,43583,1.899,0.997
soja,2020,2020/2021,Chaco,9 de Julio,45500,41520,86007,2.071,0.913
soja,2020,2020/2021,Buenos Aires,San Vicente,510,440,1526,3.468,0.863
soja,2020,2020/2021,Buenos Aires,Tornquist,2500,2500,3000,1.2,1.0
soja,2020,2020/2021,Buenos Aires,Tandil,121171,121171,236061,1.948,1.0
soja,2020,2020/2021,Buenos Aires,Tordillo,280,280,728,2.6,1.0
soja,2020,2020/2021,Buenos Aires,Tapalqué,3600,3600,6760,1.878,1.0
soja,2020,2020/2021,Buenos Aires,Zárate,23900,23900,71645,2.998,1.0
soja,2020,2020/2021,Chaco,2 de Abril,42700,39225,79748,2.033,0.919
soja,2020,2020/2021,Buenos Aires,Tres Lomas,28000,28000,69200,2.471,1.0
soja,2020,2020/2021,Buenos Aires,Tres Arroyos,113000,113000,245400,2.172,1.0
soja,2020,2020/2021,Catamarca,Capayán,100,100,170,1.7,1.0
soja,2020,2020/2021,Chaco,12 de Octubre,72700,66377,144619,2.179,0.913
soja,2020,2020/2021,Catamarca,Santa Rosa,37800,37530,101331,2.7,0.993
soja,2020,2020/2021,Catamarca,El Alto,1900,1900,4750,2.5,1.0
soja,2020,2020/2021,Córdoba,Marcos Juárez,468250,457250,1673625,3.66,0.977
soja,2020,2020/2021,Chaco,General Güemes,17550,16620,28202,1.697,0.947
soja,2020,2020/2021,Córdoba,Juárez Celman,306350,301350,878050,2.914,0.984
soja,2020,2020/2021,Santa Fe,Vera,29000,29000,79400,2.738,1.0
soja,2020,2020/2021,San Luis,Juan Martín de Pueyrredón,21500,21500,47300,2.2,1.0
soja,2020,2020/2021,Entre Ríos,La Paz,112100,112100,265860,2.372,1.0
soja,2020,2020/2021,San Luis,Gobernador Dupuy,28000,28000,61600,2.2,1.0
soja,2020,2020/2021,San Luis,General Pedernera,75000,75000,180000,2.4,1.0
soja,2020,2020/2021,Santa Fe,Villa Constitución,203700,203700,510680,2.507,1.0
soja,2020,2020/2021,Santa Fe,Castellanos,311548,311548,1154455,3.706,1.0
soja,2020,2020/2021,Santa Fe,Caseros,214600,214600,692680,3.228,1.0
soja,2020,2020/2021,Chaco,Libertador General San Martín,2710,2630,4208,1.6,0.97
soja,2020,2020/2021,Córdoba,Ischilín,6802,6802,23127,3.4,1.0
soja,2020,2020/2021,Chaco,San Fernando,1800,1637,2947,1.8,0.909
soja,2020,2020/2021,Chaco,Independencia,63300,60600,100500,1.658,0.957
soja,2020,2020/2021,Chaco,Quitilipi,4800,4500,7410,1.647,0.938
soja,2020,2020/2021,Chaco,Maipú,28800,27700,46920,1.694,0.962
soja,2020,2020/2021,Chaco,O'Higgins,47800,44281,88468,1.998,0.926
soja,2020,2020/2021,Chaco,Mayor Luis J. Fontana,24600,22777,34653,1.521,0.926
soja,2020,2020/2021,Córdoba,General San Martín,184000,184000,548000,2.978,1.0
soja,2020,2020/2021,Córdoba,Calamuchita,35450,35450,98510,2.779,1.0
soja,2020,2020/2021,Chaco,Sargento Cabral,1180,1180,2360,2.0,1.0
soja,2020,2020/2021,Chaco,San Lorenzo,2200,2006,3045,1.518,0.912
soja,2020,2020/2021,Córdoba,Capital,6500,6500,20650,3.177,1.0
soja,2020,2020/2021,Córdoba,General Roca,318827,315350,970005,3.076,0.989
soja,2020,2020/2021,Córdoba,Cruz del Eje,3700,3700,10490,2.835,1.0
soja,2020,2020/2021,Córdoba,Colón,61328,61198,210993,3.448,0.998
soja,2020,2020/2021,Córdoba,Presidente Roque Sáenz Peña,258344,255442,854408,3.345,0.989
soja,2020,2020/2021,Córdoba,Río Segundo,235000,235000,760500,3.236,1.0
soja,2020,2020/2021,Corrientes,Berón de Astrada,50,50,130,2.6,1.0
soja,2020,2020/2021,Córdoba,Pocho,2000,2000,5600,2.8,1.0
soja,2020,2020/2021,Entre Ríos,Gualeguaychú,157000,151200,165560,1.095,0.963
soja,2020,2020/2021,Córdoba,Río Cuarto,681300,674300,1794090,2.661,0.99
soja,2020,2020/2021,Córdoba,Río Seco,55211,54761,184474,3.369,0.992
soja,2020,2020/2021,Córdoba,Río Primero,242835,241445,881581,3.651,0.994
soja,2020,2020/2021,Córdoba,San Justo,441995,440435,1512406,3.434,0.996
soja,2020,2020/2021,Córdoba,Unión,436455,425755,1447545,3.4,0.975
soja,2020,2020/2021,Córdoba,San Javier,11200,11200,34040,3.039,1.0
soja,2020,2020/2021,Córdoba,San Alberto,2000,2000,5600,2.8,1.0
soja,2020,2020/2021,Córdoba,Tulumba,58113,58113,202696,3.488,1.0
soja,2020,2020/2021,Córdoba,Santa María,109200,109200,370560,3.393,1.0
soja,2020,2020/2021,Córdoba,Totoral,99117,98997,333862,3.372,0.999
soja,2020,2020/2021,Córdoba,Tercero Arriba,245800,245800,804340,3.272,1.0
soja,2020,2020/2021,Corrientes,Curuzu Cuatia,855,855,2043,2.389,1.0
soja,2020,2020/2021,Corrientes,Concepción,50,50,130,2.6,1.0
soja,2020,2020/2021,Corrientes,San Miguel,1600,1600,4160,2.6,1.0
soja,2020,2020/2021,Entre Ríos,Gualeguay,80000,71000,85300,1.201,0.888
soja,2020,2020/2021,Corrientes,Esquina,140,140,364,2.6,1.0
soja,2020,2020/2021,Corrientes,Saladas,400,400,1040,2.6,1.0
soja,2020,2020/2021,Corrientes,Mercedes,50,50,130,2.6,1.0
soja,2020,2020/2021,Corrientes,Goya,140,140,364,2.6,1.0
soja,2020,2020/2021,Entre Ríos,Colón,25000,25000,49000,1.96,1.0
soja,2020,2020/2021,Entre Ríos,Feliciano,13900,13900,32300,2.324,1.0
soja,2020,2020/2021,Corrientes,Sauce,1875,1875,4635,2.472,1.0
soja,2020,2020/2021,Corrientes,San Roque,30,30,78,2.6,1.0
soja,2020,2020/2021,Entre Ríos,Federal,32020,32020,73338,2.29,1.0
soja,2020,2020/2021,Entre Ríos,Concordia,21400,21400,51100,2.388,1.0
soja,2020,2020/2021,Entre Ríos,Federación,11550,11550,26500,2.294,1.0
soja,2020,2020/2021,Entre Ríos,Diamante,56750,56750,122500,2.159,1.0
soja,2020,2020/2021,San Luis,Coronel Pringles,41200,41200,98780,2.398,1.0
soja,2020,2020/2021,Misiones,General Manuel Belgrano,250,240,768,3.2,0.96
soja,2020,2020/2021,Santa Fe,San Martín,306192,306192,936953,3.06,1.0
soja,2020,2020/2021,Santa Fe,Garay,4400,4400,12436,2.826,1.0
soja,2020,2020/2021,Entre Ríos,San Salvador,20500,20500,39900,1.946,1.0
soja,2020,2020/2021,Entre Ríos,Paraná,129900,129900,295590,2.276,1.0
soja,2020,2020/2021,Jujuy,Palpalá,144,144,504,3.5,1.0
soja,2020,2020/2021,Entre Ríos,Nogoyá,110000,106800,160000,1.498,0.971
soja,2020,2020/2021,Jujuy,Ledesma,136,136,476,3.5,1.0
soja,2020,2020/2021,Entre Ríos,Victoria,70000,67500,102750,1.522,0.964
soja,2020,2020/2021,Entre Ríos,Uruguay,109500,109300,188920,1.728,0.998
soja,2020,2020/2021,Entre Ríos,Tala,52000,50900,87100,1.711,0.979
soja,2020,2020/2021,Jujuy,El Carmen,1209,1209,4232,3.5,1.0
soja,2020,2020/2021,Entre Ríos,Villaguay,111000,111000,228800,2.061,1.0
soja,2020,2020/2021,Jujuy,Dr. Manuel Belgrano,528,528,1848,3.5,1.0
soja,2020,2020/2021,Formosa,sin definir,9738,3396,8490,2.5,0.349
soja,2020,2020/2021,La Pampa,Chapaleufú,101800,99800,275810,2.764,0.98
soja,2020,2020/2021,Jujuy,San Pedro,1320,1320,4620,3.5,1.0
soja,2020,2020/2021,Misiones,Cainguás,90,85,238,2.8,0.944
soja,2020,2020/2021,Jujuy,San Antonio,1000,1000,3500,3.5,1.0
soja,2020,2020/2021,La Pampa,Catriló,37221,37221,87413,2.348,1.0
soja,2020,2020/2021,Jujuy,Santa Bárbara,6430,6430,22505,3.5,1.0
soja,2020,2020/2021,La Pampa,Capital,16441,16441,26456,1.609,1.0
soja,2020,2020/2021,La Pampa,Atreucó,14531,14531,32508,2.237,1.0
soja,2020,2020/2021,La Pampa,Quemú Quemú,54200,53100,124400,2.343,0.98
soja,2020,2020/2021,Misiones,25 de Mayo,1800,1790,5728,3.2,0.994
soja,2020,2020/2021,La Pampa,Maracó,83300,81700,222490,2.723,0.981
soja,2020,2020/2021,La Pampa,Conhelo,40200,38200,72680,1.903,0.95
soja,2020,2020/2021,La Pampa,Trenel,21100,20600,38240,1.856,0.976
soja,2020,2020/2021,La Pampa,Rancul,63800,60600,118280,1.952,0.95
soja,2020,2020/2021,La Pampa,Toay,8024,8024,13556,1.689,1.0
soja,2020,2020/2021,La Pampa,Realicó,52900,51900,111900,2.156,0.981
soja,2020,2020/2021,Salta,La Candelaria,1310,1310,3537,2.7,1.0
soja,2020,2020/2021,Santa Fe,San Lorenzo,119500,119500,341700,2.859,1.0
soja,2020,2020/2021,Santa Fe,General López,534000,534000,1762600,3.301,1.0
soja,2020,2020/2021,San Luis,Chacabuco,20200,20200,48320,2.392,1.0
soja,2020,2020/2021,Misiones,San Javier,40,39,109,2.795,0.975
soja,2020,2020/2021,Misiones,Oberá,40,39,109,2.795,0.975
soja,2020,2020/2021,Misiones,Leandro N. Alem,30,29,81,2.793,0.967
soja,2020,2020/2021,Misiones,Guaraní,1200,1190,3808,3.2,0.992
soja,2020,2020/2021,Salta,Capital,1510,1510,4228,2.8,1.0
soja,2020,2020/2021,Salta,Guachipas,25,25,65,2.6,1.0
soja,2020,2020/2021,Salta,Anta,184213,184213,490940,2.665,1.0
soja,2020,2020/2021,Misiones,San Pedro,300,290,928,3.2,0.967
soja,2020,2020/2021,Salta,General José de San Martín,53259,53259,141657,2.66,1.0
soja,2020,2020/2021,Salta,Cerrillos,360,360,1008,2.8,1.0
soja,2020,2020/2021,Salta,General Güemes,3350,3350,9045,2.7,1.0
soja,2020,2020/2021,Salta,Chicoana,220,220,616,2.8,1.0
soja,2020,2020/2021,San Luis,Ayacucho,4000,4000,13100,3.275,1.0
soja,2020,2020/2021,Santa Fe,General Obligado,57000,57000,102900,1.805,1.0
soja,2020,2020/2021,Santa Fe,San Justo,128257,128257,404267,3.152,1.0
soja,2020,2020/2021,Salta,Rosario de la Frontera,24520,24520,65329,2.664,1.0
soja,2020,2020/2021,Salta,Rivadavia,9500,9500,24700,2.6,1.0
soja,2020,2020/2021,Salta,La Viña,120,120,312,2.6,1.0
soja,2020,2020/2021,Salta,Orán,15664,15664,41741,2.665,1.0
soja,2020,2020/2021,Salta,Metán,40303,40303,111381,2.764,1.0
soja,2020,2020/2021,Santa Fe,Iriondo,211185,211185,677563,3.208,1.0
soja,2020,2020/2021,Santa Fe,San Jerónimo,159520,159520,398800,2.5,1.0
soja,2020,2020/2021,Salta,Rosario de Lerma,363,363,1016,2.799,1.0
soja,2020,2020/2021,Santa Fe,La Capital,29900,29900,89183,2.983,1.0
soja,2020,2020/2021,Santa Fe,Las Colonias,217918,217918,689127,3.162,1.0
soja,2020,2020/2021,Santa Fe,San Javier,10000,10000,25700,2.57,1.0
soja,2020,2020/2021,Santa Fe,San Cristóbal,140487,140487,389287,2.771,1.0
soja,2020,2020/2021,Santa Fe,Rosario,80400,80400,167130,2.079,1.0
soja,2020,2020/2021,Santiago del Estero,General Taboada,197300,197300,712400,3.611,1.0
soja,2020,2020/2021,Tucumán,Capital,15,10,24,2.4,0.667
soja,2020,2020/2021,Santiago del Estero,Alberdi,124150,124150,387660,3.123,1.0
soja,2020,2020/2021,Santiago del Estero,Aguirre,30500,30500,94300,3.092,1.0
soja,2020,2020/2021,Santiago del Estero,Belgrano,117500,117500,410300,3.492,1.0
soja,2020,2020/2021,Santiago del Estero,Figueroa,1500,1500,4500,3.0,1.0
soja,2020,2020/2021,Santiago del Estero,Banda,4000,4000,12000,3.0,1.0
soja,2020,2020/2021,Santiago del Estero,Avellaneda,3600,3600,11520,3.2,1.0
soja,2020,2020/2021,Santiago del Estero,Copo,10200,10200,30600,3.0,1.0
soja,2020,2020/2021,Santiago del Estero,Choya,5500,5500,16500,3.0,1.0
soja,2020,2020/2021,Santiago del Estero,Capital,4000,4000,12000,3.0,1.0
soja,2020,2020/2021,Santiago del Estero,Jiménez,81600,81600,285600,3.5,1.0
soja,2020,2020/2021,Santiago del Estero,Ojo de Agua,3500,3500,8750,2.5,1.0
soja,2020,2020/2021,Santiago del Estero,Guasayán,5000,5000,15000,3.0,1.0
soja,2020,2020/2021,Tucumán,Burruyacú,63500,62980,170046,2.7,0.992
soja,2020,2020/2021,Santiago del Estero,Moreno,295000,295000,977900,3.315,1.0
soja,2020,2020/2021,Santiago del Estero,Juan F. Ibarra,75500,75500,259450,3.436,1.0
soja,2020,2020/2021,Santiago del Estero,Mitre,12000,12000,36000,3.0,1.0
soja,2020,2020/2021,Santiago del Estero,Loreto,2500,2500,7500,3.0,1.0
soja,2020,2020/2021,Santiago del Estero,Río Hondo,15000,15000,45000,3.0,1.0
soja,2020,2020/2021,Santiago del Estero,Silípica,4000,4000,12000,3.0,1.0
soja,2020,2020/2021,Santiago del Estero,Quebrachos,3200,3200,8960,2.8,1.0
soja,2020,2020/2021,Santiago del Estero,Pellegrini,58100,58100,174300,3.0,1.0
soja,2020,2020/2021,Santiago del Estero,Sarmiento,800,800,2400,3.0,1.0
soja,2020,2020/2021,Santiago del Estero,Rivadavia,17200,17200,59090,3.435,1.0
soja,2020,2020/2021,Santiago del Estero,San Martín,2500,2500,7500,3.0,1.0
soja,2020,2020/2021,Santiago del Estero,Robles,4000,4000,12000,3.0,1.0
soja,2020,2020/2021,Tucumán,Juan Bautista Alberdi,1800,1800,4860,2.7,1.0
soja,2020,2020/2021,Tucumán,Chicligasta,500,500,1350,2.7,1.0
soja,2020,2020/2021,Tucumán,Graneros,19100,18950,51165,2.7,0.992
soja,2020,2020/2021,Tucumán,Famaillá,400,400,1080,2.7,1.0
soja,2020,2020/2021,Tucumán,Cruz Alta,26800,26580,71766,2.7,0.992
soja,2020,2020/2021,Tucumán,Lules,600,600,1620,2.7,1.0
soja,2020,2020/2021,Tucumán,Yerba Buena,150,150,405,2.7,1.0
soja,2020,2020/2021,Tucumán,Leales,27400,27110,73197,2.7,0.989
soja,2020,2020/2021,Tucumán,La Cocha,22300,22030,59481,2.7,0.988
soja,2020,2020/2021,Tucumán,Tafí Viejo,200,200,540,2.7,1.0
soja,2020,2020/2021,Tucumán,Monteros,400,400,1080,2.7,1.0
soja,2020,2020/2021,Tucumán,Simoca,2900,2900,7830,2.7,1.0
soja,2020,2020/2021,Tucumán,Río Chico,300,300,810,2.7,1.0
soja,2021,2021/2022,Santiago del Estero,Alberdi,121355,121355,397956,3.279,1.0
soja,2021,2021/2022,Santiago del Estero,Aguirre,30500,30500,85400,2.8,1.0
soja,2021,2021/2022,Santa Fe,Vera,29000,29000,50800,1.752,1.0
soja,2021,2021/2022,Buenos Aires,Tapalqué,3200,3200,9440,2.95,1.0
soja,2021,2021/2022,Buenos Aires,Carlos Tejedor,69165,69165,243460,3.52,1.0
soja,2021,2021/2022,Buenos Aires,Colón,46800,46450,159555,3.435,0.993
soja,2021,2021/2022,Buenos Aires,Carlos Casares,80739,80739,289833,3.59,1.0
soja,2021,2021/2022,Buenos Aires,Capitán Sarmiento,36250,36050,107395,2.979,0.994
soja,2021,2021/2022,Buenos Aires,Tandil,128461,128461,250359,1.949,1.0
soja,2021,2021/2022,Buenos Aires,Cañuelas,3700,2500,7520,3.008,0.676
soja,2021,2021/2022,Buenos Aires,25 de Mayo,164003,161216,454149,2.817,0.983
soja,2021,2021/2022,Buenos Aires,Chacabuco,106000,105500,321250,3.045,0.995
soja,2021,2021/2022,Buenos Aires,Ayacucho,19700,19700,37830,1.92,1.0
soja,2021,2021/2022,Buenos Aires,9 de Julio,155492,143617,434834,3.028,0.924
soja,2021,2021/2022,Buenos Aires,Castelli,5600,5600,13550,2.42,1.0
soja,2021,2021/2022,Buenos Aires,Campana,8800,8670,26732,3.083,0.985
soja,2021,2021/2022,Buenos Aires,Arrecifes,73450,73020,213888,2.929,0.994
soja,2021,2021/2022,Buenos Aires,Adolfo Alsina,65000,65000,182000,2.8,1.0
soja,2021,2021/2022,Buenos Aires,Alberti,48336,44994,123288,2.74,0.931
soja,2021,2021/2022,Buenos Aires,Adolfo Gonzales Chaves,52522,52522,75323,1.434,1.0
soja,2021,2021/2022,Buenos Aires,Brandsen,380,80,196,2.45,0.211
soja,2021,2021/2022,Buenos Aires,Balcarce,56461,56461,106052,1.878,1.0
soja,2021,2021/2022,Buenos Aires,Carmen de Areco,38000,37400,108520,2.902,0.984
soja,2021,2021/2022,Buenos Aires,Azul,111774,111774,232606,2.081,1.0
soja,2021,2021/2022,Buenos Aires,Bragado,98975,91983,282966,3.076,0.929
soja,2021,2021/2022,Buenos Aires,Baradero,52350,51900,140770,2.712,0.991
soja,2021,2021/2022,Buenos Aires,Bolívar,125800,125800,346600,2.755,1.0
soja,2021,2021/2022,Buenos Aires,Benito Juárez,55726,55726,102672,1.842,1.0
soja,2021,2021/2022,Buenos Aires,General La Madrid,35000,35000,64500,1.843,1.0
soja,2021,2021/2022,Buenos Aires,Dolores,200,200,500,2.5,1.0
soja,2021,2021/2022,Buenos Aires,Lobos,29021,28516,80663,2.829,0.983
soja,2021,2021/2022,Buenos Aires,Daireaux,114200,114200,299240,2.62,1.0
soja,2021,2021/2022,Buenos Aires,Coronel Dorrego,15159,15159,16305,1.076,1.0
soja,2021,2021/2022,Buenos Aires,Coronel Pringles,22751,22751,38401,1.688,1.0
soja,2021,2021/2022,Buenos Aires,Coronel Suárez,105000,105000,215000,2.048,1.0
soja,2021,2021/2022,Buenos Aires,Suipacha,24067,21660,50040,2.31,0.9
soja,2021,2021/2022,Buenos Aires,General Alvarado,41976,20976,27574,1.315,0.5
soja,2021,2021/2022,Buenos Aires,General Juan Madariaga,9500,9500,23820,2.507,1.0
soja,2021,2021/2022,Buenos Aires,Florentino Ameghino,47000,45100,128130,2.841,0.96
soja,2021,2021/2022,Buenos Aires,Exaltación de la Cruz,21700,21500,66800,3.107,0.991
soja,2021,2021/2022,Buenos Aires,General Guido,2000,2000,4300,2.15,1.0
soja,2021,2021/2022,Buenos Aires,General Alvear,20000,20000,46500,2.325,1.0
soja,2021,2021/2022,Buenos Aires,General Belgrano,23760,23336,64394,2.759,0.982
soja,2021,2021/2022,Buenos Aires,General Arenales,87000,86000,252400,2.935,0.989
soja,2021,2021/2022,Buenos Aires,General Villegas,252000,249800,734330,2.94,0.991
soja,2021,2021/2022,Buenos Aires,General Paz,4950,4500,12540,2.787,0.909
soja,2021,2021/2022,Buenos Aires,Lobería,101165,101165,167665,1.657,1.0
soja,2021,2021/2022,Buenos Aires,General Las Heras,5100,4700,11440,2.434,0.922
soja,2021,2021/2022,Buenos Aires,General Viamonte,84000,83400,255650,3.065,0.993
soja,2021,2021/2022,Buenos Aires,General Pinto,85000,83000,232750,2.804,0.976
soja,2021,2021/2022,Buenos Aires,General Rodríguez,5650,5500,15290,2.78,0.973
soja,2021,2021/2022,Buenos Aires,General Pueyrredón,19711,18711,30248,1.617,0.949
soja,2021,2021/2022,Buenos Aires,Junín,108000,107700,333720,3.099,0.997
soja,2021,2021/2022,Buenos Aires,Lincoln,146000,143500,435075,3.032,0.983
soja,2021,2021/2022,Buenos Aires,Hipólito Yrigoyen,72400,72400,195840,2.705,1.0
soja,2021,2021/2022,Buenos Aires,Guaminí,60000,60000,168000,2.8,1.0
soja,2021,2021/2022,Buenos Aires,Leandro N. Alem,62000,61200,182260,2.978,0.987
soja,2021,2021/2022,Buenos Aires,La Plata,450,430,1196,2.781,0.956
soja,2021,2021/2022,Buenos Aires,Las Flores,18735,18362,47706,2.598,0.98
soja,2021,2021/2022,Buenos Aires,Laprida,8489,8489,18896,2.226,1.0
soja,2021,2021/2022,Buenos Aires,Luján,13800,13200,37600,2.848,0.957
soja,2021,2021/2022,Buenos Aires,Mercedes,22360,20128,47742,2.372,0.9
soja,2021,2021/2022,Buenos Aires,Pilar,1430,1330,3560,2.677,0.93
soja,2021,2021/2022,Buenos Aires,San Vicente,460,390,1188,3.046,0.848
soja,2021,2021/2022,Buenos Aires,Marcos Paz,7100,6700,17590,2.625,0.944
soja,2021,2021/2022,Buenos Aires,Magdalena,2370,2220,6752,3.041,0.937
soja,2021,2021/2022,Buenos Aires,Mar Chiquita,11700,11700,29460,2.518,1.0
soja,2021,2021/2022,Buenos Aires,Maipú,5400,5400,12690,2.35,1.0
soja,2021,2021/2022,Buenos Aires,Necochea,94685,94685,120353,1.271,1.0
soja,2021,2021/2022,Buenos Aires,Pila,8300,8300,20120,2.424,1.0
soja,2021,2021/2022,Buenos Aires,Navarro,25093,24737,74778,3.023,0.986
soja,2021,2021/2022,Buenos Aires,Monte,32328,31919,98688,3.092,0.987
soja,2021,2021/2022,Buenos Aires,Pergamino,160300,159000,546720,3.438,0.992
soja,2021,2021/2022,Buenos Aires,Olavarría,59600,59600,151600,2.544,1.0
soja,2021,2021/2022,Buenos Aires,Pellegrini,38000,38000,119200,3.137,1.0
soja,2021,2021/2022,Buenos Aires,Pehuajó,113602,113602,377214,3.32,1.0
soja,2021,2021/2022,Buenos Aires,Punta Indio,390,330,990,3.0,0.846
soja,2021,2021/2022,Buenos Aires,Roque Pérez,36885,36410,109843,3.017,0.987
soja,2021,2021/2022,Buenos Aires,Puán,2000,2000,3600,1.8,1.0
soja,2021,2021/2022,Buenos Aires,San Pedro,57750,57500,172490,3.0,0.996
soja,2021,2021/2022,Buenos Aires,Rojas,107000,105800,311320,2.943,0.989
soja,2021,2021/2022,Buenos Aires,Ramallo,61100,60700,177100,2.918,0.993
soja,2021,2021/2022,Buenos Aires,Rivadavia,139482,139482,452292,3.243,1.0
soja,2021,2021/2022,Buenos Aires,Rauch,5350,5350,11505,2.15,1.0
soja,2021,2021/2022,Buenos Aires,Salliqueló,27000,27000,84600,3.133,1.0
soja,2021,2021/2022,Buenos Aires,San Nicolás,35050,34780,90755,2.609,0.992
soja,2021,2021/2022,Buenos Aires,Saladillo,55816,54810,152789,2.788,0.982
soja,2021,2021/2022,Buenos Aires,Saavedra,13000,13000,23000,1.769,1.0
soja,2021,2021/2022,Buenos Aires,San Cayetano,53179,53179,58890,1.107,1.0
soja,2021,2021/2022,Buenos Aires,Salto,100800,100200,336320,3.356,0.994
soja,2021,2021/2022,Buenos Aires,San Antonio de Areco,43300,43080,132790,3.082,0.995
soja,2021,2021/2022,Buenos Aires,San Andrés de Giles,50500,49300,145760,2.957,0.976
soja,2021,2021/2022,Chaco,San Fernando,700,690,1540,2.232,0.986
soja,2021,2021/2022,Salta,La Caldera,25,25,45,1.8,1.0
soja,2021,2021/2022,Corrientes,Esquina,140,140,210,1.5,1.0
soja,2021,2021/2022,San Luis,Ayacucho,5500,5500,18900,3.436,1.0
soja,2021,2021/2022,Santa Fe,San Martín,271647,271647,836607,3.08,1.0
soja,2021,2021/2022,Catamarca,Capayán,100,50,55,1.1,0.5
soja,2021,2021/2022,Buenos Aires,Tres Lomas,28000,28000,85200,3.043,1.0
soja,2021,2021/2022,Chaco,General Belgrano,36000,34450,95300,2.766,0.957
soja,2021,2021/2022,Corrientes,San Roque,30,30,45,1.5,1.0
soja,2021,2021/2022,Buenos Aires,Zárate,22500,22300,67520,3.028,0.991
soja,2021,2021/2022,Buenos Aires,Tres Arroyos,91749,91749,129979,1.417,1.0
soja,2021,2021/2022,Buenos Aires,Trenque Lauquen,151203,151203,496832,3.286,1.0
soja,2021,2021/2022,Buenos Aires,Tornquist,2000,2000,3200,1.6,1.0
soja,2021,2021/2022,Buenos Aires,Tordillo,850,850,2210,2.6,1.0
soja,2021,2021/2022,Chaco,Almirante Brown,144500,137800,438600,3.183,0.954
soja,2021,2021/2022,Catamarca,El Alto,1800,1690,3211,1.9,0.939
soja,2021,2021/2022,Chaco,Quitilipi,3900,3500,4720,1.349,0.897
soja,2021,2021/2022,Chaco,Fray Justo Santa María de Oro,12500,11970,29937,2.501,0.958
soja,2021,2021/2022,Chaco,9 de Julio,53500,51100,139840,2.737,0.955
soja,2021,2021/2022,Catamarca,Santa Rosa,36400,35380,81374,2.3,0.972
soja,2021,2021/2022,Chaco,2 de Abril,42000,40050,120830,3.017,0.954
soja,2021,2021/2022,Chaco,12 de Octubre,83600,79950,223910,2.801,0.956
soja,2021,2021/2022,Chaco,General Güemes,18900,18120,30640,1.691,0.959
soja,2021,2021/2022,Chaco,Comandante Fernández,32000,29700,36210,1.219,0.928
soja,2021,2021/2022,Chaco,Chacabuco,60650,58150,152970,2.631,0.959
soja,2021,2021/2022,Chaco,O'Higgins,45000,43000,121850,2.834,0.956
soja,2021,2021/2022,Chaco,Mayor Luis J. Fontana,20500,19760,49672,2.514,0.964
soja,2021,2021/2022,Chaco,Independencia,62000,57500,157620,2.741,0.927
soja,2021,2021/2022,Chaco,Maipú,28000,26400,40940,1.551,0.943
soja,2021,2021/2022,Chaco,Libertador General San Martín,900,900,1170,1.3,1.0
soja,2021,2021/2022,Corrientes,San Miguel,1600,1600,2400,1.5,1.0
soja,2021,2021/2022,Corrientes,Curuzu Cuatia,855,855,1133,1.325,1.0
soja,2021,2021/2022,Córdoba,Río Cuarto,672000,672000,1581600,2.354,1.0
soja,2021,2021/2022,Córdoba,Colón,59652,59372,183212,3.086,0.995
soja,2021,2021/2022,Córdoba,Capital,8700,8700,21740,2.499,1.0
soja,2021,2021/2022,Chaco,San Lorenzo,500,470,1043,2.219,0.94
soja,2021,2021/2022,Córdoba,Calamuchita,34950,34950,75690,2.166,1.0
soja,2021,2021/2022,Chaco,Sargento Cabral,1200,1200,2640,2.2,1.0
soja,2021,2021/2022,Córdoba,General San Martín,173000,173000,351300,2.031,1.0
soja,2021,2021/2022,Córdoba,Presidente Roque Sáenz Peña,266306,252606,839480,3.323,0.949
soja,2021,2021/2022,Córdoba,General Roca,383930,373066,1134788,3.042,0.972
soja,2021,2021/2022,Córdoba,Cruz del Eje,3600,3600,9240,2.567,1.0
soja,2021,2021/2022,Córdoba,Pocho,2000,2000,5800,2.9,1.0
soja,2021,2021/2022,Córdoba,Ischilín,6450,6240,17472,2.8,0.967
soja,2021,2021/2022,Córdoba,Marcos Juárez,449200,443700,1597560,3.601,0.988
soja,2021,2021/2022,Córdoba,Juárez Celman,286350,286350,716310,2.502,1.0
soja,2021,2021/2022,Corrientes,Saladas,400,400,600,1.5,1.0
soja,2021,2021/2022,Córdoba,San Alberto,2000,2000,5800,2.9,1.0
soja,2021,2021/2022,Corrientes,Concepción,50,50,75,1.5,1.0
soja,2021,2021/2022,Córdoba,San Justo,431995,431325,1277803,2.963,0.998
soja,2021,2021/2022,Córdoba,San Javier,10700,10700,31860,2.978,1.0
soja,2021,2021/2022,Córdoba,Río Segundo,248000,248000,644000,2.597,1.0
soja,2021,2021/2022,Córdoba,Río Seco,53141,53001,152333,2.874,0.997
soja,2021,2021/2022,Córdoba,Río Primero,235575,235105,707983,3.011,0.998
soja,2021,2021/2022,Corrientes,Berón de Astrada,50,50,75,1.5,1.0
soja,2021,2021/2022,Córdoba,Tercero Arriba,236000,236000,572500,2.426,1.0
soja,2021,2021/2022,Corrientes,Mercedes,50,50,75,1.5,1.0
soja,2021,2021/2022,Córdoba,Santa María,83100,83100,198120,2.384,1.0
soja,2021,2021/2022,Corrientes,Goya,140,140,210,1.5,1.0
soja,2021,2021/2022,Córdoba,Unión,416460,408760,1348256,3.298,0.982
soja,2021,2021/2022,Córdoba,Tulumba,56038,55888,167174,2.991,0.997
soja,2021,2021/2022,Córdoba,Totoral,93387,93087,270505,2.906,0.997
soja,2021,2021/2022,Salta,Guachipas,25,25,40,1.6,1.0
soja,2021,2021/2022,Salta,Rosario de Lerma,363,363,678,1.868,1.0
soja,2021,2021/2022,Jujuy,Santa Bárbara,6430,6430,14932,2.322,1.0
soja,2021,2021/2022,Jujuy,Palpalá,144,144,374,2.597,1.0
soja,2021,2021/2022,Entre Ríos,Colón,26000,25700,55210,2.148,0.988
soja,2021,2021/2022,Entre Ríos,Federación,9850,9850,20065,2.037,1.0
soja,2021,2021/2022,Entre Ríos,Paraná,134500,134500,311950,2.319,1.0
soja,2021,2021/2022,Corrientes,Sauce,1875,1875,2613,1.394,1.0
soja,2021,2021/2022,Entre Ríos,Federal,30000,30000,62270,2.076,1.0
soja,2021,2021/2022,Entre Ríos,Diamante,56700,56700,133250,2.35,1.0
soja,2021,2021/2022,Entre Ríos,Concordia,20400,20400,40330,1.977,1.0
soja,2021,2021/2022,Entre Ríos,Nogoyá,100000,99100,224030,2.261,0.991
soja,2021,2021/2022,Entre Ríos,La Paz,101500,101500,212600,2.095,1.0
soja,2021,2021/2022,Entre Ríos,Feliciano,14150,14150,29155,2.06,1.0
soja,2021,2021/2022,Entre Ríos,Gualeguaychú,141000,139650,372985,2.671,0.99
soja,2021,2021/2022,Entre Ríos,Gualeguay,81000,80150,223300,2.786,0.99
soja,2021,2021/2022,Formosa,Bermejo,2540,1100,770,0.7,0.433
soja,2021,2021/2022,Entre Ríos,San Salvador,20500,20400,43380,2.126,0.995
soja,2021,2021/2022,Jujuy,San Pedro,566,566,1472,2.601,1.0
soja,2021,2021/2022,Jujuy,Ledesma,136,136,354,2.603,1.0
soja,2021,2021/2022,Entre Ríos,Tala,55500,54900,128250,2.336,0.989
soja,2021,2021/2022,Entre Ríos,Villaguay,107000,106100,244700,2.306,0.992
soja,2021,2021/2022,Entre Ríos,Victoria,71000,70500,181200,2.57,0.993
soja,2021,2021/2022,Entre Ríos,Uruguay,115000,114000,283080,2.483,0.991
soja,2021,2021/2022,Formosa,Patiño,6480,3950,9085,2.3,0.61
soja,2021,2021/2022,Jujuy,San Antonio,540,540,1404,2.6,1.0
soja,2021,2021/2022,Jujuy,El Carmen,1477,1477,3840,2.6,1.0
soja,2021,2021/2022,Formosa,Laishí,3659,3045,4470,1.468,0.832
soja,2021,2021/2022,Formosa,Pilagás,400,240,504,2.1,0.6
soja,2021,2021/2022,Jujuy,Dr. Manuel Belgrano,288,288,749,2.601,1.0
soja,2021,2021/2022,Formosa,Pirané,6450,4950,12870,2.6,0.767
soja,2021,2021/2022,Formosa,Pilcomayo,650,450,1013,2.251,0.692
soja,2021,2021/2022,La Pampa,Conhelo,34200,33100,82380,2.489,0.968
soja,2021,2021/2022,Misiones,Cainguás,81,47,71,1.511,0.58
soja,2021,2021/2022,Salta,General José de San Martín,52270,52270,79873,1.528,1.0
soja,2021,2021/2022,La Pampa,Atreucó,7400,7400,19050,2.574,1.0
soja,2021,2021/2022,La Pampa,Chapaleufú,91500,87800,321200,3.658,0.96
soja,2021,2021/2022,Salta,Rosario de la Frontera,23294,23125,40327,1.744,0.993
soja,2021,2021/2022,La Pampa,Catriló,27000,27000,79260,2.936,1.0
soja,2021,2021/2022,La Pampa,Capital,14600,14600,29610,2.028,1.0
soja,2021,2021/2022,Misiones,25 de Mayo,1620,960,1440,1.5,0.593
soja,2021,2021/2022,La Pampa,Rancul,61700,58700,162600,2.77,0.951
soja,2021,2021/2022,La Pampa,Quemú Quemú,30400,29000,93100,3.21,0.954
soja,2021,2021/2022,La Pampa,Maracó,58600,52800,168720,3.195,0.901
soja,2021,2021/2022,La Pampa,Utracán,300,300,540,1.8,1.0
soja,2021,2021/2022,La Pampa,Realicó,44700,40500,129210,3.19,0.906
soja,2021,2021/2022,La Pampa,Trenel,18400,17500,44940,2.568,0.951
soja,2021,2021/2022,La Pampa,Toay,4700,4700,10100,2.149,1.0
soja,2021,2021/2022,Salta,General Güemes,3350,3350,5960,1.779,1.0
soja,2021,2021/2022,Misiones,San Pedro,300,174,261,1.5,0.58
soja,2021,2021/2022,Salta,Rivadavia,9500,9500,16150,1.7,1.0
soja,2021,2021/2022,Misiones,General Manuel Belgrano,250,145,218,1.503,0.58
soja,2021,2021/2022,Misiones,Guaraní,1140,630,945,1.5,0.553
soja,2021,2021/2022,Misiones,San Javier,40,30,45,1.5,0.75
soja,2021,2021/2022,Misiones,Oberá,40,30,45,1.5,0.75
soja,2021,2021/2022,Misiones,Leandro N. Alem,30,25,38,1.52,0.833
soja,2021,2021/2022,Salta,Chicoana,220,220,396,1.8,1.0
soja,2021,2021/2022,Salta,Capital,1510,1510,2840,1.881,1.0
soja,2021,2021/2022,Salta,Orán,15296,15296,23075,1.509,1.0
soja,2021,2021/2022,Salta,Anta,171532,170328,298305,1.751,0.993
soja,2021,2021/2022,Salta,Metán,38288,37965,67061,1.766,0.992
soja,2021,2021/2022,Salta,Cerrillos,540,540,990,1.833,1.0
soja,2021,2021/2022,Salta,La Viña,120,120,184,1.533,1.0
soja,2021,2021/2022,Salta,La Candelaria,1310,1310,2110,1.611,1.0
soja,2021,2021/2022,Santa Fe,9 de Julio,135500,135500,311950,2.302,1.0
soja,2021,2021/2022,Tucumán,Cruz Alta,24000,23210,44099,1.9,0.967
soja,2021,2021/2022,Santiago del Estero,Capital,4500,4500,11250,2.5,1.0
soja,2021,2021/2022,Santa Fe,San Lorenzo,109400,106900,216120,2.022,0.977
soja,2021,2021/2022,Santa Fe,San Justo,108785,108785,282841,2.6,1.0
soja,2021,2021/2022,Santa Fe,San Jerónimo,159959,159959,449719,2.811,1.0
soja,2021,2021/2022,San Luis,Libertador General San Martín,2700,2700,6750,2.5,1.0
soja,2021,2021/2022,San Luis,Chacabuco,24000,24000,43200,1.8,1.0
soja,2021,2021/2022,San Luis,Coronel Pringles,50000,50000,119500,2.39,1.0
soja,2021,2021/2022,San Luis,Junín,4700,4700,9630,2.049,1.0
soja,2021,2021/2022,San Luis,General Pedernera,91000,91000,199400,2.191,1.0
soja,2021,2021/2022,San Luis,Gobernador Dupuy,21800,21800,47320,2.171,1.0
soja,2021,2021/2022,San Luis,Juan Martín de Pueyrredón,18500,18500,42550,2.3,1.0
soja,2021,2021/2022,Santa Fe,San Javier,10000,9000,15930,1.77,0.9
soja,2021,2021/2022,Santa Fe,General López,520000,520000,1813500,3.488,1.0
soja,2021,2021/2022,Santiago del Estero,Belgrano,114075,114075,365040,3.2,1.0
soja,2021,2021/2022,Santa Fe,Belgrano,159384,159384,533706,3.349,1.0
soja,2021,2021/2022,Santa Fe,Garay,3600,3600,9360,2.6,1.0
soja,2021,2021/2022,Santa Fe,Caseros,198200,198200,474120,2.392,1.0
soja,2021,2021/2022,Santa Fe,Villa Constitución,186500,183500,371330,2.024,0.984
soja,2021,2021/2022,Santa Fe,Castellanos,283584,283384,976872,3.447,0.999
soja,2021,2021/2022,Santa Fe,San Cristóbal,140291,140291,397720,2.835,1.0
soja,2021,2021/2022,Santa Fe,Iriondo,190441,190441,600598,3.154,1.0
soja,2021,2021/2022,Santiago del Estero,Banda,4500,4500,11250,2.5,1.0
soja,2021,2021/2022,Santa Fe,General Obligado,71000,62600,89060,1.423,0.882
soja,2021,2021/2022,Santiago del Estero,Avellaneda,3600,3600,10440,2.9,1.0
soja,2021,2021/2022,Santa Fe,Rosario,73300,69300,122560,1.769,0.945
soja,2021,2021/2022,Santa Fe,Las Colonias,193960,193960,635877,3.278,1.0
soja,2021,2021/2022,Santa Fe,La Capital,33100,33100,83650,2.527,1.0
soja,2021,2021/2022,Tucumán,Chicligasta,450,450,1035,2.3,1.0
soja,2021,2021/2022,Santiago del Estero,Rivadavia,16290,16290,52119,3.199,1.0
soja,2021,2021/2022,Santiago del Estero,General Taboada,197300,197300,631360,3.2,1.0
soja,2021,2021/2022,Santiago del Estero,Guasayán,7500,7500,18750,2.5,1.0
soja,2021,2021/2022,Santiago del Estero,Figueroa,3500,3500,8750,2.5,1.0
soja,2021,2021/2022,Santiago del Estero,Copo,10200,10200,30530,2.993,1.0
soja,2021,2021/2022,Santiago del Estero,Choya,6500,6500,16250,2.5,1.0
soja,2021,2021/2022,Santiago del Estero,Loreto,2500,2500,6250,2.5,1.0
soja,2021,2021/2022,Santiago del Estero,Río Hondo,15500,15500,38750,2.5,1.0
soja,2021,2021/2022,Santiago del Estero,Juan F. Ibarra,73900,73900,240990,3.261,1.0
soja,2021,2021/2022,Santiago del Estero,Jiménez,87000,87000,217500,2.5,1.0
soja,2021,2021/2022,Santiago del Estero,Pellegrini,61500,61500,153750,2.5,1.0
soja,2021,2021/2022,Santiago del Estero,Mitre,12000,12000,30000,2.5,1.0
soja,2021,2021/2022,Santiago del Estero,Moreno,290600,290600,976160,3.359,1.0
soja,2021,2021/2022,Tucumán,Capital,50,50,110,2.2,1.0
soja,2021,2021/2022,Tucumán,Burruyacú,60000,58950,106110,1.8,0.982
soja,2021,2021/2022,Tucumán,Famaillá,400,400,920,2.3,1.0
soja,2021,2021/2022,Tucumán,Yerba Buena,50,50,110,2.2,1.0
soja,2021,2021/2022,Santiago del Estero,Silípica,4000,4000,10000,2.5,1.0
soja,2021,2021/2022,Santiago del Estero,Robles,4500,4500,11250,2.5,1.0
soja,2021,2021/2022,Santiago del Estero,Sarmiento,800,800,2240,2.8,1.0
soja,2021,2021/2022,Santiago del Estero,San Martín,6000,6000,15000,2.5,1.0
soja,2021,2021/2022,Tucumán,La Cocha,19700,18680,34446,1.844,0.948
soja,2021,2021/2022,Tucumán,Tafí Viejo,180,180,360,2.0,1.0
soja,2021,2021/2022,Tucumán,Juan Bautista Alberdi,12100,11510,22337,1.941,0.951
soja,2021,2021/2022,Tucumán,Graneros,16500,15720,26724,1.7,0.953
soja,2021,2021/2022,Tucumán,Leales,16000,15410,27738,1.8,0.963
soja,2021,2021/2022,Tucumán,Simoca,2500,2480,4960,2.0,0.992
soja,2021,2021/2022,Tucumán,Río Chico,300,300,660,2.2,1.0
soja,2021,2021/2022,Tucumán,Monteros,400,400,920,2.3,1.0
soja,2021,2021/2022,Tucumán,Lules,600,600,1440,2.4,1.0
soja,2021,2021/2022,Buenos Aires,Chivilcoy,92804,85514,266428,3.116,0.921
soja,2021,2021/2022,Buenos Aires,Chascomús,23400,22400,64480,2.879,0.957
soja,2022,2022/2023,Buenos Aires,Rauch,7050,7050,10750,1.525,1.0
soja,2022,2022/2023,Buenos Aires,Pellegrini,37000,37000,101800,2.751,1.0
soja,2022,2022/2023,Buenos Aires,Pehuajó,110602,75102,141715,1.887,0.679
soja,2022,2022/2023,Buenos Aires,Ramallo,50110,36860,58074,1.576,0.736
soja,2022,2022/2023,Buenos Aires,Olavarría,48000,48000,93080,1.939,1.0
soja,2022,2022/2023,Buenos Aires,Punta Indio,490,180,288,1.6,0.367
soja,2022,2022/2023,Buenos Aires,Necochea,103221,103221,231453,2.242,1.0
soja,2022,2022/2023,Buenos Aires,Puán,1000,800,1440,1.8,0.8
soja,2022,2022/2023,Buenos Aires,Navarro,27754,27407,52569,1.918,0.987
soja,2022,2022/2023,Buenos Aires,9 de Julio,172000,162000,222014,1.37,0.942
soja,2022,2022/2023,Buenos Aires,Pilar,1580,580,880,1.517,0.367
soja,2022,2022/2023,Buenos Aires,25 de Mayo,161394,158413,245397,1.549,0.982
soja,2022,2022/2023,Buenos Aires,Monte,32524,32127,63073,1.963,0.988
soja,2022,2022/2023,Buenos Aires,Coronel Dorrego,24091,24091,53000,2.2,1.0
soja,2022,2022/2023,Buenos Aires,Florentino Ameghino,46000,41780,67396,1.613,0.908
soja,2022,2022/2023,Buenos Aires,Brandsen,480,80,128,1.6,0.167
soja,2022,2022/2023,Buenos Aires,Adolfo Gonzales Chaves,67436,67436,168590,2.5,1.0
soja,2022,2022/2023,Buenos Aires,Pila,11100,11100,15600,1.405,1.0
soja,2022,2022/2023,Buenos Aires,Alberti,60000,35900,45409,1.265,0.598
soja,2022,2022/2023,Buenos Aires,Adolfo Alsina,64000,64000,157200,2.456,1.0
soja,2022,2022/2023,Buenos Aires,Azul,112480,112480,248464,2.209,1.0
soja,2022,2022/2023,Buenos Aires,Bragado,114000,98300,136824,1.392,0.862
soja,2022,2022/2023,Buenos Aires,Ayacucho,19800,19800,27900,1.409,1.0
soja,2022,2022/2023,Buenos Aires,Arrecifes,76187,44987,78125,1.737,0.59
soja,2022,2022/2023,Buenos Aires,Bolívar,83000,83000,176590,2.128,1.0
soja,2022,2022/2023,Buenos Aires,Balcarce,58470,58470,144153,2.465,1.0
soja,2022,2022/2023,Buenos Aires,Benito Juárez,52310,52310,106514,2.036,1.0
soja,2022,2022/2023,Buenos Aires,Baradero,50334,34534,51486,1.491,0.686
soja,2022,2022/2023,Buenos Aires,Carmen de Areco,43000,40300,49740,1.234,0.937
soja,2022,2022/2023,Buenos Aires,Campana,5400,4500,7375,1.639,0.833
soja,2022,2022/2023,Buenos Aires,Colón,56141,43641,84196,1.929,0.777
soja,2022,2022/2023,Buenos Aires,Exaltación de la Cruz,16800,12300,21090,1.715,0.732
soja,2022,2022/2023,Buenos Aires,Cañuelas,3900,1900,2750,1.447,0.487
soja,2022,2022/2023,Buenos Aires,Carlos Tejedor,66200,48900,87220,1.784,0.739
soja,2022,2022/2023,Buenos Aires,Carlos Casares,78100,55600,110180,1.982,0.712
soja,2022,2022/2023,Buenos Aires,Capitán Sarmiento,25694,18444,30063,1.63,0.718
soja,2022,2022/2023,Buenos Aires,Chivilcoy,109000,63000,99476,1.579,0.578
soja,2022,2022/2023,Buenos Aires,Chacabuco,106000,100000,159200,1.592,0.943
soja,2022,2022/2023,Buenos Aires,Dolores,900,900,1800,2.0,1.0
soja,2022,2022/2023,Buenos Aires,Castelli,6700,6700,9800,1.463,1.0
soja,2022,2022/2023,Buenos Aires,Daireaux,87000,87000,176800,2.032,1.0
soja,2022,2022/2023,Buenos Aires,Chascomús,26000,20500,29200,1.424,0.788
soja,2022,2022/2023,Buenos Aires,Coronel Suárez,100000,99500,233350,2.345,0.995
soja,2022,2022/2023,Buenos Aires,Coronel Pringles,21343,21343,41267,1.934,1.0
soja,2022,2022/2023,Buenos Aires,Pergamino,163102,131202,243636,1.857,0.804
soja,2022,2022/2023,Buenos Aires,Mercedes,23600,2000,1966,0.983,0.085
soja,2022,2022/2023,Buenos Aires,General Villegas,269000,255030,521411,2.045,0.948
soja,2022,2022/2023,Buenos Aires,General Belgrano,26811,26244,41175,1.569,0.979
soja,2022,2022/2023,Buenos Aires,General Guido,2200,2200,3200,1.455,1.0
soja,2022,2022/2023,Buenos Aires,General Alvarado,41109,41109,109665,2.668,1.0
soja,2022,2022/2023,Buenos Aires,General Arenales,80000,74000,107200,1.449,0.925
soja,2022,2022/2023,Buenos Aires,General Alvear,18000,18000,37680,2.093,1.0
soja,2022,2022/2023,Buenos Aires,General Las Heras,5200,1200,1800,1.5,0.231
soja,2022,2022/2023,Buenos Aires,General Viamonte,84000,78790,140002,1.777,0.938
soja,2022,2022/2023,Buenos Aires,General La Madrid,40000,39000,80000,2.051,0.975
soja,2022,2022/2023,Buenos Aires,General Juan Madariaga,10600,10600,28340,2.674,1.0
soja,2022,2022/2023,Buenos Aires,General Paz,5450,3950,5420,1.372,0.725
soja,2022,2022/2023,Buenos Aires,General Rodríguez,5800,2850,4380,1.537,0.491
soja,2022,2022/2023,Buenos Aires,General Pueyrredón,18319,18319,52504,2.866,1.0
soja,2022,2022/2023,Buenos Aires,General Pinto,81000,73740,139654,1.894,0.91
soja,2022,2022/2023,Buenos Aires,Hipólito Yrigoyen,63000,63000,125760,1.996,1.0
soja,2022,2022/2023,Buenos Aires,Marcos Paz,7580,2080,2788,1.34,0.274
soja,2022,2022/2023,Buenos Aires,Las Flores,20279,19892,29548,1.485,0.981
soja,2022,2022/2023,Buenos Aires,Guaminí,56000,56000,140400,2.507,1.0
soja,2022,2022/2023,Buenos Aires,Laprida,9972,9972,19944,2.0,1.0
soja,2022,2022/2023,Buenos Aires,Junín,98000,92000,143200,1.557,0.939
soja,2022,2022/2023,Buenos Aires,La Plata,520,280,430,1.536,0.538
soja,2022,2022/2023,Buenos Aires,Lobería,99957,99957,234550,2.347,1.0
soja,2022,2022/2023,Buenos Aires,Mar Chiquita,11900,11900,28860,2.425,1.0
soja,2022,2022/2023,Buenos Aires,Lincoln,155000,143330,245934,1.716,0.925
soja,2022,2022/2023,Buenos Aires,Leandro N. Alem,63000,58620,89432,1.526,0.93
soja,2022,2022/2023,Buenos Aires,Maipú,7600,7600,16520,2.174,1.0
soja,2022,2022/2023,Buenos Aires,Lobos,28150,27653,47129,1.704,0.982
soja,2022,2022/2023,Buenos Aires,Magdalena,3070,820,1312,1.6,0.267
soja,2022,2022/2023,Buenos Aires,Luján,14700,8500,12880,1.515,0.578
soja,2022,2022/2023,Santa Fe,Las Colonias,192183,165783,372304,2.246,0.863
soja,2022,2022/2023,Chaco,Fray Justo Santa María de Oro,11200,10046,18269,1.819,0.897
soja,2022,2022/2023,Buenos Aires,San Andrés de Giles,49000,45100,63680,1.412,0.92
soja,2022,2022/2023,La Pampa,Conhelo,27400,24900,38440,1.544,0.909
soja,2022,2022/2023,Santa Fe,La Capital,32400,27400,41900,1.529,0.846
soja,2022,2022/2023,Santa Fe,General López,530000,460000,672000,1.461,0.868
soja,2022,2022/2023,Entre Ríos,Feliciano,12000,10600,13156,1.241,0.883
soja,2022,2022/2023,Santa Fe,General Obligado,72900,68950,61408,0.891,0.946
soja,2022,2022/2023,Chaco,San Lorenzo,800,740,1316,1.778,0.925
soja,2022,2022/2023,Santa Fe,Iriondo,188776,173776,282999,1.629,0.921
soja,2022,2022/2023,Buenos Aires,Salto,110324,84624,186812,2.208,0.767
soja,2022,2022/2023,Buenos Aires,Rivadavia,138048,96448,215510,2.234,0.699
soja,2022,2022/2023,Buenos Aires,Salliqueló,26000,26000,68800,2.646,1.0
soja,2022,2022/2023,Buenos Aires,Saladillo,75476,74156,115310,1.555,0.983
soja,2022,2022/2023,Buenos Aires,Rojas,102000,96000,151200,1.575,0.941
soja,2022,2022/2023,Buenos Aires,Saavedra,12000,11800,20040,1.698,0.983
soja,2022,2022/2023,Buenos Aires,Roque Pérez,33876,33429,63008,1.885,0.987
soja,2022,2022/2023,Chaco,San Fernando,200,180,342,1.9,0.9
soja,2022,2022/2023,Buenos Aires,Zárate,18100,12050,20525,1.703,0.666
soja,2022,2022/2023,Chaco,Comandante Fernández,30000,27000,24300,0.9,0.9
soja,2022,2022/2023,Buenos Aires,San Vicente,610,240,384,1.6,0.393
soja,2022,2022/2023,Buenos Aires,San Pedro,42689,27784,45166,1.626,0.651
soja,2022,2022/2023,Buenos Aires,San Antonio de Areco,41505,24105,32639,1.354,0.581
soja,2022,2022/2023,Buenos Aires,San Nicolás,28628,20928,30706,1.467,0.731
soja,2022,2022/2023,Buenos Aires,San Cayetano,50913,50913,125753,2.47,1.0
soja,2022,2022/2023,Buenos Aires,Tres Lomas,27000,27000,75000,2.778,1.0
soja,2022,2022/2023,Buenos Aires,Tapalqué,3200,3200,7530,2.353,1.0
soja,2022,2022/2023,Buenos Aires,Tandil,121590,121590,277054,2.279,1.0
soja,2022,2022/2023,Buenos Aires,Suipacha,25500,5500,4950,0.9,0.216
soja,2022,2022/2023,Buenos Aires,Tordillo,850,850,1700,2.0,1.0
soja,2022,2022/2023,Buenos Aires,Tres Arroyos,83704,83704,209260,2.5,1.0
soja,2022,2022/2023,Buenos Aires,Trenque Lauquen,147087,118587,272522,2.298,0.806
soja,2022,2022/2023,Buenos Aires,Tornquist,2000,1800,3240,1.8,0.9
soja,2022,2022/2023,Chaco,Chacabuco,58300,52800,95840,1.815,0.906
soja,2022,2022/2023,Chaco,9 de Julio,51124,45996,99794,2.17,0.9
soja,2022,2022/2023,Chaco,Quitilipi,1900,1730,1985,1.147,0.911
soja,2022,2022/2023,Chaco,2 de Abril,35900,32810,60089,1.831,0.914
soja,2022,2022/2023,Catamarca,El Alto,1800,1490,1937,1.3,0.828
soja,2022,2022/2023,Chaco,12 de Octubre,75000,67890,136524,2.011,0.905
soja,2022,2022/2023,Catamarca,Santa Rosa,40600,39860,62011,1.556,0.982
soja,2022,2022/2023,Chaco,General Belgrano,33300,30170,73845,2.448,0.906
soja,2022,2022/2023,Chaco,Almirante Brown,138000,138000,273900,1.985,1.0
soja,2022,2022/2023,Chaco,General Güemes,21000,21000,26900,1.281,1.0
soja,2022,2022/2023,Chaco,O'Higgins,43600,38530,77488,2.011,0.884
soja,2022,2022/2023,Chaco,Independencia,50000,44900,78120,1.74,0.898
soja,2022,2022/2023,Chaco,Mayor Luis J. Fontana,19400,17550,33975,1.936,0.905
soja,2022,2022/2023,Chaco,Maipú,30000,29510,52427,1.777,0.984
soja,2022,2022/2023,Chaco,Libertador General San Martín,2500,2100,1410,0.671,0.84
soja,2022,2022/2023,Córdoba,Río Cuarto,743500,743500,878100,1.181,1.0
soja,2022,2022/2023,Córdoba,Colón,65652,60202,109344,1.816,0.917
soja,2022,2022/2023,La Pampa,Chapaleufú,101500,96400,204800,2.124,0.95
soja,2022,2022/2023,Córdoba,Capital,8500,7600,9076,1.194,0.894
soja,2022,2022/2023,Córdoba,Calamuchita,40950,40950,44685,1.091,1.0
soja,2022,2022/2023,Entre Ríos,Federal,24600,21100,29615,1.404,0.858
soja,2022,2022/2023,Chaco,Sargento Cabral,900,770,770,1.0,0.856
soja,2022,2022/2023,Corrientes,San Miguel,1600,1600,2400,1.5,1.0
soja,2022,2022/2023,Córdoba,Presidente Roque Sáenz Peña,263126,263126,650046,2.47,1.0
soja,2022,2022/2023,Córdoba,General San Martín,144000,112000,108400,0.968,0.778
soja,2022,2022/2023,Córdoba,General Roca,355072,355072,768488,2.164,1.0
soja,2022,2022/2023,Córdoba,Cruz del Eje,6000,5000,5500,1.1,0.833
soja,2022,2022/2023,Córdoba,Pocho,2000,2000,2400,1.2,1.0
soja,2022,2022/2023,Córdoba,Ischilín,7200,6810,9125,1.34,0.946
soja,2022,2022/2023,Córdoba,Marcos Juárez,426726,407926,857102,2.101,0.956
soja,2022,2022/2023,Córdoba,Juárez Celman,315050,315050,363260,1.153,1.0
soja,2022,2022/2023,Córdoba,Río Seco,71713,69742,89637,1.285,0.973
soja,2022,2022/2023,Corrientes,Saladas,400,400,600,1.5,1.0
soja,2022,2022/2023,Córdoba,Santa María,89300,70800,84240,1.19,0.793
soja,2022,2022/2023,Córdoba,Río Primero,235575,229175,405515,1.769,0.973
soja,2022,2022/2023,Córdoba,Río Segundo,214000,171000,200000,1.17,0.799
soja,2022,2022/2023,Córdoba,San Justo,431995,420095,630100,1.5,0.972
soja,2022,2022/2023,Córdoba,San Javier,11700,11700,20000,1.709,1.0
soja,2022,2022/2023,Córdoba,San Alberto,2000,2000,2000,1.0,1.0
soja,2022,2022/2023,Córdoba,Tulumba,56238,53588,79892,1.491,0.953
soja,2022,2022/2023,Corrientes,Mercedes,200,200,300,1.5,1.0
soja,2022,2022/2023,Córdoba,Totoral,93387,86597,128453,1.483,0.927
soja,2022,2022/2023,Córdoba,Tercero Arriba,214000,172000,221200,1.286,0.804
soja,2022,2022/2023,Córdoba,Unión,400350,377450,597450,1.583,0.943
soja,2022,2022/2023,Corrientes,Ituzaingó,450,450,675,1.5,1.0
soja,2022,2022/2023,Corrientes,Esquina,170,170,255,1.5,1.0
soja,2022,2022/2023,Corrientes,Curuzu Cuatia,955,955,1233,1.291,1.0
soja,2022,2022/2023,Entre Ríos,Victoria,68000,40500,37770,0.933,0.596
soja,2022,2022/2023,Entre Ríos,Federación,8100,7200,9960,1.383,0.889
soja,2022,2022/2023,Entre Ríos,Diamante,39300,34500,38988,1.13,0.878
soja,2022,2022/2023,Entre Ríos,Concordia,16700,14100,17798,1.262,0.844
soja,2022,2022/2023,La Pampa,Catriló,40370,40370,91644,2.27,1.0
soja,2022,2022/2023,Entre Ríos,Colón,25500,16500,13475,0.817,0.647
soja,2022,2022/2023,Corrientes,Sauce,2075,2075,2813,1.355,1.0
soja,2022,2022/2023,Corrientes,San Roque,150,150,225,1.5,1.0
soja,2022,2022/2023,Entre Ríos,Uruguay,102000,64000,53400,0.834,0.627
soja,2022,2022/2023,Entre Ríos,La Paz,91000,80000,89180,1.115,0.879
soja,2022,2022/2023,Entre Ríos,Gualeguaychú,134000,83000,76520,0.922,0.619
soja,2022,2022/2023,Entre Ríos,Gualeguay,81000,50000,41160,0.823,0.617
soja,2022,2022/2023,Entre Ríos,Tala,53000,33000,27600,0.836,0.623
soja,2022,2022/2023,Entre Ríos,Nogoyá,90000,53000,46860,0.884,0.589
soja,2022,2022/2023,Entre Ríos,San Salvador,20000,8500,7050,0.829,0.425
soja,2022,2022/2023,Entre Ríos,Paraná,103300,90800,98220,1.082,0.879
soja,2022,2022/2023,Formosa,Pirané,7300,7300,14330,1.963,1.0
soja,2022,2022/2023,Formosa,Bermejo,500,500,1000,2.0,1.0
soja,2022,2022/2023,La Pampa,Capital,14380,14380,25976,1.806,1.0
soja,2022,2022/2023,Entre Ríos,Villaguay,105000,47000,34200,0.728,0.448
soja,2022,2022/2023,Formosa,Laishí,4100,4100,7660,1.868,1.0
soja,2022,2022/2023,Formosa,Pilcomayo,420,420,840,2.0,1.0
soja,2022,2022/2023,Formosa,Pilagás,800,800,1600,2.0,1.0
soja,2022,2022/2023,Formosa,Patiño,2400,2400,4620,1.925,1.0
soja,2022,2022/2023,Jujuy,Ledesma,914,914,1371,1.5,1.0
soja,2022,2022/2023,La Pampa,Atreucó,4900,4900,9530,1.945,1.0
soja,2022,2022/2023,Jujuy,El Carmen,1128,1128,1691,1.5,1.0
soja,2022,2022/2023,Jujuy,Dr. Manuel Belgrano,288,288,432,1.5,1.0
soja,2022,2022/2023,Jujuy,Palpalá,144,144,216,1.5,1.0
soja,2022,2022/2023,Jujuy,Santa Bárbara,3604,3604,5406,1.5,1.0
soja,2022,2022/2023,Jujuy,San Pedro,867,867,1301,1.5,1.0
soja,2022,2022/2023,Jujuy,San Antonio,855,855,1282,1.5,1.0
soja,2022,2022/2023,Tucumán,Tafí Viejo,180,180,270,1.5,1.0
soja,2022,2022/2023,Santa Fe,Rosario,66000,43000,48576,1.13,0.652
soja,2022,2022/2023,Santa Fe,San Cristóbal,126075,110175,149980,1.361,0.874
soja,2022,2022/2023,Santiago del Estero,Copo,20200,20200,51795,2.564,1.0
soja,2022,2022/2023,Santa Fe,Garay,3750,3350,5110,1.525,0.893
soja,2022,2022/2023,Salta,La Candelaria,1930,1930,3135,1.624,1.0
soja,2022,2022/2023,Santa Fe,Villa Constitución,183000,139000,158260,1.139,0.76
soja,2022,2022/2023,Misiones,25 de Mayo,1890,1890,4347,2.3,1.0
soja,2022,2022/2023,La Pampa,Quemú Quemú,47800,45500,79200,1.741,0.952
soja,2022,2022/2023,La Pampa,Utracán,1000,1000,1200,1.2,1.0
soja,2022,2022/2023,La Pampa,Maracó,76100,72300,135240,1.871,0.95
soja,2022,2022/2023,La Pampa,Rancul,56200,50600,79760,1.576,0.9
soja,2022,2022/2023,La Pampa,Trenel,17900,16400,24040,1.466,0.916
soja,2022,2022/2023,La Pampa,Toay,3700,3700,5350,1.446,1.0
soja,2022,2022/2023,La Pampa,Realicó,39800,35800,64240,1.794,0.899
soja,2022,2022/2023,Misiones,San Javier,42,42,97,2.3,1.0
soja,2022,2022/2023,Misiones,General Manuel Belgrano,263,263,604,2.3,1.0
soja,2022,2022/2023,Salta,La Caldera,84,84,130,1.543,1.0
soja,2022,2022/2023,Misiones,Cainguás,95,95,217,2.3,1.0
soja,2022,2022/2023,Misiones,Oberá,42,42,97,2.3,1.0
soja,2022,2022/2023,Misiones,Guaraní,1260,1260,2898,2.3,1.0
soja,2022,2022/2023,Misiones,Montecarlo,50,50,115,2.3,1.0
soja,2022,2022/2023,Misiones,Leandro N. Alem,32,32,72,2.3,1.0
soja,2022,2022/2023,Salta,Capital,1541,1541,2572,1.669,1.0
soja,2022,2022/2023,Salta,Guachipas,25,25,40,1.6,1.0
soja,2022,2022/2023,Salta,Anta,170770,170770,302009,1.769,1.0
soja,2022,2022/2023,Misiones,San Pedro,315,315,725,2.3,1.0
soja,2022,2022/2023,Salta,General José de San Martín,52489,52089,76212,1.463,0.992
soja,2022,2022/2023,Salta,Cerrillos,1022,1022,1503,1.47,1.0
soja,2022,2022/2023,Salta,General Güemes,3957,3957,6140,1.552,1.0
soja,2022,2022/2023,Salta,Chicoana,660,660,996,1.509,1.0
soja,2022,2022/2023,San Luis,Libertador General San Martín,3000,2000,1800,0.9,0.667
soja,2022,2022/2023,Santa Fe,Castellanos,306328,265428,595297,2.243,0.866
soja,2022,2022/2023,Santiago del Estero,Choya,7000,7000,10500,1.5,1.0
soja,2022,2022/2023,Salta,Rivadavia,9575,9575,16263,1.698,1.0
soja,2022,2022/2023,Salta,La Viña,120,120,184,1.533,1.0
soja,2022,2022/2023,Salta,Rosario de la Frontera,23834,23834,41488,1.741,1.0
soja,2022,2022/2023,Salta,Orán,12356,12356,17724,1.434,1.0
soja,2022,2022/2023,Salta,Metán,30590,30590,53192,1.739,1.0
soja,2022,2022/2023,San Luis,Chacabuco,27000,19000,19000,1.0,0.704
soja,2022,2022/2023,San Luis,Junín,5300,4900,15420,3.147,0.925
soja,2022,2022/2023,San Luis,Ayacucho,4600,4600,13300,2.891,1.0
soja,2022,2022/2023,Salta,Rosario de Lerma,708,708,1087,1.535,1.0
soja,2022,2022/2023,San Luis,Coronel Pringles,50500,44000,57200,1.3,0.871
soja,2022,2022/2023,San Luis,Juan Martín de Pueyrredón,23000,22000,37400,1.7,0.957
soja,2022,2022/2023,San Luis,Gobernador Dupuy,24000,23000,39100,1.7,0.958
soja,2022,2022/2023,San Luis,General Pedernera,85000,77000,130900,1.7,0.906
soja,2022,2022/2023,Santa Fe,Caseros,195000,165000,243700,1.477,0.846
soja,2022,2022/2023,Santa Fe,Belgrano,137042,122042,209865,1.72,0.891
soja,2022,2022/2023,Santiago del Estero,Capital,5000,5000,7500,1.5,1.0
soja,2022,2022/2023,Santa Fe,San Lorenzo,116000,90000,123948,1.377,0.776
soja,2022,2022/2023,Santa Fe,9 de Julio,127800,121410,204345,1.683,0.95
soja,2022,2022/2023,Santa Fe,San Justo,116372,103972,155900,1.499,0.893
soja,2022,2022/2023,Santa Fe,San Jerónimo,142720,122720,149894,1.221,0.86
soja,2022,2022/2023,Santa Fe,San Javier,23000,21400,16920,0.791,0.93
soja,2022,2022/2023,Santiago del Estero,Aguirre,30500,30500,73900,2.423,1.0
soja,2022,2022/2023,Santiago del Estero,Belgrano,125250,125250,343530,2.743,1.0
soja,2022,2022/2023,Santa Fe,Vera,44100,39700,26340,0.663,0.9
soja,2022,2022/2023,Santa Fe,San Martín,269761,229761,310924,1.353,0.852
soja,2022,2022/2023,Santiago del Estero,Banda,5000,5000,7500,1.5,1.0
soja,2022,2022/2023,Santiago del Estero,Alberdi,122455,122455,334028,2.728,1.0
soja,2022,2022/2023,Santiago del Estero,Avellaneda,5600,5600,14392,2.57,1.0
soja,2022,2022/2023,Santiago del Estero,Atamisqui,500,500,750,1.5,1.0
soja,2022,2022/2023,Santiago del Estero,Río Hondo,15500,15500,23250,1.5,1.0
soja,2022,2022/2023,Tucumán,Río Chico,400,400,760,1.9,1.0
soja,2022,2022/2023,Tucumán,Simoca,2800,2800,4200,1.5,1.0
soja,2022,2022/2023,Santiago del Estero,Guasayán,8000,8000,12000,1.5,1.0
soja,2022,2022/2023,Santiago del Estero,Jiménez,85000,85000,147500,1.735,1.0
soja,2022,2022/2023,Santiago del Estero,Figueroa,4500,4500,6750,1.5,1.0
soja,2022,2022/2023,Santiago del Estero,General Taboada,200800,200800,522368,2.601,1.0
soja,2022,2022/2023,Santiago del Estero,Quebrachos,2500,2500,3750,1.5,1.0
soja,2022,2022/2023,Santiago del Estero,Mitre,13000,13000,19500,1.5,1.0
soja,2022,2022/2023,Santiago del Estero,Loreto,3000,3000,4500,1.5,1.0
soja,2022,2022/2023,Santiago del Estero,Juan F. Ibarra,77905,77905,215313,2.764,1.0
soja,2022,2022/2023,Santiago del Estero,Pellegrini,61500,61500,100200,1.629,1.0
soja,2022,2022/2023,Santiago del Estero,Ojo de Agua,6500,6500,9750,1.5,1.0
soja,2022,2022/2023,Santiago del Estero,Moreno,290600,290600,830100,2.857,1.0
soja,2022,2022/2023,Tucumán,Capital,50,50,75,1.5,1.0
soja,2022,2022/2023,Santiago del Estero,Robles,5000,5000,7500,1.5,1.0
soja,2022,2022/2023,Tucumán,Monteros,500,500,950,1.9,1.0
soja,2022,2022/2023,Santiago del Estero,Rivadavia,21390,21390,56896,2.66,1.0
soja,2022,2022/2023,Tucumán,Burruyacú,63400,62080,80704,1.3,0.979
soja,2022,2022/2023,Santiago del Estero,San Martín,8000,8000,12000,1.5,1.0
soja,2022,2022/2023,Santiago del Estero,Silípica,4000,4000,6000,1.5,1.0
soja,2022,2022/2023,Santiago del Estero,Sarmiento,800,800,2160,2.7,1.0
soja,2022,2022/2023,Tucumán,Famaillá,800,800,1440,1.8,1.0
soja,2022,2022/2023,Tucumán,Lules,1200,1200,2400,2.0,1.0
soja,2022,2022/2023,Tucumán,Cruz Alta,26100,25750,38625,1.5,0.987
soja,2022,2022/2023,Tucumán,Chicligasta,950,950,1615,1.7,1.0
soja,2022,2022/2023,Tucumán,Leales,27800,27210,35373,1.3,0.979
soja,2022,2022/2023,Tucumán,Graneros,18000,17540,24556,1.4,0.974
soja,2022,2022/2023,Tucumán,La Cocha,20600,20240,30360,1.5,0.983
soja,2022,2022/2023,Tucumán,Juan Bautista Alberdi,2100,2100,3780,1.8,1.0
soja,2023,2023/2024,Buenos Aires,25 de Mayo,151832,149214,373187,2.501,0.983
soja,2023,2023/2024,Buenos Aires,General Juan Madariaga,11600,11600,31069,2.678,1.0
soja,2023,2023/2024,Santiago del Estero,Mitre,13000,12902,48848,3.786,0.992
soja,2023,2023/2024,Santiago del Estero,Moreno,275300,266000,616620,2.318,0.966
soja,2023,2023/2024,Buenos Aires,General Guido,3000,3000,5250,1.75,1.0
soja,2023,2023/2024,Buenos Aires,General Belgrano,25860,25367,69203,2.728,0.981
soja,2023,2023/2024,Buenos Aires,Adolfo Alsina,65000,65000,172500,2.654,1.0
soja,2023,2023/2024,Buenos Aires,General Arenales,84000,84000,273600,3.257,1.0
soja,2023,2023/2024,Buenos Aires,Carlos Casares,72021,72021,226805,3.149,1.0
soja,2023,2023/2024,Buenos Aires,Balcarce,78943,78943,188428,2.387,1.0
soja,2023,2023/2024,Buenos Aires,9 de Julio,166846,165566,540640,3.265,0.992
soja,2023,2023/2024,Buenos Aires,Arrecifes,67662,67662,240160,3.549,1.0
soja,2023,2023/2024,Buenos Aires,Azul,96673,96673,252776,2.615,1.0
soja,2023,2023/2024,Buenos Aires,Ayacucho,17500,17500,35300,2.017,1.0
soja,2023,2023/2024,Buenos Aires,Bolívar,96000,96000,270000,2.813,1.0
soja,2023,2023/2024,Buenos Aires,Baradero,60112,60112,206947,3.443,1.0
soja,2023,2023/2024,Buenos Aires,Capitán Sarmiento,29838,29838,108742,3.644,1.0
soja,2023,2023/2024,Buenos Aires,Benito Juárez,72950,72950,181645,2.49,1.0
soja,2023,2023/2024,Buenos Aires,Cañuelas,3250,2450,7370,3.008,0.754
soja,2023,2023/2024,Buenos Aires,Bragado,102538,101787,328852,3.231,0.993
soja,2023,2023/2024,Buenos Aires,Campana,6500,6500,21850,3.362,1.0
soja,2023,2023/2024,Buenos Aires,Brandsen,500,200,490,2.45,0.4
soja,2023,2023/2024,Buenos Aires,Carmen de Areco,40500,40500,113250,2.796,1.0
soja,2023,2023/2024,Buenos Aires,General Alvear,21000,20500,58200,2.839,0.976
soja,2023,2023/2024,Buenos Aires,Colón,51421,51421,205647,3.999,1.0
soja,2023,2023/2024,Buenos Aires,Carlos Tejedor,65400,65400,175190,2.679,1.0
soja,2023,2023/2024,Buenos Aires,Chivilcoy,95348,94745,296635,3.131,0.994
soja,2023,2023/2024,Buenos Aires,Castelli,7000,7000,14000,2.0,1.0
soja,2023,2023/2024,Buenos Aires,Chascomús,17700,17000,54000,3.176,0.96
soja,2023,2023/2024,Buenos Aires,Chacabuco,117000,117000,381800,3.263,1.0
soja,2023,2023/2024,Buenos Aires,Coronel Suárez,112083,112083,286799,2.559,1.0
soja,2023,2023/2024,Buenos Aires,Coronel Dorrego,39505,37724,37350,0.99,0.955
soja,2023,2023/2024,Buenos Aires,General Alvarado,47962,47962,111549,2.326,1.0
soja,2023,2023/2024,Buenos Aires,Coronel Pringles,42599,42599,65585,1.54,1.0
soja,2023,2023/2024,Buenos Aires,Florentino Ameghino,41000,38500,114275,2.968,0.939
soja,2023,2023/2024,Buenos Aires,Daireaux,87400,87400,250560,2.867,1.0
soja,2023,2023/2024,Buenos Aires,Exaltación de la Cruz,17900,17900,59450,3.321,1.0
soja,2023,2023/2024,Buenos Aires,Dolores,600,600,1380,2.3,1.0
soja,2023,2023/2024,Entre Ríos,San Salvador,24000,24000,52200,2.175,1.0
soja,2023,2023/2024,Buenos Aires,San Vicente,900,830,2356,2.839,0.922
soja,2023,2023/2024,Buenos Aires,Mar Chiquita,12500,12500,34388,2.751,1.0
soja,2023,2023/2024,Entre Ríos,Nogoyá,115000,115000,291160,2.532,1.0
soja,2023,2023/2024,Buenos Aires,General Villegas,263000,259500,793950,3.06,0.987
soja,2023,2023/2024,Buenos Aires,General Rodríguez,3750,3600,11290,3.136,0.96
soja,2023,2023/2024,Buenos Aires,General Pueyrredón,31711,31711,76858,2.424,1.0
soja,2023,2023/2024,Buenos Aires,General La Madrid,33271,33271,69184,2.079,1.0
soja,2023,2023/2024,Santiago del Estero,Loreto,3000,2945,10348,3.514,0.982
soja,2023,2023/2024,Buenos Aires,Trenque Lauquen,139091,139091,431796,3.104,1.0
soja,2023,2023/2024,Buenos Aires,General Las Heras,2100,1700,4600,2.706,0.81
soja,2023,2023/2024,Buenos Aires,General Pinto,78000,75000,230250,3.07,0.962
soja,2023,2023/2024,Buenos Aires,General Paz,7300,6850,19930,2.909,0.938
soja,2023,2023/2024,Buenos Aires,General Lavalle,100,100,250,2.5,1.0
soja,2023,2023/2024,Buenos Aires,Maipú,7900,7900,18012,2.28,1.0
soja,2023,2023/2024,Buenos Aires,Guaminí,57000,57000,149700,2.626,1.0
soja,2023,2023/2024,Buenos Aires,Laprida,11434,11434,27675,2.42,1.0
soja,2023,2023/2024,Buenos Aires,General Viamonte,80000,79000,234800,2.972,0.988
soja,2023,2023/2024,Buenos Aires,La Plata,450,430,1155,2.686,0.956
soja,2023,2023/2024,Buenos Aires,Junín,99000,99000,308800,3.119,1.0
soja,2023,2023/2024,Buenos Aires,Hipólito Yrigoyen,54500,54500,145400,2.668,1.0
soja,2023,2023/2024,Buenos Aires,Lezama,7500,7200,22666,3.148,0.96
soja,2023,2023/2024,Buenos Aires,Magdalena,2700,2550,6690,2.624,0.944
soja,2023,2023/2024,Buenos Aires,Leandro N. Alem,60000,59200,175150,2.959,0.987
soja,2023,2023/2024,Buenos Aires,Las Flores,26427,25890,64539,2.493,0.98
soja,2023,2023/2024,Buenos Aires,Luján,16000,15400,45760,2.971,0.962
soja,2023,2023/2024,Buenos Aires,Lincoln,150000,146800,458030,3.12,0.979
soja,2023,2023/2024,Buenos Aires,Lobos,31930,31338,76673,2.447,0.981
soja,2023,2023/2024,Buenos Aires,Lobería,141250,141250,304690,2.157,1.0
soja,2023,2023/2024,Buenos Aires,Necochea,128095,128095,257085,2.007,1.0
soja,2023,2023/2024,Buenos Aires,Marcos Paz,4500,4100,11740,2.863,0.911
soja,2023,2023/2024,Buenos Aires,San Pedro,39307,39307,132196,3.363,1.0
soja,2023,2023/2024,Buenos Aires,Navarro,35970,35357,85559,2.42,0.983
soja,2023,2023/2024,Buenos Aires,Ramallo,55945,55945,197146,3.524,1.0
soja,2023,2023/2024,Buenos Aires,Monte,44384,43638,107399,2.461,0.983
soja,2023,2023/2024,Buenos Aires,Mercedes,20035,19898,63367,3.185,0.993
soja,2023,2023/2024,Buenos Aires,Pellegrini,38000,38000,100200,2.637,1.0
soja,2023,2023/2024,Buenos Aires,Punta Indio,450,390,1008,2.585,0.867
soja,2023,2023/2024,Buenos Aires,Pehuajó,114500,114500,363850,3.178,1.0
soja,2023,2023/2024,Buenos Aires,Olavarría,43000,43000,111500,2.593,1.0
soja,2023,2023/2024,Buenos Aires,Pergamino,180224,180224,727252,4.035,1.0
soja,2023,2023/2024,Buenos Aires,Pilar,900,800,2040,2.55,0.889
soja,2023,2023/2024,Buenos Aires,Pila,11200,11200,22784,2.034,1.0
soja,2023,2023/2024,Buenos Aires,Saladillo,70806,69667,192114,2.758,0.984
soja,2023,2023/2024,Buenos Aires,Tordillo,100,100,250,2.5,1.0
soja,2023,2023/2024,Buenos Aires,San Nicolás,32503,32503,113308,3.486,1.0
soja,2023,2023/2024,Buenos Aires,Rauch,6400,6400,13994,2.187,1.0
soja,2023,2023/2024,Buenos Aires,Rivadavia,122378,122378,396749,3.242,1.0
soja,2023,2023/2024,Buenos Aires,Saavedra,7919,7919,12412,1.567,1.0
soja,2023,2023/2024,Buenos Aires,Roque Pérez,40056,39440,103978,2.636,0.985
soja,2023,2023/2024,Buenos Aires,Rojas,113000,113000,383500,3.394,1.0
soja,2023,2023/2024,Buenos Aires,San Cayetano,76730,76730,156676,2.042,1.0
soja,2023,2023/2024,Buenos Aires,Tapalqué,4100,4100,11530,2.812,1.0
soja,2023,2023/2024,Buenos Aires,Salto,106944,106944,417035,3.9,1.0
soja,2023,2023/2024,Buenos Aires,Salliqueló,27000,27000,68400,2.533,1.0
soja,2023,2023/2024,Buenos Aires,Tandil,132309,132309,326803,2.47,1.0
soja,2023,2023/2024,Buenos Aires,San Antonio de Areco,35738,35738,114871,3.214,1.0
soja,2023,2023/2024,Buenos Aires,San Andrés de Giles,48500,48500,152800,3.151,1.0
soja,2023,2023/2024,Buenos Aires,Suipacha,27649,27450,88406,3.221,0.993
soja,2023,2023/2024,Entre Ríos,La Paz,99900,99900,240450,2.407,1.0
soja,2023,2023/2024,Córdoba,General San Martín,164000,164000,377200,2.3,1.0
soja,2023,2023/2024,Córdoba,Cruz del Eje,16500,16500,42660,2.585,1.0
soja,2023,2023/2024,Entre Ríos,Paraná,122400,122400,301830,2.466,1.0
soja,2023,2023/2024,Buenos Aires,Zárate,19250,19250,66250,3.442,1.0
soja,2023,2023/2024,Chaco,Chacabuco,62500,56000,73524,1.313,0.896
soja,2023,2023/2024,Buenos Aires,Tres Lomas,28000,28000,70600,2.521,1.0
soja,2023,2023/2024,Buenos Aires,Tres Arroyos,93722,93722,200691,2.141,1.0
soja,2023,2023/2024,Chaco,Almirante Brown,147500,130500,156050,1.196,0.885
soja,2023,2023/2024,Catamarca,Santa Rosa,42050,41913,129930,3.1,0.997
soja,2023,2023/2024,Catamarca,El Alto,1800,1782,4099,2.3,0.99
soja,2023,2023/2024,Catamarca,Capayán,150,130,156,1.2,0.867
soja,2023,2023/2024,Chaco,9 de Julio,45500,43900,58004,1.321,0.965
soja,2023,2023/2024,Chaco,12 de Octubre,75000,64640,87899,1.36,0.862
soja,2023,2023/2024,Chaco,25 de Mayo,720,450,405,0.9,0.625
soja,2023,2023/2024,Chaco,2 de Abril,39300,34600,45877,1.326,0.88
soja,2023,2023/2024,Chaco,Libertador General San Martín,1200,1000,1500,1.5,0.833
soja,2023,2023/2024,Córdoba,General Roca,315109,315109,785443,2.493,1.0
soja,2023,2023/2024,Córdoba,Colón,67652,67277,218435,3.247,0.994
soja,2023,2023/2024,Chaco,Comandante Fernández,33500,27800,19080,0.686,0.83
soja,2023,2023/2024,Chaco,Fray Justo Santa María de Oro,16850,14970,14706,0.982,0.888
soja,2023,2023/2024,Chaco,Independencia,52000,41300,38055,0.921,0.794
soja,2023,2023/2024,Chaco,General Güemes,26000,17800,13960,0.784,0.685
soja,2023,2023/2024,Chaco,General Belgrano,23000,16280,26426,1.623,0.708
soja,2023,2023/2024,Chaco,O'Higgins,39500,35300,56518,1.601,0.894
soja,2023,2023/2024,Córdoba,Capital,8500,8500,21591,2.54,1.0
soja,2023,2023/2024,Chaco,Mayor Luis J. Fontana,34500,33930,45703,1.347,0.983
soja,2023,2023/2024,Chaco,Maipú,35500,21000,20500,0.976,0.592
soja,2023,2023/2024,Chaco,Quitilipi,2400,2300,3353,1.458,0.958
soja,2023,2023/2024,Córdoba,Calamuchita,36750,36750,110988,3.02,1.0
soja,2023,2023/2024,Chaco,Sargento Cabral,700,500,600,1.2,0.714
soja,2023,2023/2024,Chaco,San Lorenzo,1800,1700,1485,0.874,0.944
soja,2023,2023/2024,Córdoba,Ischilín,7550,7470,21422,2.868,0.989
soja,2023,2023/2024,Córdoba,Totoral,93387,93387,281284,3.012,1.0
soja,2023,2023/2024,Córdoba,Río Cuarto,697200,697200,1954480,2.803,1.0
soja,2023,2023/2024,Entre Ríos,Gualeguaychú,173000,173000,447890,2.589,1.0
soja,2023,2023/2024,Córdoba,Presidente Roque Sáenz Peña,238234,238234,756174,3.174,1.0
soja,2023,2023/2024,Córdoba,Juárez Celman,290750,290750,860426,2.959,1.0
soja,2023,2023/2024,Córdoba,Pocho,2000,2000,5480,2.74,1.0
soja,2023,2023/2024,Córdoba,Marcos Juárez,430300,426100,1759990,4.13,0.99
soja,2023,2023/2024,Córdoba,Río Segundo,219000,219000,548650,2.505,1.0
soja,2023,2023/2024,Córdoba,Tercero Arriba,251000,251000,624300,2.487,1.0
soja,2023,2023/2024,Córdoba,Río Seco,71713,71558,195151,2.727,0.998
soja,2023,2023/2024,Córdoba,Río Primero,235575,235285,801787,3.408,0.999
soja,2023,2023/2024,Córdoba,Santa María,87500,87500,209850,2.398,1.0
soja,2023,2023/2024,Córdoba,San Alberto,2000,2000,6060,3.03,1.0
soja,2023,2023/2024,Córdoba,San Justo,431995,431615,1415025,3.278,0.999
soja,2023,2023/2024,Córdoba,San Javier,11700,11700,35732,3.054,1.0
soja,2023,2023/2024,Entre Ríos,Gualeguay,76000,76000,199150,2.62,1.0
soja,2023,2023/2024,Córdoba,Unión,401900,389500,1465480,3.762,0.969
soja,2023,2023/2024,Corrientes,San Miguel,250,250,675,2.7,1.0
soja,2023,2023/2024,Córdoba,Tulumba,56238,56148,164764,2.934,0.998
soja,2023,2023/2024,Corrientes,Saladas,1000,1000,2700,2.7,1.0
soja,2023,2023/2024,Corrientes,Curuzu Cuatia,1250,1250,3300,2.64,1.0
soja,2023,2023/2024,Corrientes,Mercedes,1000,1000,2700,2.7,1.0
soja,2023,2023/2024,Corrientes,Esquina,1000,1000,2700,2.7,1.0
soja,2023,2023/2024,Entre Ríos,Feliciano,12300,12300,31000,2.52,1.0
soja,2023,2023/2024,Entre Ríos,Colón,25000,25000,63520,2.541,1.0
soja,2023,2023/2024,Corrientes,Sauce,1150,1150,2880,2.504,1.0
soja,2023,2023/2024,Corrientes,San Roque,350,350,945,2.7,1.0
soja,2023,2023/2024,Entre Ríos,Federal,24900,24900,66710,2.679,1.0
soja,2023,2023/2024,Entre Ríos,Concordia,17050,17050,44205,2.593,1.0
soja,2023,2023/2024,Entre Ríos,Federación,8250,8250,21645,2.624,1.0
soja,2023,2023/2024,Entre Ríos,Diamante,45600,45600,108630,2.382,1.0
soja,2023,2023/2024,San Luis,General Pedernera,137000,136200,245160,1.8,0.994
soja,2023,2023/2024,San Luis,Juan Martín de Pueyrredón,9000,8850,15045,1.7,0.983
soja,2023,2023/2024,La Pampa,Realicó,48500,47500,142340,2.997,0.979
soja,2023,2023/2024,La Pampa,Chapaleufú,119600,117200,442080,3.772,0.98
soja,2023,2023/2024,Santiago del Estero,Juan F. Ibarra,74500,74020,213076,2.879,0.994
soja,2023,2023/2024,Formosa,Pilagás,500,500,500,1.0,1.0
soja,2023,2023/2024,Formosa,Patiño,1930,1930,1930,1.0,1.0
soja,2023,2023/2024,Entre Ríos,Victoria,81000,81000,201330,2.486,1.0
soja,2023,2023/2024,Entre Ríos,Uruguay,110000,110000,287390,2.613,1.0
soja,2023,2023/2024,Entre Ríos,Tala,56000,56000,136820,2.443,1.0
soja,2023,2023/2024,Entre Ríos,Villaguay,101000,101000,218215,2.161,1.0
soja,2023,2023/2024,Formosa,Laishí,2603,2603,2603,1.0,1.0
soja,2023,2023/2024,Formosa,Formosa,330,330,330,1.0,1.0
soja,2023,2023/2024,Formosa,Bermejo,4300,4300,4300,1.0,1.0
soja,2023,2023/2024,Jujuy,San Antonio,855,834,1917,2.3,0.975
soja,2023,2023/2024,Formosa,Pilcomayo,650,650,650,1.0,1.0
soja,2023,2023/2024,La Pampa,Catriló,42900,42900,105560,2.461,1.0
soja,2023,2023/2024,La Pampa,Rancul,72900,69300,192200,2.773,0.951
soja,2023,2023/2024,Formosa,Pirané,6200,6200,6200,1.0,1.0
soja,2023,2023/2024,Jujuy,Ledesma,1188,1159,2666,2.3,0.976
soja,2023,2023/2024,Jujuy,El Carmen,1466,1430,3288,2.3,0.975
soja,2023,2023/2024,Jujuy,Dr. Manuel Belgrano,288,281,646,2.3,0.976
soja,2023,2023/2024,La Pampa,Capital,20200,20200,42700,2.114,1.0
soja,2023,2023/2024,Jujuy,Santa Bárbara,4685,4571,10514,2.3,0.976
soja,2023,2023/2024,La Pampa,Quemú Quemú,49100,48100,142780,2.968,0.98
soja,2023,2023/2024,Jujuy,San Pedro,1127,1101,2533,2.3,0.977
soja,2023,2023/2024,La Pampa,Maracó,92500,90700,320000,3.528,0.981
soja,2023,2023/2024,La Pampa,Atreucó,21400,21400,47000,2.196,1.0
soja,2023,2023/2024,Jujuy,Valle Grande,600,583,1341,2.3,0.972
soja,2023,2023/2024,La Pampa,Conhelo,50200,47700,129910,2.723,0.95
soja,2023,2023/2024,Misiones,Cainguás,100,100,400,4.0,1.0
soja,2023,2023/2024,San Luis,Gobernador Dupuy,8000,8000,13600,1.7,1.0
soja,2023,2023/2024,San Luis,Coronel Pringles,38000,36800,66240,1.8,0.968
soja,2023,2023/2024,Salta,Anta,170770,170770,391927,2.295,1.0
soja,2023,2023/2024,La Pampa,Toay,4000,4000,5600,1.4,1.0
soja,2023,2023/2024,Misiones,25 de Mayo,1985,1985,7940,4.0,1.0
soja,2023,2023/2024,La Pampa,Utracán,1000,1000,1200,1.2,1.0
soja,2023,2023/2024,La Pampa,Trenel,19000,18000,44400,2.467,0.947
soja,2023,2023/2024,Misiones,Guaraní,1323,1323,5292,4.0,1.0
soja,2023,2023/2024,Misiones,San Pedro,350,350,1400,4.0,1.0
soja,2023,2023/2024,Misiones,General Manuel Belgrano,276,276,1104,4.0,1.0
soja,2023,2023/2024,Misiones,Eldorado,30,30,120,4.0,1.0
soja,2023,2023/2024,Misiones,San Javier,70,70,280,4.0,1.0
soja,2023,2023/2024,Misiones,Leandro N. Alem,35,35,140,4.0,1.0
soja,2023,2023/2024,Misiones,Oberá,70,70,280,4.0,1.0
soja,2023,2023/2024,Misiones,Montecarlo,70,70,280,4.0,1.0
soja,2023,2023/2024,Salta,La Caldera,84,84,196,2.332,1.0
soja,2023,2023/2024,Salta,Cerrillos,350,350,847,2.419,1.0
soja,2023,2023/2024,San Luis,Chacabuco,26000,26000,44200,1.7,1.0
soja,2023,2023/2024,Salta,Capital,691,691,1612,2.333,1.0
soja,2023,2023/2024,Salta,Guachipas,25,25,59,2.345,1.0
soja,2023,2023/2024,Salta,Chicoana,220,220,511,2.325,1.0
soja,2023,2023/2024,Salta,General José de San Martín,58389,57689,123659,2.144,0.988
soja,2023,2023/2024,Salta,General Güemes,1780,1780,4182,2.35,1.0
soja,2023,2023/2024,Salta,Metán,29373,29373,71571,2.437,1.0
soja,2023,2023/2024,San Luis,Ayacucho,3400,3400,9080,2.671,1.0
soja,2023,2023/2024,Salta,La Viña,120,120,280,2.33,1.0
soja,2023,2023/2024,Salta,La Candelaria,1050,1050,2353,2.241,1.0
soja,2023,2023/2024,Salta,Rosario de Lerma,708,708,1564,2.208,1.0
soja,2023,2023/2024,Salta,Orán,18071,18071,36890,2.041,1.0
soja,2023,2023/2024,Salta,Rosario de la Frontera,18834,18834,44073,2.34,1.0
soja,2023,2023/2024,Salta,Rivadavia,9575,9575,20535,2.145,1.0
soja,2023,2023/2024,Santiago del Estero,Choya,7000,6990,21429,3.066,0.999
soja,2023,2023/2024,Santiago del Estero,Jiménez,85000,84860,296069,3.489,0.998
soja,2023,2023/2024,Santa Fe,9 de Julio,122100,116100,144750,1.247,0.951
soja,2023,2023/2024,Santa Fe,La Capital,40000,40000,143000,3.575,1.0
soja,2023,2023/2024,San Luis,Libertador General San Martín,2500,2500,4000,1.6,1.0
soja,2023,2023/2024,San Luis,Junín,5900,5900,12780,2.166,1.0
soja,2023,2023/2024,Santa Fe,Iriondo,195633,195633,759230,3.881,1.0
soja,2023,2023/2024,Santa Fe,Castellanos,313300,313300,1285560,4.103,1.0
soja,2023,2023/2024,Santa Fe,Caseros,214000,214000,818350,3.824,1.0
soja,2023,2023/2024,Santa Fe,Belgrano,152166,152166,592017,3.891,1.0
soja,2023,2023/2024,Santa Fe,General Obligado,69200,68000,115020,1.691,0.983
soja,2023,2023/2024,Santa Fe,Villa Constitución,197000,197000,707250,3.59,1.0
soja,2023,2023/2024,Santa Fe,General López,541408,534908,1799628,3.364,0.988
soja,2023,2023/2024,Santa Fe,Garay,3700,3700,11620,3.141,1.0
soja,2023,2023/2024,Santa Fe,Rosario,92000,92000,319400,3.472,1.0
soja,2023,2023/2024,Santiago del Estero,Capital,5000,4990,15162,3.038,0.998
soja,2023,2023/2024,Santa Fe,San Lorenzo,122000,122000,461300,3.781,1.0
soja,2023,2023/2024,Santa Fe,Las Colonias,216000,216000,846400,3.919,1.0
soja,2023,2023/2024,Santa Fe,San Justo,137300,137300,479340,3.491,1.0
soja,2023,2023/2024,Santa Fe,San Cristóbal,171000,171000,568000,3.322,1.0
soja,2023,2023/2024,Santa Fe,San Jerónimo,156143,156143,598778,3.835,1.0
soja,2023,2023/2024,Santa Fe,San Javier,18300,17600,34080,1.936,0.962
soja,2023,2023/2024,Santiago del Estero,Aguirre,30100,29650,69717,2.351,0.985
soja,2023,2023/2024,Santiago del Estero,Belgrano,135500,134600,388420,2.886,0.993
soja,2023,2023/2024,Santa Fe,Vera,30100,29100,61910,2.127,0.967
soja,2023,2023/2024,Santa Fe,San Martín,269385,269385,1051095,3.902,1.0
soja,2023,2023/2024,Santiago del Estero,Banda,5000,5000,15048,3.01,1.0
soja,2023,2023/2024,Santiago del Estero,Alberdi,117500,112780,199254,1.767,0.96
soja,2023,2023/2024,Santiago del Estero,Avellaneda,4800,4680,11326,2.42,0.975
soja,2023,2023/2024,Santiago del Estero,Atamisqui,500,500,1520,3.04,1.0
soja,2023,2023/2024,Santiago del Estero,Ojo de Agua,6500,6495,22733,3.5,0.999
soja,2023,2023/2024,Santiago del Estero,Figueroa,4500,4470,13608,3.044,0.993
soja,2023,2023/2024,Tucumán,Burruyacú,65200,64900,194700,3.0,0.995
soja,2023,2023/2024,Santiago del Estero,Pellegrini,61500,61446,239639,3.9,0.999
soja,2023,2023/2024,Santiago del Estero,Guasayán,10000,9950,32832,3.3,0.995
soja,2023,2023/2024,Santiago del Estero,General Taboada,215400,214450,613265,2.86,0.996
soja,2023,2023/2024,Santiago del Estero,Copo,22400,22220,50798,2.286,0.992
soja,2023,2023/2024,Santiago del Estero,Rivadavia,10780,10690,27593,2.581,0.992
soja,2023,2023/2024,Santiago del Estero,Silípica,4000,3994,13979,3.5,0.998
soja,2023,2023/2024,Santiago del Estero,Río Hondo,15500,15471,53710,3.472,0.998
soja,2023,2023/2024,Santiago del Estero,Quebrachos,2500,2497,8740,3.5,0.999
soja,2023,2023/2024,Santiago del Estero,Sarmiento,900,830,2075,2.5,0.922
soja,2023,2023/2024,Santiago del Estero,San Martín,8000,7991,27729,3.47,0.999
soja,2023,2023/2024,Santiago del Estero,Robles,5000,4993,17436,3.492,0.999
soja,2023,2023/2024,Tucumán,Chicligasta,800,800,2480,3.1,1.0
soja,2023,2023/2024,Tucumán,La Cocha,22000,21840,65520,3.0,0.993
soja,2023,2023/2024,Tucumán,Capital,70,70,224,3.2,1.0
soja,2023,2023/2024,Tucumán,Cruz Alta,27800,27680,85808,3.1,0.996
soja,2023,2023/2024,Tucumán,Juan Bautista Alberdi,2000,2000,6400,3.2,1.0
soja,2023,2023/2024,Tucumán,Famaillá,700,700,2240,3.2,1.0
soja,2023,2023/2024,Tucumán,Graneros,19500,19415,56304,2.9,0.996
soja,2023,2023/2024,Tucumán,Monteros,500,500,1650,3.3,1.0
soja,2023,2023/2024,Tucumán,Lules,1100,1100,3520,3.2,1.0
soja,2023,2023/2024,Tucumán,Leales,29800,29650,85985,2.9,0.995
soja,2023,2023/2024,Tucumán,Río Chico,400,400,1320,3.3,1.0
soja,2023,2023/2024,Tucumán,Yerba Buena,50,50,160,3.2,1.0
soja,2023,2023/2024,Tucumán,Tafí Viejo,100,100,310,3.1,1.0
soja,2023,2023/2024,Tucumán,Simoca,2800,2800,8400,3.0,1.0
soja,2023,2023/2024,Buenos Aires,Alberti,52764,52451,162211,3.093,0.994
soja,2023,2023/2024,Buenos Aires,Adolfo Gonzales Chaves,82973,82973,188678,2.274,1.0
soja,2024,2024/2025,Santiago del Estero,Rivadavia,26150,23790,63088,2.652,0.91
soja,2024,2024/2025,Santiago del Estero,Río Hondo,61600,61402,161035,2.623,0.997
soja,2024,2024/2025,Buenos Aires,Bragado,102000,101438,297461,2.932,0.994
soja,2024,2024/2025,Buenos Aires,Ayacucho,27000,27000,53000,1.963,1.0
soja,2024,2024/2025,Buenos Aires,Bolívar,92000,90995,241736,2.657,0.989
soja,2024,2024/2025,Buenos Aires,Arrecifes,75550,74400,235485,3.165,0.985
soja,2024,2024/2025,Buenos Aires,Benito Juárez,78196,78196,184242,2.356,1.0
soja,2024,2024/2025,Buenos Aires,Alberti,57000,56760,164572,2.899,0.996
soja,2024,2024/2025,Buenos Aires,Adolfo Gonzales Chaves,86110,86110,230627,2.678,1.0
soja,2024,2024/2025,Buenos Aires,Azul,94903,94903,241356,2.543,1.0
soja,2024,2024/2025,Buenos Aires,Adolfo Alsina,50000,50000,147600,2.952,1.0
soja,2024,2024/2025,Buenos Aires,9 de Julio,188000,186800,553520,2.963,0.994
soja,2024,2024/2025,Buenos Aires,25 de Mayo,152848,147703,413562,2.8,0.966
soja,2024,2024/2025,Santiago del Estero,Ojo de Agua,7150,7050,17625,2.5,0.986
soja,2024,2024/2025,Buenos Aires,Carlos Casares,76509,56744,204820,3.61,0.742
soja,2024,2024/2025,Santiago del Estero,Robles,5500,5335,15154,2.84,0.97
soja,2024,2024/2025,Chaco,San Lorenzo,2700,2100,2187,1.041,0.778
soja,2024,2024/2025,Santa Fe,Caseros,227000,227000,854250,3.763,1.0
soja,2024,2024/2025,Córdoba,Río Segundo,238000,238000,742880,3.121,1.0
soja,2024,2024/2025,Buenos Aires,General Pinto,84000,81000,251470,3.105,0.964
soja,2024,2024/2025,Buenos Aires,Olavarría,54000,52800,134610,2.549,0.978
soja,2024,2024/2025,Buenos Aires,Capitán Sarmiento,28300,26950,82155,3.048,0.952
soja,2024,2024/2025,Buenos Aires,General Arenales,90500,90500,303550,3.354,1.0
soja,2024,2024/2025,Buenos Aires,Cañuelas,5800,4800,12040,2.508,0.828
soja,2024,2024/2025,Buenos Aires,Campana,6700,6450,19020,2.949,0.963
soja,2024,2024/2025,Buenos Aires,Brandsen,1800,1300,3430,2.638,0.722
soja,2024,2024/2025,Buenos Aires,Carmen de Areco,42300,42300,125590,2.969,1.0
soja,2024,2024/2025,Buenos Aires,Colón,52400,52100,178970,3.435,0.994
soja,2024,2024/2025,Buenos Aires,General Alvear,21000,19950,53295,2.671,0.95
soja,2024,2024/2025,Buenos Aires,Carlos Tejedor,71408,71408,231049,3.236,1.0
soja,2024,2024/2025,Buenos Aires,Castelli,7200,7200,14800,2.056,1.0
soja,2024,2024/2025,Buenos Aires,Chivilcoy,104000,103402,262066,2.534,0.994
soja,2024,2024/2025,Buenos Aires,Chascomús,23500,22400,60440,2.698,0.953
soja,2024,2024/2025,Buenos Aires,Chacabuco,130000,130000,435000,3.346,1.0
soja,2024,2024/2025,Buenos Aires,General Alvarado,48469,48469,128141,2.644,1.0
soja,2024,2024/2025,Buenos Aires,Coronel Suárez,117000,116995,219880,1.879,1.0
soja,2024,2024/2025,Buenos Aires,Coronel Pringles,33709,33709,72917,2.163,1.0
soja,2024,2024/2025,Buenos Aires,Coronel Dorrego,32178,32178,62686,1.948,1.0
soja,2024,2024/2025,Buenos Aires,Daireaux,89000,84000,219450,2.613,0.944
soja,2024,2024/2025,Buenos Aires,Florentino Ameghino,45000,42500,128835,3.031,0.944
soja,2024,2024/2025,Buenos Aires,Exaltación de la Cruz,18350,17600,53760,3.055,0.959
soja,2024,2024/2025,Buenos Aires,Dolores,900,900,1680,1.867,1.0
soja,2024,2024/2025,Buenos Aires,General La Madrid,45000,44986,70479,1.567,1.0
soja,2024,2024/2025,Buenos Aires,Necochea,156175,156175,377109,2.415,1.0
soja,2024,2024/2025,Buenos Aires,General Paz,10000,9500,25400,2.674,0.95
soja,2024,2024/2025,Buenos Aires,La Plata,900,800,2440,3.05,0.889
soja,2024,2024/2025,Buenos Aires,General Lavalle,300,300,720,2.4,1.0
soja,2024,2024/2025,Buenos Aires,General Juan Madariaga,12100,12100,30700,2.537,1.0
soja,2024,2024/2025,Buenos Aires,General Guido,2500,2500,4000,1.6,1.0
soja,2024,2024/2025,Buenos Aires,General Belgrano,28898,28232,75826,2.686,0.977
soja,2024,2024/2025,Buenos Aires,General Rodríguez,3900,3500,10100,2.886,0.897
soja,2024,2024/2025,Buenos Aires,General Las Heras,3000,2400,6060,2.525,0.8
soja,2024,2024/2025,Buenos Aires,Junín,100000,100000,332000,3.32,1.0
soja,2024,2024/2025,Buenos Aires,General Pueyrredón,29550,29550,78521,2.657,1.0
soja,2024,2024/2025,Buenos Aires,Hipólito Yrigoyen,61000,59810,158208,2.645,0.98
soja,2024,2024/2025,Buenos Aires,General Viamonte,78000,77000,240810,3.127,0.987
soja,2024,2024/2025,Buenos Aires,Guaminí,81000,81000,238600,2.946,1.0
soja,2024,2024/2025,Buenos Aires,General Villegas,279000,275500,848670,3.08,0.987
soja,2024,2024/2025,Buenos Aires,Laprida,15995,15995,40686,2.544,1.0
soja,2024,2024/2025,Buenos Aires,Navarro,39047,38190,101101,2.647,0.978
soja,2024,2024/2025,Buenos Aires,Lobería,141119,141119,346318,2.454,1.0
soja,2024,2024/2025,Buenos Aires,Las Flores,22538,22033,58301,2.646,0.978
soja,2024,2024/2025,Buenos Aires,Lincoln,164000,160800,484630,3.014,0.98
soja,2024,2024/2025,Buenos Aires,Lezama,10000,9100,23700,2.604,0.91
soja,2024,2024/2025,Buenos Aires,Leandro N. Alem,60000,59200,176936,2.989,0.987
soja,2024,2024/2025,Buenos Aires,Magdalena,5500,4800,13470,2.806,0.873
soja,2024,2024/2025,Buenos Aires,Monte,47292,46268,124723,2.696,0.978
soja,2024,2024/2025,Buenos Aires,Luján,19000,17900,46500,2.598,0.942
soja,2024,2024/2025,Buenos Aires,Lobos,33031,32286,82309,2.549,0.977
soja,2024,2024/2025,Buenos Aires,Mercedes,25000,24837,44125,1.777,0.993
soja,2024,2024/2025,Buenos Aires,Maipú,7200,7200,15688,2.179,1.0
soja,2024,2024/2025,Buenos Aires,Marcos Paz,5000,4200,10200,2.429,0.84
soja,2024,2024/2025,Buenos Aires,Mar Chiquita,10600,10600,24280,2.291,1.0
soja,2024,2024/2025,Buenos Aires,Saavedra,10000,10000,16560,1.656,1.0
soja,2024,2024/2025,Buenos Aires,Tres Lomas,28000,28000,85200,3.043,1.0
soja,2024,2024/2025,Chaco,Quitilipi,1450,950,730,0.768,0.655
soja,2024,2024/2025,Córdoba,Río Seco,85500,85420,240718,2.818,0.999
soja,2024,2024/2025,Buenos Aires,Pellegrini,38000,38000,118600,3.121,1.0
soja,2024,2024/2025,Buenos Aires,Pehuajó,148712,139575,499222,3.577,0.939
soja,2024,2024/2025,Buenos Aires,Rojas,116000,116000,407200,3.51,1.0
soja,2024,2024/2025,Buenos Aires,Rivadavia,141639,141639,465350,3.285,1.0
soja,2024,2024/2025,Buenos Aires,Roque Pérez,42532,41087,114039,2.776,0.966
soja,2024,2024/2025,Buenos Aires,Rauch,8500,8500,16800,1.976,1.0
soja,2024,2024/2025,Buenos Aires,Pergamino,183600,181000,595140,3.288,0.986
soja,2024,2024/2025,Buenos Aires,Pila,11900,11900,23950,2.013,1.0
soja,2024,2024/2025,Buenos Aires,Pilar,900,800,2050,2.563,0.889
soja,2024,2024/2025,Buenos Aires,Ramallo,55900,54850,161470,2.944,0.981
soja,2024,2024/2025,Buenos Aires,Punta Indio,800,700,2000,2.857,0.875
soja,2024,2024/2025,Buenos Aires,Puán,3000,3000,3900,1.3,1.0
soja,2024,2024/2025,Buenos Aires,Tres Arroyos,84261,84261,216304,2.567,1.0
soja,2024,2024/2025,Buenos Aires,San Nicolás,34000,33400,102270,3.062,0.982
soja,2024,2024/2025,Buenos Aires,Salliqueló,21000,21000,63900,3.043,1.0
soja,2024,2024/2025,Buenos Aires,Saladillo,71128,68779,186286,2.708,0.967
soja,2024,2024/2025,Buenos Aires,San Cayetano,66238,66238,161279,2.435,1.0
soja,2024,2024/2025,Buenos Aires,Salto,113000,111400,390660,3.507,0.986
soja,2024,2024/2025,Buenos Aires,San Antonio de Areco,37500,36350,103300,2.842,0.969
soja,2024,2024/2025,Buenos Aires,San Andrés de Giles,54000,54000,166000,3.074,1.0
soja,2024,2024/2025,Buenos Aires,Suipacha,30700,30565,49890,1.632,0.996
soja,2024,2024/2025,Buenos Aires,Trenque Lauquen,144160,144160,484800,3.363,1.0
soja,2024,2024/2025,Buenos Aires,San Vicente,900,800,2280,2.85,0.889
soja,2024,2024/2025,Buenos Aires,San Pedro,42600,41450,128260,3.094,0.973
soja,2024,2024/2025,Buenos Aires,Tornquist,1000,999,1798,1.8,0.999
soja,2024,2024/2025,Buenos Aires,Tandil,140807,140807,374634,2.661,1.0
soja,2024,2024/2025,Buenos Aires,Tordillo,50,50,110,2.19,1.0
soja,2024,2024/2025,Buenos Aires,Tapalqué,14100,13930,38729,2.78,0.988
soja,2024,2024/2025,Chaco,12 de Octubre,74500,45000,53650,1.192,0.604
soja,2024,2024/2025,Chaco,O'Higgins,44000,21500,24063,1.119,0.489
soja,2024,2024/2025,Chaco,Independencia,51000,36000,28200,0.783,0.706
soja,2024,2024/2025,Córdoba,Río Primero,330500,330300,1175190,3.558,0.999
soja,2024,2024/2025,Buenos Aires,Zárate,19700,19100,60125,3.148,0.97
soja,2024,2024/2025,Catamarca,Santa Rosa,38000,37540,95629,2.547,0.988
soja,2024,2024/2025,Catamarca,El Alto,3300,3100,5890,1.9,0.939
soja,2024,2024/2025,Catamarca,Capayán,150,130,247,1.9,0.867
soja,2024,2024/2025,Chaco,Almirante Brown,166000,105000,82900,0.79,0.633
soja,2024,2024/2025,Chaco,General Güemes,28000,24600,26510,1.078,0.879
soja,2024,2024/2025,Chaco,9 de Julio,46200,26200,29580,1.129,0.567
soja,2024,2024/2025,Chaco,2 de Abril,38500,25000,28350,1.134,0.649
soja,2024,2024/2025,Chaco,General Belgrano,23200,15700,19210,1.224,0.677
soja,2024,2024/2025,Chaco,Chacabuco,67000,43300,50010,1.155,0.646
soja,2024,2024/2025,Chaco,Fray Justo Santa María de Oro,17800,11480,12802,1.115,0.645
soja,2024,2024/2025,Chaco,Comandante Fernández,16500,7500,4600,0.613,0.455
soja,2024,2024/2025,Córdoba,Río Cuarto,657200,657200,1627700,2.477,1.0
soja,2024,2024/2025,Córdoba,Colón,87900,87500,286268,3.272,0.995
soja,2024,2024/2025,Chaco,Mayor Luis J. Fontana,37000,20000,23400,1.17,0.541
soja,2024,2024/2025,Chaco,Maipú,22500,15700,12290,0.783,0.698
soja,2024,2024/2025,Chaco,Libertador General San Martín,1900,1900,2660,1.4,1.0
soja,2024,2024/2025,Córdoba,Capital,10200,10200,28292,2.774,1.0
soja,2024,2024/2025,Córdoba,Calamuchita,40000,40000,102800,2.57,1.0
soja,2024,2024/2025,Chaco,Sargento Cabral,1100,1050,2195,2.09,0.955
soja,2024,2024/2025,Córdoba,General San Martín,172000,172000,523720,3.045,1.0
soja,2024,2024/2025,Córdoba,Presidente Roque Sáenz Peña,254517,254517,740671,2.91,1.0
soja,2024,2024/2025,Córdoba,General Roca,360356,360356,992958,2.755,1.0
soja,2024,2024/2025,Córdoba,Cruz del Eje,19300,19300,56820,2.944,1.0
soja,2024,2024/2025,Córdoba,Pocho,3600,3600,10080,2.8,1.0
soja,2024,2024/2025,Córdoba,Ischilín,9820,9770,28094,2.876,0.995
soja,2024,2024/2025,Córdoba,Marcos Juárez,463900,463800,1857960,4.006,1.0
soja,2024,2024/2025,Córdoba,Juárez Celman,325000,325000,867500,2.669,1.0
soja,2024,2024/2025,Santiago del Estero,Moreno,355400,273600,310223,1.134,0.77
soja,2024,2024/2025,Entre Ríos,Paraná,153000,153000,414000,2.706,1.0
soja,2024,2024/2025,Misiones,25 de Mayo,2000,2000,7000,3.5,1.0
soja,2024,2024/2025,La Pampa,Realicó,40900,40085,86657,2.162,0.98
soja,2024,2024/2025,Entre Ríos,Feliciano,12800,12800,34120,2.666,1.0
soja,2024,2024/2025,Corrientes,Curuzu Cuatia,1500,1300,1520,1.169,0.867
soja,2024,2024/2025,Córdoba,San Alberto,7000,7000,22400,3.2,1.0
soja,2024,2024/2025,Santiago del Estero,Quebrachos,2750,2698,6745,2.5,0.981
soja,2024,2024/2025,Córdoba,Santa María,109300,109300,347782,3.182,1.0
soja,2024,2024/2025,Corrientes,Bella Vista,550,375,415,1.107,0.682
soja,2024,2024/2025,Córdoba,San Justo,543000,542500,1920750,3.541,0.999
soja,2024,2024/2025,Córdoba,San Javier,7500,7500,21550,2.873,1.0
soja,2024,2024/2025,Córdoba,Unión,432450,418650,1515870,3.621,0.968
soja,2024,2024/2025,Córdoba,Tercero Arriba,265000,265000,911000,3.438,1.0
soja,2024,2024/2025,Córdoba,Tulumba,73950,73870,229839,3.111,0.999
soja,2024,2024/2025,Córdoba,Totoral,118741,118591,377754,3.185,0.999
soja,2024,2024/2025,Entre Ríos,Nogoyá,123000,123000,329370,2.678,1.0
soja,2024,2024/2025,Corrientes,San Roque,350,175,175,1.0,0.5
soja,2024,2024/2025,Entre Ríos,Federal,26800,26800,72890,2.72,1.0
soja,2024,2024/2025,Corrientes,Esquina,700,700,800,1.143,1.0
soja,2024,2024/2025,Corrientes,Mercedes,1000,1000,2800,2.8,1.0
soja,2024,2024/2025,Entre Ríos,Federación,8750,8750,24025,2.746,1.0
soja,2024,2024/2025,Entre Ríos,Colón,28000,28000,76440,2.73,1.0
soja,2024,2024/2025,Entre Ríos,La Paz,113000,113000,298700,2.643,1.0
soja,2024,2024/2025,Corrientes,Sauce,2000,2000,2300,1.15,1.0
soja,2024,2024/2025,Entre Ríos,Gualeguaychú,211000,211000,582755,2.762,1.0
soja,2024,2024/2025,Entre Ríos,Diamante,54100,54100,153460,2.837,1.0
soja,2024,2024/2025,Entre Ríos,Concordia,18000,18000,48400,2.689,1.0
soja,2024,2024/2025,Entre Ríos,Gualeguay,101000,101000,278815,2.761,1.0
soja,2024,2024/2025,Entre Ríos,Villaguay,102000,102000,269880,2.646,1.0
soja,2024,2024/2025,La Pampa,Utracán,800,800,1200,1.5,1.0
soja,2024,2024/2025,La Pampa,Rancul,64700,63410,130689,2.061,0.98
soja,2024,2024/2025,Jujuy,El Carmen,1466,1444,2888,2.0,0.985
soja,2024,2024/2025,Entre Ríos,San Salvador,26000,26000,68640,2.64,1.0
soja,2024,2024/2025,Entre Ríos,Victoria,92000,92000,241345,2.623,1.0
soja,2024,2024/2025,Entre Ríos,Uruguay,118000,118000,311155,2.637,1.0
soja,2024,2024/2025,Entre Ríos,Tala,64000,64000,168220,2.628,1.0
soja,2024,2024/2025,Formosa,Laishí,2360,2360,4168,1.766,1.0
soja,2024,2024/2025,Jujuy,Dr. Manuel Belgrano,288,284,568,2.0,0.986
soja,2024,2024/2025,Formosa,Formosa,330,330,574,1.739,1.0
soja,2024,2024/2025,Formosa,Bermejo,5460,5460,9828,1.8,1.0
soja,2024,2024/2025,Formosa,Pirané,8470,8470,14846,1.753,1.0
soja,2024,2024/2025,Formosa,Patiño,3900,3900,6720,1.723,1.0
soja,2024,2024/2025,Formosa,Pilcomayo,830,830,1494,1.8,1.0
soja,2024,2024/2025,Formosa,Pilagás,650,650,1170,1.8,1.0
soja,2024,2024/2025,La Pampa,Trenel,21400,20970,43863,2.092,0.98
soja,2024,2024/2025,Jujuy,Ledesma,1188,1175,2350,2.0,0.989
soja,2024,2024/2025,La Pampa,Quemú Quemú,38400,37630,100915,2.682,0.98
soja,2024,2024/2025,Jujuy,Valle Grande,700,698,1395,2.0,0.997
soja,2024,2024/2025,Jujuy,Santa Bárbara,1700,1693,3386,2.0,0.996
soja,2024,2024/2025,Jujuy,Palpalá,240,235,470,2.0,0.979
soja,2024,2024/2025,Jujuy,San Pedro,1127,1123,2247,2.0,0.996
soja,2024,2024/2025,Jujuy,San Antonio,550,546,1092,2.0,0.993
soja,2024,2024/2025,La Pampa,Maracó,62100,60860,175720,2.887,0.98
soja,2024,2024/2025,La Pampa,Capital,7150,7150,17490,2.446,1.0
soja,2024,2024/2025,La Pampa,Toay,5000,5000,8100,1.62,1.0
soja,2024,2024/2025,La Pampa,Atreucó,19600,19600,51880,2.647,1.0
soja,2024,2024/2025,La Pampa,Guatraché,200,200,200,1.0,1.0
soja,2024,2024/2025,La Pampa,Catriló,38350,38350,106130,2.767,1.0
soja,2024,2024/2025,La Pampa,Conhelo,27400,26855,58551,2.18,0.98
soja,2024,2024/2025,La Pampa,Chapaleufú,80900,79290,227547,2.87,0.98
soja,2024,2024/2025,Santa Fe,9 de Julio,193600,183900,364870,1.984,0.95
soja,2024,2024/2025,San Luis,Junín,6800,6800,23330,3.431,1.0
soja,2024,2024/2025,Santa Fe,Belgrano,156482,156482,627244,4.008,1.0
soja,2024,2024/2025,Salta,Cerrillos,400,400,1010,2.525,1.0
soja,2024,2024/2025,Misiones,General Manuel Belgrano,276,276,966,3.5,1.0
soja,2024,2024/2025,Misiones,Eldorado,30,30,105,3.5,1.0
soja,2024,2024/2025,Misiones,Cainguás,100,100,350,3.5,1.0
soja,2024,2024/2025,Santiago del Estero,Mitre,14300,14060,35150,2.5,0.983
soja,2024,2024/2025,Misiones,Montecarlo,70,70,245,3.5,1.0
soja,2024,2024/2025,Salta,Capital,1050,1050,2625,2.5,1.0
soja,2024,2024/2025,Misiones,Leandro N. Alem,35,35,123,3.5,1.0
soja,2024,2024/2025,Misiones,Guaraní,1323,1323,4631,3.5,1.0
soja,2024,2024/2025,Salta,Anta,171582,171582,411366,2.397,1.0
soja,2024,2024/2025,Misiones,Oberá,70,70,245,3.5,1.0
soja,2024,2024/2025,Misiones,San Pedro,350,350,1225,3.5,1.0
soja,2024,2024/2025,Misiones,San Javier,70,70,245,3.5,1.0
soja,2024,2024/2025,Salta,Metán,35293,35293,87904,2.491,1.0
soja,2024,2024/2025,Salta,General Güemes,2125,2125,5100,2.4,1.0
soja,2024,2024/2025,San Luis,Juan Martín de Pueyrredón,8300,8300,14940,1.8,1.0
soja,2024,2024/2025,Salta,Chicoana,310,310,775,2.5,1.0
soja,2024,2024/2025,Salta,La Viña,50,50,115,2.3,1.0
soja,2024,2024/2025,Salta,General José de San Martín,36827,36727,84432,2.299,0.997
soja,2024,2024/2025,Salta,La Candelaria,1215,1215,3038,2.5,1.0
soja,2024,2024/2025,Salta,La Caldera,105,105,252,2.4,1.0
soja,2024,2024/2025,Salta,Orán,9580,9430,22535,2.39,0.984
soja,2024,2024/2025,Salta,Rosario de Lerma,50,50,120,2.4,1.0
soja,2024,2024/2025,San Luis,Gobernador Dupuy,11500,11500,20700,1.8,1.0
soja,2024,2024/2025,Salta,Rosario de la Frontera,37186,37186,92905,2.498,1.0
soja,2024,2024/2025,Salta,Rivadavia,12450,12450,28635,2.3,1.0
soja,2024,2024/2025,San Luis,Ayacucho,4800,4800,13720,2.858,1.0
soja,2024,2024/2025,San Luis,General Pedernera,110000,110000,205700,1.87,1.0
soja,2024,2024/2025,San Luis,Coronel Pringles,44850,44850,84318,1.88,1.0
soja,2024,2024/2025,San Luis,Chacabuco,26700,26700,42453,1.59,1.0
soja,2024,2024/2025,San Luis,Libertador General San Martín,2900,2900,4930,1.7,1.0
soja,2024,2024/2025,Santa Fe,San Lorenzo,129000,129000,488220,3.785,1.0
soja,2024,2024/2025,Santa Fe,General Obligado,75600,62900,68690,1.092,0.832
soja,2024,2024/2025,Santiago del Estero,Loreto,3400,3290,8867,2.695,0.968
soja,2024,2024/2025,Santa Fe,Castellanos,345000,345000,1381068,4.003,1.0
soja,2024,2024/2025,Santa Fe,General López,590575,590575,1870873,3.168,1.0
soja,2024,2024/2025,Santa Fe,Garay,4100,4100,9060,2.21,1.0
soja,2024,2024/2025,Santa Fe,Villa Constitución,205000,205000,763900,3.726,1.0
soja,2024,2024/2025,Santa Fe,Las Colonias,225800,225800,852460,3.775,1.0
soja,2024,2024/2025,Santa Fe,San Justo,140300,140300,435820,3.106,1.0
soja,2024,2024/2025,Santa Fe,La Capital,49000,49000,174510,3.561,1.0
soja,2024,2024/2025,Santa Fe,Iriondo,206872,206872,811239,3.921,1.0
soja,2024,2024/2025,Santa Fe,San Jerónimo,173941,173941,656620,3.775,1.0
soja,2024,2024/2025,Santa Fe,Rosario,100000,100000,370320,3.703,1.0
soja,2024,2024/2025,Santa Fe,San Javier,25600,23000,34460,1.498,0.898
soja,2024,2024/2025,Santa Fe,San Cristóbal,184900,184900,377298,2.041,1.0
soja,2024,2024/2025,Santa Fe,Vera,40810,38810,58114,1.497,0.951
soja,2024,2024/2025,Santiago del Estero,Juan F. Ibarra,95500,89074,206100,2.314,0.933
soja,2024,2024/2025,Santiago del Estero,Banda,5800,5715,15187,2.657,0.985
soja,2024,2024/2025,Santa Fe,San Martín,315643,315643,1264836,4.007,1.0
soja,2024,2024/2025,Santiago del Estero,Aguirre,38300,36760,87062,2.368,0.96
soja,2024,2024/2025,Santiago del Estero,Avellaneda,5850,5640,10152,1.8,0.964
soja,2024,2024/2025,Santiago del Estero,Atamisqui,575,540,1188,2.2,0.939
soja,2024,2024/2025,Santiago del Estero,Alberdi,143930,103626,72538,0.7,0.72
soja,2024,2024/2025,Santiago del Estero,Choya,8100,7970,18561,2.329,0.984
soja,2024,2024/2025,Santiago del Estero,Belgrano,158000,150210,493145,3.283,0.951
soja,2024,2024/2025,Santiago del Estero,Jiménez,93500,93200,261510,2.806,0.997
soja,2024,2024/2025,Santiago del Estero,Capital,5800,5660,13244,2.34,0.976
soja,2024,2024/2025,Santiago del Estero,Guasayán,8800,8633,23313,2.7,0.981
soja,2024,2024/2025,Santiago del Estero,Copo,26650,20140,22052,1.095,0.756
soja,2024,2024/2025,Santiago del Estero,General Taboada,261150,251130,822003,3.273,0.962
soja,2024,2024/2025,Santiago del Estero,Figueroa,4950,4800,11040,2.3,0.97
soja,2024,2024/2025,Santiago del Estero,Sarmiento,1040,320,544,1.7,0.308
soja,2024,2024/2025,Tucumán,Cruz Alta,26000,25680,68922,2.684,0.988
soja,2024,2024/2025,Santiago del Estero,Silípica,4400,4280,9256,2.163,0.973
soja,2024,2024/2025,Santiago del Estero,San Martín,8800,8600,22145,2.575,0.977
soja,2024,2024/2025,Santiago del Estero,Pellegrini,67650,67340,188308,2.796,0.995
soja,2024,2024/2025,Tucumán,Chicligasta,850,850,2295,2.7,1.0
soja,2024,2024/2025,Tucumán,Capital,70,70,193,2.76,1.0
soja,2024,2024/2025,Tucumán,Burruyacú,68500,68020,176698,2.598,0.993
soja,2024,2024/2025,Tucumán,Graneros,29100,28705,72884,2.539,0.986
soja,2024,2024/2025,Tucumán,Monteros,550,550,1430,2.6,1.0
soja,2024,2024/2025,Tucumán,Famaillá,700,700,1960,2.8,1.0
soja,2024,2024/2025,Tucumán,Lules,1200,1200,3360,2.8,1.0
soja,2024,2024/2025,Tucumán,Juan Bautista Alberdi,2200,2185,5790,2.65,0.993
soja,2024,2024/2025,Tucumán,Leales,30000,29515,74964,2.54,0.984
soja,2024,2024/2025,Tucumán,La Cocha,22400,22020,55470,2.519,0.983
soja,2024,2024/2025,Tucumán,Tafí Viejo,100,100,280,2.8,1.0
soja,2024,2024/2025,Tucumán,Simoca,2800,2750,7315,2.66,0.982
soja,2024,2024/2025,Tucumán,Río Chico,500,500,1350,2.7,1.0
soja,2024,2024/2025,Tucumán,Yerba Buena,50,50,145,2.9,1.0
soja,2024,2024/2025,Buenos Aires,Baradero,57300,56450,156995,2.781,0.985
soja,2024,2024/2025,Buenos Aires,Balcarce,80835,80835,219070,2.71,1.0
trigo,2015,2015/2016,Buenos Aires,Pellegrini,6200,6100,17020,2.79,0.984
trigo,2015,2015/2016,Buenos Aires,Necochea,21880,20980,94194,4.49,0.959
trigo,2015,2015/2016,Buenos Aires,Pehuajó,34490,33490,110520,3.3,0.971
trigo,2015,2015/2016,Buenos Aires,Monte,2600,1600,5120,3.2,0.615
trigo,2015,2015/2016,Buenos Aires,Pila,1200,400,1040,2.6,0.333
trigo,2015,2015/2016,Buenos Aires,Mercedes,1300,910,2730,3.0,0.7
trigo,2015,2015/2016,Buenos Aires,Zárate,1700,1650,6600,4.0,0.971
trigo,2015,2015/2016,Salta,Chicoana,320,320,580,1.813,1.0
trigo,2015,2015/2016,Buenos Aires,Luján,590,502,1410,2.809,0.851
trigo,2015,2015/2016,Entre Ríos,Concordia,4000,4000,10400,2.6,1.0
trigo,2015,2015/2016,Entre Ríos,Uruguay,17000,16500,56100,3.4,0.971
trigo,2015,2015/2016,Chaco,General Güemes,1180,1060,1170,1.104,0.898
trigo,2015,2015/2016,Entre Ríos,La Paz,18000,17500,50750,2.9,0.972
trigo,2015,2015/2016,Córdoba,Totoral,25000,15000,37500,2.5,0.6
trigo,2015,2015/2016,Chaco,General Belgrano,4330,3530,5300,1.501,0.815
trigo,2015,2015/2016,Córdoba,Río Seco,10000,8000,16000,2.0,0.8
trigo,2015,2015/2016,Córdoba,Río Segundo,98400,88200,197570,2.24,0.896
trigo,2015,2015/2016,Chaco,San Lorenzo,670,550,550,1.0,0.821
trigo,2015,2015/2016,Córdoba,Colón,8000,7700,15400,2.0,0.962
trigo,2015,2015/2016,Córdoba,General San Martín,58000,47400,123240,2.6,0.817
trigo,2015,2015/2016,Chaco,Quitilipi,1380,1220,1460,1.197,0.884
trigo,2015,2015/2016,Chaco,Fray Justo Santa María de Oro,4130,3650,5110,1.4,0.884
trigo,2015,2015/2016,Chaco,Comandante Fernández,5900,5140,7200,1.401,0.871
trigo,2015,2015/2016,Chaco,Libertador General San Martín,1380,1280,1540,1.203,0.928
trigo,2015,2015/2016,Chaco,9 de Julio,5510,4870,8770,1.801,0.884
trigo,2015,2015/2016,Chaco,12 de Octubre,6890,5790,10420,1.8,0.84
trigo,2015,2015/2016,Buenos Aires,San Vicente,359,316,820,2.595,0.88
trigo,2015,2015/2016,Buenos Aires,Olavarría,24070,24070,97173,4.037,1.0
trigo,2015,2015/2016,Buenos Aires,Roque Pérez,4550,1650,4790,2.903,0.363
trigo,2015,2015/2016,Buenos Aires,Patagones,56890,55890,106391,1.904,0.982
trigo,2015,2015/2016,Jujuy,San Pedro,480,480,1060,2.208,1.0
trigo,2015,2015/2016,Buenos Aires,Magdalena,766,689,1650,2.395,0.899
trigo,2015,2015/2016,Buenos Aires,General La Madrid,29360,28760,86280,3.0,0.98
trigo,2015,2015/2016,Buenos Aires,Mar Chiquita,4300,4300,17200,4.0,1.0
trigo,2015,2015/2016,Catamarca,El Alto,200,200,260,1.3,1.0
trigo,2015,2015/2016,Buenos Aires,General Rodríguez,104,88,240,2.727,0.846
trigo,2015,2015/2016,Buenos Aires,La Plata,150,135,340,2.519,0.9
trigo,2015,2015/2016,Buenos Aires,Hipólito Yrigoyen,5000,5000,19500,3.9,1.0
trigo,2015,2015/2016,Buenos Aires,Tres Arroyos,68290,64290,257160,4.0,0.941
trigo,2015,2015/2016,Buenos Aires,Maipú,4000,4000,18000,4.5,1.0
trigo,2015,2015/2016,Chaco,2 de Abril,10800,9480,13270,1.4,0.878
trigo,2015,2015/2016,Santiago del Estero,Río Hondo,1000,1000,1000,1.0,1.0
trigo,2015,2015/2016,Santiago del Estero,Moreno,7750,6950,14600,2.101,0.897
trigo,2015,2015/2016,Santiago del Estero,Capital,500,500,1100,2.2,1.0
trigo,2015,2015/2016,Buenos Aires,Rojas,19410,16910,84550,5.0,0.871
trigo,2015,2015/2016,Santa Fe,General Obligado,48450,43450,99940,2.3,0.897
trigo,2015,2015/2016,Santa Fe,Rosario,13600,12600,44100,3.5,0.926
trigo,2015,2015/2016,Santa Fe,San Javier,2000,1700,4080,2.4,0.85
trigo,2015,2015/2016,Santa Fe,General López,99340,89740,341010,3.8,0.903
trigo,2015,2015/2016,Santa Fe,Villa Constitución,23310,22510,81040,3.6,0.966
trigo,2015,2015/2016,Santa Fe,Iriondo,33220,29860,104510,3.5,0.899
trigo,2015,2015/2016,La Pampa,Atreucó,29450,27750,58280,2.1,0.942
trigo,2015,2015/2016,San Luis,Ayacucho,1200,1200,4920,4.1,1.0
trigo,2015,2015/2016,La Pampa,Toay,10300,9700,18430,1.9,0.942
trigo,2015,2015/2016,Entre Ríos,Nogoyá,26100,25400,71120,2.8,0.973
trigo,2015,2015/2016,La Pampa,Capital,24670,23270,48870,2.1,0.943
trigo,2015,2015/2016,Entre Ríos,Villaguay,7000,6500,17550,2.7,0.929
trigo,2015,2015/2016,Entre Ríos,Victoria,21180,19980,69930,3.5,0.943
trigo,2015,2015/2016,Salta,General Güemes,470,470,850,1.809,1.0
trigo,2015,2015/2016,Córdoba,Unión,112520,81320,276490,3.4,0.723
trigo,2015,2015/2016,Entre Ríos,Feliciano,2000,2000,4400,2.2,1.0
trigo,2015,2015/2016,Entre Ríos,Gualeguay,21600,20900,68970,3.3,0.968
trigo,2015,2015/2016,Córdoba,Río Primero,85000,70000,154000,2.2,0.824
trigo,2015,2015/2016,Buenos Aires,Marcos Paz,662,563,1460,2.593,0.85
trigo,2015,2015/2016,Buenos Aires,Ramallo,3800,3800,15000,3.947,1.0
trigo,2015,2015/2016,Chaco,O'Higgins,23620,20820,33310,1.6,0.881
trigo,2015,2015/2016,Buenos Aires,Rauch,2900,2900,11020,3.8,1.0
trigo,2015,2015/2016,Buenos Aires,General Viamonte,4050,4050,16200,4.0,1.0
trigo,2015,2015/2016,Buenos Aires,General Juan Madariaga,5800,5650,28250,5.0,0.974
trigo,2015,2015/2016,Buenos Aires,General Lavalle,1000,1000,2800,2.8,1.0
trigo,2015,2015/2016,Buenos Aires,Brandsen,878,790,2210,2.797,0.9
trigo,2015,2015/2016,Buenos Aires,Colón,11250,10222,43955,4.3,0.909
trigo,2015,2015/2016,Buenos Aires,Leandro N. Alem,3970,3970,16280,4.101,1.0
trigo,2015,2015/2016,Buenos Aires,Balcarce,11175,10755,51333,4.773,0.962
trigo,2015,2015/2016,Córdoba,San Javier,3500,3500,11200,3.2,1.0
trigo,2015,2015/2016,Córdoba,Río Cuarto,60980,55980,106360,1.9,0.918
trigo,2015,2015/2016,Buenos Aires,Junín,19860,16860,75870,4.5,0.849
trigo,2015,2015/2016,Buenos Aires,General Guido,500,500,0,0.0,1.0
trigo,2015,2015/2016,Buenos Aires,Lobería,37900,37340,146600,3.926,0.985
trigo,2015,2015/2016,Buenos Aires,Lincoln,23640,21840,85180,3.9,0.924
trigo,2015,2015/2016,Buenos Aires,Adolfo Gonzales Chaves,36410,33410,120276,3.6,0.918
trigo,2015,2015/2016,Buenos Aires,Castelli,2800,2550,8160,3.2,0.911
trigo,2015,2015/2016,Buenos Aires,Baradero,4750,4400,18040,4.1,0.926
trigo,2015,2015/2016,Buenos Aires,Campana,2450,2300,9660,4.2,0.939
trigo,2015,2015/2016,Buenos Aires,Cañuelas,1907,1621,4540,2.801,0.85
trigo,2015,2015/2016,Buenos Aires,Coronel de Marina Leonardo Rosales,13220,12920,36156,2.798,0.977
trigo,2015,2015/2016,Buenos Aires,Coronel Suárez,92035,90035,288112,3.2,0.978
trigo,2015,2015/2016,Buenos Aires,Coronel Pringles,45160,41660,163440,3.923,0.922
trigo,2015,2015/2016,Buenos Aires,General Alvear,5000,5000,19500,3.9,1.0
trigo,2015,2015/2016,Buenos Aires,Las Flores,7930,6680,20040,3.0,0.842
trigo,2015,2015/2016,Buenos Aires,General Paz,519,467,1120,2.398,0.9
trigo,2015,2015/2016,Buenos Aires,General Villegas,51300,47160,174490,3.7,0.919
trigo,2015,2015/2016,Buenos Aires,Guaminí,50600,50200,135420,2.698,0.992
trigo,2015,2015/2016,La Pampa,Catriló,12500,11800,25960,2.2,0.944
trigo,2015,2015/2016,Salta,La Candelaria,350,350,600,1.714,1.0
trigo,2015,2015/2016,Buenos Aires,Rivadavia,7180,6980,20940,3.0,0.972
trigo,2015,2015/2016,Chaco,Mayor Luis J. Fontana,11810,10810,16220,1.5,0.915
trigo,2015,2015/2016,Buenos Aires,Pilar,144,122,350,2.869,0.847
trigo,2015,2015/2016,Buenos Aires,Salliqueló,4100,4000,10790,2.698,0.976
trigo,2015,2015/2016,Buenos Aires,Navarro,4500,3000,9000,3.0,0.667
trigo,2015,2015/2016,Buenos Aires,Pergamino,26790,24615,103383,4.2,0.919
trigo,2015,2015/2016,Buenos Aires,Punta Indio,279,251,650,2.59,0.9
trigo,2015,2015/2016,Chaco,Maipú,4920,4520,4970,1.1,0.919
trigo,2015,2015/2016,Buenos Aires,Puán,46620,45620,145383,3.187,0.979
trigo,2015,2015/2016,Catamarca,Santa Rosa,36820,36670,55010,1.5,0.996
trigo,2015,2015/2016,Chaco,Chacabuco,7700,6900,13110,1.9,0.896
trigo,2015,2015/2016,Chaco,Almirante Brown,7870,7270,9450,1.3,0.924
trigo,2015,2015/2016,Chaco,Independencia,15750,14950,17940,1.2,0.949
trigo,2015,2015/2016,Salta,General José de San Martín,7850,6350,10160,1.6,0.809
trigo,2015,2015/2016,Córdoba,Marcos Juárez,102540,78040,280940,3.6,0.761
trigo,2015,2015/2016,Entre Ríos,Gualeguaychú,25400,24600,81180,3.3,0.969
trigo,2015,2015/2016,Córdoba,Calamuchita,3150,3150,6300,2.0,1.0
trigo,2015,2015/2016,Chaco,Sargento Cabral,140,140,220,1.571,1.0
trigo,2015,2015/2016,Córdoba,Ischilín,730,730,1460,2.0,1.0
trigo,2015,2015/2016,Córdoba,Tercero Arriba,50900,45000,100800,2.24,0.884
trigo,2015,2015/2016,Córdoba,Santa María,10000,9200,20240,2.2,0.92
trigo,2015,2015/2016,Entre Ríos,Colón,3000,2800,8680,3.1,0.933
trigo,2015,2015/2016,Jujuy,Santa Bárbara,1970,1970,3940,2.0,1.0
trigo,2015,2015/2016,Entre Ríos,Paraná,45000,43400,138880,3.2,0.964
trigo,2015,2015/2016,Jujuy,El Carmen,720,720,1440,2.0,1.0
trigo,2015,2015/2016,La Pampa,Maracó,9300,7900,19750,2.5,0.849
trigo,2015,2015/2016,La Pampa,Guatraché,36200,34300,72030,2.1,0.948
trigo,2015,2015/2016,La Pampa,Quemú Quemú,11100,9540,21942,2.3,0.859
trigo,2015,2015/2016,La Pampa,Trenel,21700,20600,45320,2.2,0.949
trigo,2015,2015/2016,Santiago del Estero,Aguirre,2400,2000,4200,2.1,0.833
trigo,2015,2015/2016,Salta,La Viña,50,50,90,1.8,1.0
trigo,2015,2015/2016,San Luis,Juan Martín de Pueyrredón,150,150,380,2.533,1.0
trigo,2015,2015/2016,Salta,Orán,2520,2320,3710,1.599,0.921
trigo,2015,2015/2016,Salta,Rosario de la Frontera,16038,13538,23010,1.7,0.844
trigo,2015,2015/2016,San Luis,Junín,90,90,370,4.111,1.0
trigo,2015,2015/2016,Santa Fe,San Martín,64460,63580,222530,3.5,0.986
trigo,2015,2015/2016,Santiago del Estero,Jiménez,33320,29820,41750,1.4,0.895
trigo,2015,2015/2016,Tucumán,Cruz Alta,16160,15360,19890,1.295,0.95
trigo,2015,2015/2016,Santiago del Estero,Alberdi,13670,11870,23740,2.0,0.868
trigo,2015,2015/2016,Santiago del Estero,Pellegrini,13180,11380,15930,1.4,0.863
trigo,2015,2015/2016,Tucumán,Simoca,500,400,600,1.5,0.8
trigo,2015,2015/2016,Tucumán,Famaillá,300,280,420,1.5,0.933
trigo,2015,2015/2016,Tucumán,Lules,250,250,430,1.72,1.0
trigo,2015,2015/2016,Buenos Aires,General Pinto,19070,16200,64800,4.0,0.85
trigo,2015,2015/2016,Buenos Aires,Saladillo,12000,9500,28500,3.0,0.792
trigo,2015,2015/2016,Buenos Aires,General Las Heras,279,237,620,2.616,0.849
trigo,2015,2015/2016,Buenos Aires,Saavedra,34750,33950,101850,3.0,0.977
trigo,2015,2015/2016,Buenos Aires,Salto,17080,16080,70752,4.4,0.941
trigo,2015,2015/2016,Buenos Aires,San Andrés de Giles,9520,7520,31580,4.199,0.79
trigo,2015,2015/2016,Buenos Aires,San Nicolás,3750,3600,14760,4.1,0.96
trigo,2015,2015/2016,Buenos Aires,San Pedro,9485,8765,35060,4.0,0.924
trigo,2015,2015/2016,Buenos Aires,Tres Lomas,5100,5000,13480,2.696,0.98
trigo,2015,2015/2016,Buenos Aires,Laprida,8200,7800,28080,3.6,0.951
trigo,2015,2015/2016,Buenos Aires,General Pueyrredón,2940,2690,13450,5.0,0.915
trigo,2015,2015/2016,Buenos Aires,Trenque Lauquen,28400,27600,91080,3.3,0.972
trigo,2015,2015/2016,Buenos Aires,General Alvarado,14870,14560,70933,4.872,0.979
trigo,2015,2015/2016,La Pampa,Hucal,18500,17700,38940,2.2,0.957
trigo,2015,2015/2016,Buenos Aires,Villarino,19970,19330,38810,2.008,0.968
trigo,2015,2015/2016,Buenos Aires,Florentino Ameghino,7985,6935,26350,3.8,0.869
trigo,2015,2015/2016,Buenos Aires,Suipacha,3000,1800,5400,3.0,0.6
trigo,2015,2015/2016,Buenos Aires,Tandil,18850,18335,80590,4.395,0.973
trigo,2015,2015/2016,Buenos Aires,Lobos,4800,2500,7750,3.1,0.521
trigo,2015,2015/2016,Tucumán,La Cocha,14170,13530,21730,1.606,0.955
trigo,2015,2015/2016,Tucumán,Burruyacú,59070,57220,51950,0.908,0.969
trigo,2015,2015/2016,Tucumán,Leales,21580,20830,27130,1.302,0.965
trigo,2015,2015/2016,Santa Fe,San Cristóbal,5500,5200,11960,2.3,0.945
trigo,2015,2015/2016,Tucumán,Graneros,21800,20900,27170,1.3,0.959
trigo,2015,2015/2016,Tucumán,Juan Bautista Alberdi,500,500,750,1.5,1.0
trigo,2015,2015/2016,Santiago del Estero,Rivadavia,2500,2500,6000,2.4,1.0
trigo,2015,2015/2016,Santiago del Estero,Juan F. Ibarra,7680,6980,14660,2.1,0.909
trigo,2015,2015/2016,Santiago del Estero,Robles,1000,1000,1800,1.8,1.0
trigo,2015,2015/2016,Santiago del Estero,Mitre,3000,3000,4500,1.5,1.0
trigo,2015,2015/2016,Santiago del Estero,Silípica,1000,1000,2000,2.0,1.0
trigo,2015,2015/2016,Santa Fe,La Capital,3500,3300,7920,2.4,0.943
trigo,2015,2015/2016,Santiago del Estero,Belgrano,69680,61180,140710,2.3,0.878
trigo,2015,2015/2016,Santiago del Estero,General Taboada,88370,79370,166680,2.1,0.898
trigo,2015,2015/2016,Santiago del Estero,Banda,500,500,750,1.5,1.0
trigo,2015,2015/2016,Santa Fe,Las Colonias,49880,46200,133980,2.9,0.926
trigo,2015,2015/2016,Santa Fe,San Jerónimo,46485,46465,157980,3.4,1.0
trigo,2015,2015/2016,Santa Fe,San Lorenzo,19250,16750,61980,3.7,0.87
trigo,2015,2015/2016,Santa Fe,San Justo,6000,5700,15390,2.7,0.95
trigo,2015,2015/2016,Salta,Cerrillos,200,200,360,1.8,1.0
trigo,2015,2015/2016,Santa Fe,9 de Julio,81100,72100,180250,2.5,0.889
trigo,2015,2015/2016,La Pampa,Rancul,22200,21200,44520,2.1,0.955
trigo,2015,2015/2016,Buenos Aires,Tapalqué,700,700,2730,3.9,1.0
trigo,2015,2015/2016,Santa Fe,Caseros,20160,15160,56090,3.7,0.752
trigo,2015,2015/2016,Santa Fe,Castellanos,102970,96570,251080,2.6,0.938
trigo,2015,2015/2016,San Luis,Coronel Pringles,400,300,870,2.9,0.75
trigo,2015,2015/2016,Santa Fe,Vera,1800,1600,4000,2.5,0.889
trigo,2015,2015/2016,Santa Fe,Belgrano,26105,25505,94370,3.7,0.977
trigo,2015,2015/2016,Salta,Rosario de Lerma,180,180,320,1.778,1.0
trigo,2015,2015/2016,Salta,Metán,6580,5880,10000,1.701,0.894
trigo,2015,2015/2016,La Pampa,Realicó,23300,22100,48620,2.2,0.948
trigo,2015,2015/2016,San Luis,General Pedernera,16540,12150,31590,2.6,0.735
trigo,2015,2015/2016,Salta,Capital,50,50,100,2.0,1.0
trigo,2015,2015/2016,La Pampa,Utracán,16500,15850,30120,1.9,0.961
trigo,2015,2015/2016,La Pampa,Conhelo,25900,24600,56580,2.3,0.95
trigo,2015,2015/2016,Buenos Aires,Chivilcoy,12230,10430,41720,4.0,0.853
trigo,2015,2015/2016,Buenos Aires,Tornquist,29250,28550,85348,2.989,0.976
trigo,2015,2015/2016,Buenos Aires,Daireaux,12430,12430,48477,3.9,1.0
trigo,2015,2015/2016,La Pampa,Chapaleufú,11200,7200,18000,2.5,0.643
trigo,2015,2015/2016,Jujuy,Palpalá,120,120,240,2.0,1.0
trigo,2015,2015/2016,Buenos Aires,General Arenales,10820,8320,38270,4.6,0.769
trigo,2015,2015/2016,Buenos Aires,Exaltación de la Cruz,2600,2600,10000,3.846,1.0
trigo,2015,2015/2016,Buenos Aires,Coronel Dorrego,81420,64070,231165,3.608,0.787
trigo,2015,2015/2016,Buenos Aires,Chascomús,2314,2082,5210,2.502,0.9
trigo,2015,2015/2016,Córdoba,Juárez Celman,57870,53870,118510,2.2,0.931
trigo,2015,2015/2016,Buenos Aires,General Belgrano,2200,1200,3480,2.9,0.545
trigo,2015,2015/2016,Buenos Aires,Capitán Sarmiento,5120,5120,19967,3.9,1.0
trigo,2015,2015/2016,Buenos Aires,Carmen de Areco,7640,6640,27890,4.2,0.869
trigo,2015,2015/2016,Buenos Aires,Bolívar,15000,15000,58500,3.9,1.0
trigo,2015,2015/2016,Buenos Aires,Carlos Casares,17850,17100,59850,3.5,0.958
trigo,2015,2015/2016,Córdoba,Capital,700,700,1750,2.5,1.0
trigo,2015,2015/2016,Buenos Aires,Bragado,8240,7440,29760,4.0,0.903
trigo,2015,2015/2016,Buenos Aires,Carlos Tejedor,9660,9360,29950,3.2,0.969
trigo,2015,2015/2016,Buenos Aires,Ayacucho,2900,2700,10800,4.0,0.931
trigo,2015,2015/2016,Buenos Aires,Arrecifes,12920,12320,49280,4.0,0.954
trigo,2015,2015/2016,Buenos Aires,Azul,32110,31680,129711,4.094,0.987
trigo,2015,2015/2016,Buenos Aires,Bahía Blanca,8680,8480,22048,2.6,0.977
trigo,2015,2015/2016,Buenos Aires,9 de Julio,8000,7200,28800,4.0,0.9
trigo,2015,2015/2016,Córdoba,Presidente Roque Sáenz Peña,96550,75110,202800,2.7,0.778
trigo,2015,2015/2016,Buenos Aires,Alberti,13240,10640,42560,4.0,0.804
trigo,2015,2015/2016,Buenos Aires,Benito Juárez,26080,25680,100152,3.9,0.985
trigo,2015,2015/2016,Buenos Aires,25 de Mayo,14100,6200,18600,3.0,0.44
trigo,2015,2015/2016,Córdoba,San Justo,200000,179000,429600,2.4,0.895
trigo,2015,2015/2016,Buenos Aires,Chacabuco,15640,13140,59130,4.5,0.84
trigo,2015,2015/2016,Córdoba,General Roca,72400,49400,128440,2.6,0.682
trigo,2015,2015/2016,Córdoba,Tulumba,15000,13600,29920,2.2,0.907
trigo,2015,2015/2016,Buenos Aires,Adolfo Alsina,85500,85000,229400,2.699,0.994
trigo,2015,2015/2016,Entre Ríos,Diamante,28670,27470,90651,3.3,0.958
trigo,2015,2015/2016,Entre Ríos,Federación,3000,3000,7200,2.4,1.0
trigo,2015,2015/2016,Entre Ríos,Tala,5600,5500,14300,2.6,0.982
trigo,2015,2015/2016,Entre Ríos,San Salvador,1500,1400,3500,2.5,0.933
trigo,2015,2015/2016,Entre Ríos,Federal,5000,4800,13440,2.8,0.96
trigo,2015,2015/2016,Buenos Aires,San Antonio de Areco,5540,5440,20560,3.779,0.982
trigo,2015,2015/2016,Jujuy,Ledesma,50,50,90,1.8,1.0
trigo,2015,2015/2016,Jujuy,San Antonio,95,95,210,2.211,1.0
trigo,2015,2015/2016,Buenos Aires,San Cayetano,30230,29030,113280,3.902,0.96
trigo,2015,2015/2016,Salta,Anta,57834,50834,81330,1.6,0.879
trigo,2016,2016/2017,Salta,General José de San Martín,4200,2770,2770,1.0,0.66
trigo,2016,2016/2017,Salta,Capital,700,460,1058,2.3,0.657
trigo,2016,2016/2017,La Pampa,Guatraché,38000,34160,64904,1.9,0.899
trigo,2016,2016/2017,Córdoba,Río Cuarto,89600,80550,233595,2.9,0.899
trigo,2016,2016/2017,Salta,La Viña,100,60,132,2.2,0.6
trigo,2016,2016/2017,San Luis,Chacabuco,400,350,805,2.3,0.875
trigo,2016,2016/2017,San Luis,Junín,200,170,595,3.5,0.85
trigo,2016,2016/2017,Santiago del Estero,Aguirre,10000,6590,15157,2.3,0.659
trigo,2016,2016/2017,San Luis,Coronel Pringles,1100,980,2646,2.7,0.891
trigo,2016,2016/2017,Buenos Aires,General Las Heras,400,350,1610,4.6,0.875
trigo,2016,2016/2017,Santiago del Estero,Banda,1000,650,1755,2.7,0.65
trigo,2016,2016/2017,Santiago del Estero,Alberdi,8800,5800,14500,2.5,0.659
trigo,2016,2016/2017,Santa Fe,San Martín,90900,81720,277848,3.4,0.899
trigo,2016,2016/2017,Santa Fe,Las Colonias,86600,77850,249120,3.2,0.899
trigo,2016,2016/2017,Santa Fe,Rosario,30500,26000,106600,4.1,0.852
trigo,2016,2016/2017,Salta,Cerrillos,300,190,418,2.2,0.633
trigo,2016,2016/2017,San Luis,Juan Martín de Pueyrredón,600,520,1404,2.7,0.867
trigo,2016,2016/2017,Salta,La Candelaria,300,190,304,1.6,0.633
trigo,2016,2016/2017,Salta,Rosario de Lerma,300,190,456,2.4,0.633
trigo,2016,2016/2017,San Luis,Ayacucho,2200,2060,8040,3.903,0.936
trigo,2016,2016/2017,Santa Fe,Castellanos,87200,78390,235170,3.0,0.899
trigo,2016,2016/2017,La Pampa,Toay,12000,10780,19404,1.8,0.898
trigo,2016,2016/2017,Buenos Aires,Patagones,50000,44940,76398,1.7,0.899
trigo,2016,2016/2017,La Pampa,Capital,32100,28860,69264,2.4,0.899
trigo,2016,2016/2017,Santa Fe,Iriondo,59300,53310,207909,3.9,0.899
trigo,2016,2016/2017,Jujuy,Palpalá,120,100,250,2.5,0.833
trigo,2016,2016/2017,Entre Ríos,San Salvador,2500,2260,6102,2.7,0.904
trigo,2016,2016/2017,Buenos Aires,9 de Julio,57500,51690,217098,4.2,0.899
trigo,2016,2016/2017,Buenos Aires,Adolfo Gonzales Chaves,54300,48810,131787,2.7,0.899
trigo,2016,2016/2017,Buenos Aires,Bahía Blanca,16400,14740,28006,1.9,0.899
trigo,2016,2016/2017,Buenos Aires,Punta Indio,200,170,578,3.4,0.85
trigo,2016,2016/2017,Buenos Aires,Balcarce,40500,36400,134680,3.7,0.899
trigo,2016,2016/2017,Entre Ríos,Paraná,52000,44200,150280,3.4,0.85
trigo,2016,2016/2017,Buenos Aires,Leandro N. Alem,19500,17530,75379,4.3,0.899
trigo,2016,2016/2017,Buenos Aires,Baradero,13500,12130,52159,4.3,0.899
trigo,2016,2016/2017,Santiago del Estero,Guasayán,2500,1640,2296,1.4,0.656
trigo,2016,2016/2017,Tucumán,Burruyacú,46800,30880,37056,1.2,0.66
trigo,2016,2016/2017,Santa Fe,Caseros,41700,36700,154140,4.2,0.88
trigo,2016,2016/2017,San Luis,Gobernador Dupuy,3500,3140,6280,2.0,0.897
trigo,2016,2016/2017,Buenos Aires,Tres Arroyos,114200,102660,287448,2.8,0.899
trigo,2016,2016/2017,Salta,Chicoana,500,320,736,2.3,0.64
trigo,2016,2016/2017,Salta,Metán,9500,6260,13146,2.1,0.659
trigo,2016,2016/2017,La Pampa,Catriló,22700,20400,55080,2.7,0.899
trigo,2016,2016/2017,Chaco,Mayor Luis J. Fontana,13300,8770,13155,1.5,0.659
trigo,2016,2016/2017,Santa Fe,San Jerónimo,72200,64910,227185,3.5,0.899
trigo,2016,2016/2017,Chaco,Quitilipi,1000,650,650,1.0,0.65
trigo,2016,2016/2017,Buenos Aires,Chascomús,7700,6920,24912,3.6,0.899
trigo,2016,2016/2017,Córdoba,General Roca,105000,94400,302080,3.2,0.899
trigo,2016,2016/2017,Buenos Aires,General Pinto,42300,38020,159684,4.2,0.899
trigo,2016,2016/2017,Santiago del Estero,Mitre,5000,3290,4606,1.4,0.658
trigo,2016,2016/2017,Buenos Aires,Villarino,32100,28860,34632,1.2,0.899
trigo,2016,2016/2017,Chaco,2 de Abril,12500,8240,14008,1.7,0.659
trigo,2016,2016/2017,Santa Fe,San Justo,30000,26960,78184,2.9,0.899
trigo,2016,2016/2017,La Pampa,Rancul,44600,40100,124310,3.1,0.899
trigo,2016,2016/2017,San Luis,Libertador General San Martín,100,80,240,3.0,0.8
trigo,2016,2016/2017,Córdoba,Tercero Arriba,60800,54650,180345,3.3,0.899
trigo,2016,2016/2017,Buenos Aires,Salliqueló,5200,4680,16290,3.481,0.9
trigo,2016,2016/2017,Santa Fe,La Capital,10000,8980,26042,2.9,0.898
trigo,2016,2016/2017,Buenos Aires,Tandil,43400,39020,148276,3.8,0.899
trigo,2016,2016/2017,Entre Ríos,Diamante,40500,37020,129570,3.5,0.914
trigo,2016,2016/2017,Córdoba,Río Segundo,128500,115520,346560,3.0,0.899
trigo,2016,2016/2017,Buenos Aires,San Andrés de Giles,8000,7180,32310,4.5,0.898
trigo,2016,2016/2017,Córdoba,Marcos Juárez,139800,125680,578128,4.6,0.899
trigo,2016,2016/2017,Córdoba,Ischilín,500,440,1144,2.6,0.88
trigo,2016,2016/2017,Buenos Aires,Adolfo Alsina,91200,82110,237939,2.898,0.9
trigo,2016,2016/2017,Buenos Aires,Necochea,45700,41080,151996,3.7,0.899
trigo,2016,2016/2017,Buenos Aires,Bolívar,20000,17970,79068,4.4,0.898
trigo,2016,2016/2017,Buenos Aires,Benito Juárez,31200,28040,95336,3.4,0.899
trigo,2016,2016/2017,Buenos Aires,Cañuelas,1800,1600,6880,4.3,0.889
trigo,2016,2016/2017,Buenos Aires,Castelli,2000,1790,6086,3.4,0.895
trigo,2016,2016/2017,Buenos Aires,Daireaux,28600,25700,100230,3.9,0.899
trigo,2016,2016/2017,Buenos Aires,Coronel Suárez,117400,105550,306095,2.9,0.899
trigo,2016,2016/2017,Buenos Aires,General Alvear,6500,5840,25696,4.4,0.898
trigo,2016,2016/2017,Buenos Aires,Lincoln,60700,54560,229152,4.2,0.899
trigo,2016,2016/2017,Buenos Aires,General Pueyrredón,12100,10870,39132,3.6,0.898
trigo,2016,2016/2017,Buenos Aires,Maipú,3900,3500,13650,3.9,0.897
trigo,2016,2016/2017,Buenos Aires,Guaminí,60400,54430,200831,3.69,0.901
trigo,2016,2016/2017,Buenos Aires,General Villegas,73800,66340,252092,3.8,0.899
trigo,2016,2016/2017,Buenos Aires,Hipólito Yrigoyen,6500,5840,22776,3.9,0.898
trigo,2016,2016/2017,Buenos Aires,Pergamino,39800,35780,171744,4.8,0.899
trigo,2016,2016/2017,Buenos Aires,Navarro,5900,5300,20140,3.8,0.898
trigo,2016,2016/2017,Buenos Aires,Mar Chiquita,7100,6380,23606,3.7,0.899
trigo,2016,2016/2017,Córdoba,Santa María,20800,18700,50490,2.7,0.899
trigo,2016,2016/2017,Buenos Aires,Ramallo,15500,13920,62640,4.5,0.898
trigo,2016,2016/2017,Córdoba,Colón,35600,32000,86400,2.7,0.899
trigo,2016,2016/2017,Buenos Aires,Monte,4800,4300,15910,3.7,0.896
trigo,2016,2016/2017,Buenos Aires,Trenque Lauquen,32900,29570,144893,4.9,0.899
trigo,2016,2016/2017,Córdoba,San Justo,247300,222340,733722,3.3,0.899
trigo,2016,2016/2017,Buenos Aires,Salto,25600,23000,108100,4.7,0.898
trigo,2016,2016/2017,Córdoba,Río Primero,175300,157610,504352,3.2,0.899
trigo,2016,2016/2017,Buenos Aires,San Nicolás,6200,5560,24464,4.4,0.897
trigo,2016,2016/2017,Córdoba,General San Martín,126600,113820,398370,3.5,0.899
trigo,2016,2016/2017,Chaco,Independencia,9000,5940,6237,1.05,0.66
trigo,2016,2016/2017,Córdoba,Capital,850,750,2025,2.7,0.882
trigo,2016,2016/2017,Buenos Aires,Zárate,1900,1700,7480,4.4,0.895
trigo,2016,2016/2017,Chaco,9 de Julio,6000,3960,5544,1.4,0.66
trigo,2016,2016/2017,Chaco,General Belgrano,5000,3290,4935,1.5,0.658
trigo,2016,2016/2017,Córdoba,Calamuchita,9100,8170,22059,2.7,0.898
trigo,2016,2016/2017,Chaco,San Lorenzo,800,520,572,1.1,0.65
trigo,2016,2016/2017,Córdoba,Tulumba,34900,31370,84699,2.7,0.899
trigo,2016,2016/2017,Córdoba,Totoral,41700,37480,108692,2.9,0.899
trigo,2016,2016/2017,Córdoba,Unión,192000,172620,759528,4.4,0.899
trigo,2016,2016/2017,Salta,Anta,44900,29620,50354,1.7,0.66
trigo,2016,2016/2017,Entre Ríos,La Paz,20000,16400,52480,3.2,0.82
trigo,2016,2016/2017,Entre Ríos,Gualeguaychú,61900,60820,188542,3.1,0.983
trigo,2016,2016/2017,Jujuy,El Carmen,700,580,1450,2.5,0.829
trigo,2016,2016/2017,Jujuy,San Pedro,400,280,700,2.5,0.7
trigo,2016,2016/2017,Jujuy,San Antonio,95,65,163,2.508,0.684
trigo,2016,2016/2017,La Pampa,Conhelo,39500,35500,120700,3.4,0.899
trigo,2016,2016/2017,La Pampa,Maracó,14800,13300,49210,3.7,0.899
trigo,2016,2016/2017,La Pampa,Hucal,39000,35060,94662,2.7,0.899
trigo,2016,2016/2017,La Pampa,Quemú Quemú,21300,19140,66990,3.5,0.899
trigo,2016,2016/2017,Santa Fe,San Javier,3000,2680,7236,2.7,0.893
trigo,2016,2016/2017,San Luis,General Pedernera,16100,14460,36150,2.5,0.898
trigo,2016,2016/2017,Salta,General Güemes,600,390,897,2.3,0.65
trigo,2016,2016/2017,Salta,Orán,300,190,190,1.0,0.633
trigo,2016,2016/2017,Salta,Rosario de la Frontera,14200,9360,18720,2.0,0.659
trigo,2016,2016/2017,Santa Fe,San Cristóbal,20000,17970,50316,2.8,0.898
trigo,2016,2016/2017,Santa Fe,Belgrano,36800,33080,129012,3.9,0.899
trigo,2016,2016/2017,Santa Fe,General López,140200,126050,542015,4.3,0.899
trigo,2016,2016/2017,Santa Fe,Villa Constitución,53100,47100,183690,3.9,0.887
trigo,2016,2016/2017,Santa Fe,General Obligado,38500,34610,76142,2.2,0.899
trigo,2016,2016/2017,Santiago del Estero,General Taboada,85000,56090,151443,2.7,0.66
trigo,2016,2016/2017,Tucumán,Tafí del Valle,100,60,66,1.1,0.6
trigo,2016,2016/2017,Santiago del Estero,Capital,1000,650,1560,2.4,0.65
trigo,2016,2016/2017,Santa Fe,San Lorenzo,38500,34000,132600,3.9,0.883
trigo,2016,2016/2017,Santiago del Estero,Belgrano,77400,51080,137916,2.7,0.66
trigo,2016,2016/2017,Tucumán,Simoca,1400,920,1104,1.2,0.657
trigo,2016,2016/2017,Santiago del Estero,Jiménez,38700,25530,53613,2.1,0.66
trigo,2016,2016/2017,Santiago del Estero,Río Hondo,11700,7710,14649,1.9,0.659
trigo,2016,2016/2017,Tucumán,Cruz Alta,27900,18400,22080,1.2,0.659
trigo,2016,2016/2017,Tucumán,Leales,26800,17680,19448,1.1,0.66
trigo,2016,2016/2017,Buenos Aires,General Alvarado,28500,25620,99918,3.9,0.899
trigo,2016,2016/2017,Buenos Aires,Florentino Ameghino,14400,12930,53013,4.1,0.898
trigo,2016,2016/2017,La Pampa,Trenel,22500,20220,70770,3.5,0.899
trigo,2016,2016/2017,Córdoba,Juárez Celman,57600,51780,155340,3.0,0.899
trigo,2016,2016/2017,Buenos Aires,Colón,13200,11860,55742,4.7,0.898
trigo,2016,2016/2017,Buenos Aires,Chivilcoy,27800,24990,104958,4.2,0.899
trigo,2016,2016/2017,Buenos Aires,Campana,2800,2510,11044,4.4,0.896
trigo,2016,2016/2017,Córdoba,Presidente Roque Sáenz Peña,77000,69220,235348,3.4,0.899
trigo,2016,2016/2017,La Pampa,Realicó,25400,22830,77622,3.4,0.899
trigo,2016,2016/2017,La Pampa,Chapaleufú,24100,21660,80142,3.7,0.899
trigo,2016,2016/2017,Santiago del Estero,Juan F. Ibarra,15000,9900,26730,2.7,0.66
trigo,2016,2016/2017,Tucumán,Lules,2600,2510,3514,1.4,0.965
trigo,2016,2016/2017,Tucumán,Graneros,27600,18210,21852,1.2,0.66
trigo,2016,2016/2017,Santiago del Estero,Moreno,18700,12340,33318,2.7,0.66
trigo,2016,2016/2017,La Pampa,Atreucó,27900,25080,47652,1.9,0.899
trigo,2016,2016/2017,Chaco,Maipú,4000,2630,2893,1.1,0.658
trigo,2016,2016/2017,Tucumán,Famaillá,200,120,180,1.5,0.6
trigo,2016,2016/2017,Tucumán,La Cocha,11600,7650,9945,1.3,0.659
trigo,2016,2016/2017,Tucumán,Juan Bautista Alberdi,400,250,375,1.5,0.625
trigo,2016,2016/2017,Santiago del Estero,Robles,2000,1310,3537,2.7,0.655
trigo,2016,2016/2017,Santiago del Estero,Silípica,2000,1310,3537,2.7,0.655
trigo,2016,2016/2017,Buenos Aires,Magdalena,400,350,1330,3.8,0.875
trigo,2016,2016/2017,La Pampa,Utracán,18000,16170,30723,1.9,0.898
trigo,2016,2016/2017,Jujuy,Santa Bárbara,1900,1660,4150,2.5,0.874
trigo,2016,2016/2017,Entre Ríos,Villaguay,13500,12300,35670,2.9,0.911
trigo,2016,2016/2017,Jujuy,Ledesma,50,30,75,2.5,0.6
trigo,2016,2016/2017,Entre Ríos,Victoria,47100,43020,146268,3.4,0.913
trigo,2016,2016/2017,Entre Ríos,Tala,16500,16140,48420,3.0,0.978
trigo,2016,2016/2017,Entre Ríos,Nogoyá,45400,43960,140672,3.2,0.968
trigo,2016,2016/2017,Entre Ríos,Uruguay,30000,27360,87552,3.2,0.912
trigo,2016,2016/2017,Chaco,O'Higgins,26000,17150,25725,1.5,0.66
trigo,2016,2016/2017,Entre Ríos,Concordia,5200,3420,8892,2.6,0.658
trigo,2016,2016/2017,Entre Ríos,Colón,5000,4520,12204,2.7,0.904
trigo,2016,2016/2017,Córdoba,Río Seco,32600,29300,84970,2.9,0.899
trigo,2016,2016/2017,Entre Ríos,Federación,4100,3740,9724,2.6,0.912
trigo,2016,2016/2017,Chaco,Sargento Cabral,100,60,114,1.9,0.6
trigo,2016,2016/2017,Buenos Aires,Saladillo,7400,6640,24568,3.7,0.897
trigo,2016,2016/2017,Buenos Aires,Luján,900,800,3600,4.5,0.889
trigo,2016,2016/2017,Chaco,Libertador General San Martín,500,320,352,1.1,0.64
trigo,2016,2016/2017,Entre Ríos,Federal,6500,5900,18880,3.2,0.908
trigo,2016,2016/2017,Buenos Aires,Capitán Sarmiento,5100,4580,20610,4.5,0.898
trigo,2016,2016/2017,Córdoba,San Javier,4500,4040,14948,3.7,0.898
trigo,2016,2016/2017,Chaco,General Güemes,1200,790,830,1.051,0.658
trigo,2016,2016/2017,Chaco,Fray Justo Santa María de Oro,5000,3290,4606,1.4,0.658
trigo,2016,2016/2017,Chaco,Comandante Fernández,5000,3290,3784,1.15,0.658
trigo,2016,2016/2017,Catamarca,Santa Rosa,34400,30920,37104,1.2,0.899
trigo,2016,2016/2017,Chaco,Almirante Brown,10000,6590,7908,1.2,0.659
trigo,2016,2016/2017,Chaco,12 de Octubre,8600,5670,10773,1.9,0.659
trigo,2016,2016/2017,Chaco,Chacabuco,7800,5140,7196,1.4,0.659
trigo,2016,2016/2017,Buenos Aires,Tres Lomas,7200,6490,24562,3.785,0.901
trigo,2016,2016/2017,Buenos Aires,San Pedro,12000,10780,46354,4.3,0.898
trigo,2016,2016/2017,Entre Ríos,Feliciano,3200,2840,6816,2.4,0.888
trigo,2016,2016/2017,Catamarca,El Alto,300,260,208,0.8,0.867
trigo,2016,2016/2017,Buenos Aires,Tornquist,34200,30740,86072,2.8,0.899
trigo,2016,2016/2017,Buenos Aires,Suipacha,4000,3590,12206,3.4,0.898
trigo,2016,2016/2017,Buenos Aires,San Antonio de Areco,16100,14460,65070,4.5,0.898
trigo,2016,2016/2017,Buenos Aires,Tapalqué,1000,890,3293,3.7,0.89
trigo,2016,2016/2017,Buenos Aires,San Cayetano,34200,30740,82998,2.7,0.899
trigo,2016,2016/2017,Buenos Aires,San Vicente,400,350,1610,4.6,0.875
trigo,2016,2016/2017,Buenos Aires,Saavedra,48200,43320,121296,2.8,0.899
trigo,2016,2016/2017,Buenos Aires,Rivadavia,31300,28130,140650,5.0,0.899
trigo,2016,2016/2017,Buenos Aires,Rauch,3900,3500,10850,3.1,0.897
trigo,2016,2016/2017,Buenos Aires,Roque Pérez,6000,5380,19906,3.7,0.897
trigo,2016,2016/2017,Buenos Aires,Rojas,33200,29840,149200,5.0,0.899
trigo,2016,2016/2017,Buenos Aires,Pellegrini,10400,9380,34446,3.672,0.902
trigo,2016,2016/2017,Buenos Aires,Olavarría,33600,30200,117780,3.9,0.899
trigo,2016,2016/2017,Entre Ríos,Gualeguay,22400,22160,79776,3.6,0.989
trigo,2016,2016/2017,Buenos Aires,Marcos Paz,900,800,3600,4.5,0.889
trigo,2016,2016/2017,Buenos Aires,Mercedes,1800,1600,5440,3.4,0.889
trigo,2016,2016/2017,Buenos Aires,Pehuajó,42300,38020,190100,5.0,0.899
trigo,2016,2016/2017,Buenos Aires,Las Flores,12500,11220,39270,3.5,0.898
trigo,2016,2016/2017,Buenos Aires,Lobería,54800,49260,182262,3.7,0.899
trigo,2016,2016/2017,Buenos Aires,Lobos,8000,7180,25848,3.6,0.898
trigo,2016,2016/2017,Buenos Aires,Junín,25300,22740,111426,4.9,0.899
trigo,2016,2016/2017,Buenos Aires,General Rodríguez,100,80,352,4.4,0.8
trigo,2016,2016/2017,Buenos Aires,La Plata,100,80,312,3.9,0.8
trigo,2016,2016/2017,Buenos Aires,General Viamonte,29700,26700,106800,4.0,0.899
trigo,2016,2016/2017,Buenos Aires,Laprida,9700,8710,20904,2.4,0.898
trigo,2016,2016/2017,Buenos Aires,General Juan Madariaga,11700,10510,43091,4.1,0.898
trigo,2016,2016/2017,Buenos Aires,General Lavalle,600,520,1404,2.7,0.867
trigo,2016,2016/2017,Buenos Aires,General Paz,500,440,1892,4.3,0.88
trigo,2016,2016/2017,Buenos Aires,Pila,3000,2680,9380,3.5,0.893
trigo,2016,2016/2017,Buenos Aires,General Arenales,24900,22380,111900,5.0,0.899
trigo,2016,2016/2017,Buenos Aires,Exaltación de la Cruz,3000,2680,11256,4.2,0.893
trigo,2016,2016/2017,Buenos Aires,General Belgrano,12200,10960,37264,3.4,0.898
trigo,2016,2016/2017,Buenos Aires,General Guido,1900,1700,4590,2.7,0.895
trigo,2016,2016/2017,Buenos Aires,Coronel Pringles,71700,64460,148258,2.3,0.899
trigo,2016,2016/2017,Buenos Aires,Coronel Dorrego,83700,75250,173075,2.3,0.899
trigo,2016,2016/2017,Buenos Aires,Chacabuco,19200,17250,82800,4.8,0.898
trigo,2016,2016/2017,Buenos Aires,General La Madrid,39000,35060,98168,2.8,0.899
trigo,2016,2016/2017,Buenos Aires,Coronel de Marina Leonardo Rosales,15700,14110,28220,2.0,0.899
trigo,2016,2016/2017,Buenos Aires,Bragado,25400,22830,95886,4.2,0.899
trigo,2016,2016/2017,Buenos Aires,Carlos Tejedor,27600,24800,116560,4.7,0.899
trigo,2016,2016/2017,Buenos Aires,Carmen de Areco,8500,7630,35861,4.7,0.898
trigo,2016,2016/2017,Buenos Aires,Brandsen,700,620,2418,3.9,0.886
trigo,2016,2016/2017,Buenos Aires,Carlos Casares,26000,23370,116850,5.0,0.899
trigo,2016,2016/2017,Buenos Aires,Alberti,27600,24800,104160,4.2,0.899
trigo,2016,2016/2017,Buenos Aires,Azul,47600,42780,162564,3.8,0.899
trigo,2016,2016/2017,Buenos Aires,Pilar,200,170,782,4.6,0.85
trigo,2016,2016/2017,Buenos Aires,25 de Mayo,47900,43060,159322,3.7,0.899
trigo,2016,2016/2017,Buenos Aires,Arrecifes,24200,21750,95700,4.4,0.899
trigo,2016,2016/2017,Buenos Aires,Ayacucho,11400,10240,31744,3.1,0.898
trigo,2016,2016/2017,Buenos Aires,Puán,51900,46650,130620,2.8,0.899
trigo,2016,2016/2017,Santiago del Estero,Pellegrini,23400,15440,29336,1.9,0.66
trigo,2016,2016/2017,Santa Fe,Vera,8000,7180,17950,2.5,0.898
trigo,2016,2016/2017,Santa Fe,9 de Julio,97400,87570,210168,2.4,0.899
trigo,2016,2016/2017,Santiago del Estero,Rivadavia,26700,17610,51069,2.9,0.66
trigo,2017,2017/2018,Tucumán,Leales,23450,22300,22300,1.0,0.951
trigo,2017,2017/2018,Tucumán,La Cocha,15140,14500,14500,1.0,0.958
trigo,2017,2017/2018,Tucumán,Graneros,29510,28910,28910,1.0,0.98
trigo,2017,2017/2018,Buenos Aires,General Alvarado,21420,21420,92106,4.3,1.0
trigo,2017,2017/2018,Catamarca,Santa Rosa,38750,37860,37860,1.0,0.977
trigo,2017,2017/2018,San Luis,General Pedernera,19660,18460,46150,2.5,0.939
trigo,2017,2017/2018,Santiago del Estero,Pellegrini,25680,25680,56496,2.2,1.0
trigo,2017,2017/2018,La Pampa,Toay,28770,28770,46032,1.6,1.0
trigo,2017,2017/2018,Jujuy,Santa Bárbara,1900,1900,1900,1.0,1.0
trigo,2017,2017/2018,Salta,La Candelaria,300,300,300,1.0,1.0
trigo,2017,2017/2018,Buenos Aires,Azul,45220,45220,189924,4.2,1.0
trigo,2017,2017/2018,Santa Fe,Iriondo,60820,60820,237198,3.9,1.0
trigo,2017,2017/2018,Tucumán,Juan Bautista Alberdi,500,500,550,1.1,1.0
trigo,2017,2017/2018,San Luis,Ayacucho,2200,2200,8700,3.955,1.0
trigo,2017,2017/2018,Santiago del Estero,Juan F. Ibarra,15100,15100,16610,1.1,1.0
trigo,2017,2017/2018,Santiago del Estero,Belgrano,95950,95950,220685,2.3,1.0
trigo,2017,2017/2018,Santa Fe,Rosario,33020,33020,141986,4.3,1.0
trigo,2017,2017/2018,Santa Fe,Las Colonias,91110,89110,249508,2.8,0.978
trigo,2017,2017/2018,Santa Fe,Villa Constitución,42730,42730,175193,4.1,1.0
trigo,2017,2017/2018,Santa Fe,San Martín,110380,110380,408406,3.7,1.0
trigo,2017,2017/2018,Salta,Cerrillos,300,300,540,1.8,1.0
trigo,2017,2017/2018,Córdoba,Tercero Arriba,43130,43130,142329,3.3,1.0
trigo,2017,2017/2018,Chaco,O'Higgins,30046,28396,42594,1.5,0.945
trigo,2017,2017/2018,Buenos Aires,Tres Lomas,3100,2400,5770,2.404,0.774
trigo,2017,2017/2018,Chaco,Chacabuco,9014,8423,13477,1.6,0.934
trigo,2017,2017/2018,Chaco,General Belgrano,6100,5686,8529,1.5,0.932
trigo,2017,2017/2018,Chaco,Maipú,6000,5950,6545,1.1,0.992
trigo,2017,2017/2018,Chaco,25 de Mayo,140,140,168,1.2,1.0
trigo,2017,2017/2018,Buenos Aires,Ayacucho,1345,1345,5111,3.8,1.0
trigo,2017,2017/2018,Jujuy,Palpalá,120,120,168,1.4,1.0
trigo,2017,2017/2018,Buenos Aires,San Pedro,13660,13660,58738,4.3,1.0
trigo,2017,2017/2018,Buenos Aires,Olavarría,21480,21480,85920,4.0,1.0
trigo,2017,2017/2018,Buenos Aires,Saavedra,47290,46490,144119,3.1,0.983
trigo,2017,2017/2018,Buenos Aires,Pila,4145,4145,15751,3.8,1.0
trigo,2017,2017/2018,Buenos Aires,Colón,11470,11470,52762,4.6,1.0
trigo,2017,2017/2018,Buenos Aires,Mercedes,3795,3795,15180,4.0,1.0
trigo,2017,2017/2018,Buenos Aires,Chascomús,3390,3390,16272,4.8,1.0
trigo,2017,2017/2018,Buenos Aires,Cañuelas,1800,1800,8640,4.8,1.0
trigo,2017,2017/2018,Buenos Aires,Campana,2800,2800,12320,4.4,1.0
trigo,2017,2017/2018,Buenos Aires,Bahía Blanca,10940,10940,19692,1.8,1.0
trigo,2017,2017/2018,Jujuy,San Antonio,95,95,95,1.0,1.0
trigo,2017,2017/2018,La Pampa,Capital,28800,28800,60480,2.1,1.0
trigo,2017,2017/2018,Santiago del Estero,Guasayán,2000,2000,3000,1.5,1.0
trigo,2017,2017/2018,La Pampa,Atreucó,22000,22000,50600,2.3,1.0
trigo,2017,2017/2018,Chaco,Independencia,8000,7820,9384,1.2,0.978
trigo,2017,2017/2018,Buenos Aires,Daireaux,16000,16000,56000,3.5,1.0
trigo,2017,2017/2018,Buenos Aires,Bolívar,16000,16000,48000,3.0,1.0
trigo,2017,2017/2018,Santiago del Estero,Jiménez,48580,48580,106876,2.2,1.0
trigo,2017,2017/2018,Tucumán,Lules,900,900,1080,1.2,1.0
trigo,2017,2017/2018,Santiago del Estero,Río Hondo,12430,12430,27346,2.2,1.0
trigo,2017,2017/2018,La Pampa,Chapaleufú,4300,3600,13320,3.7,0.837
trigo,2017,2017/2018,Buenos Aires,Alberti,25281,25281,126405,5.0,1.0
trigo,2017,2017/2018,Buenos Aires,Florentino Ameghino,13650,13650,57330,4.2,1.0
trigo,2017,2017/2018,Buenos Aires,Bragado,25849,25849,129245,5.0,1.0
trigo,2017,2017/2018,Buenos Aires,Exaltación de la Cruz,3000,3000,12900,4.3,1.0
trigo,2017,2017/2018,Buenos Aires,Chacabuco,24135,23635,113448,4.8,0.979
trigo,2017,2017/2018,Buenos Aires,Coronel de Marina Leonardo Rosales,12308,12308,43078,3.5,1.0
trigo,2017,2017/2018,Buenos Aires,General Rodríguez,100,100,480,4.8,1.0
trigo,2017,2017/2018,Buenos Aires,General Arenales,22490,21990,98955,4.5,0.978
trigo,2017,2017/2018,Buenos Aires,General La Madrid,40260,39760,119280,3.0,0.988
trigo,2017,2017/2018,Buenos Aires,General Juan Madariaga,5020,5020,27610,5.5,1.0
trigo,2017,2017/2018,Buenos Aires,Marcos Paz,900,900,4320,4.8,1.0
trigo,2017,2017/2018,Buenos Aires,Laprida,10724,10724,36462,3.4,1.0
trigo,2017,2017/2018,Buenos Aires,General Viamonte,15284,14984,60685,4.05,0.98
trigo,2017,2017/2018,Buenos Aires,La Plata,100,100,450,4.5,1.0
trigo,2017,2017/2018,Buenos Aires,Lobería,47370,47370,213165,4.5,1.0
trigo,2017,2017/2018,Buenos Aires,Lincoln,43500,43090,176669,4.1,0.991
trigo,2017,2017/2018,Buenos Aires,Lobos,6030,5910,21867,3.7,0.98
trigo,2017,2017/2018,Buenos Aires,Pehuajó,31600,30600,146880,4.8,0.968
trigo,2017,2017/2018,Buenos Aires,Roque Pérez,4520,4445,16891,3.8,0.983
trigo,2017,2017/2018,Buenos Aires,Monte,3620,3550,13490,3.8,0.981
trigo,2017,2017/2018,Buenos Aires,Rojas,27740,26940,140088,5.2,0.971
trigo,2017,2017/2018,Buenos Aires,Pilar,200,200,1000,5.0,1.0
trigo,2017,2017/2018,Buenos Aires,Puán,62360,61360,184080,3.0,0.984
trigo,2017,2017/2018,Buenos Aires,Tres Arroyos,105070,105070,514843,4.9,1.0
trigo,2017,2017/2018,Buenos Aires,San Cayetano,33248,33248,132992,4.0,1.0
trigo,2017,2017/2018,Buenos Aires,San Antonio de Areco,11850,11850,52140,4.4,1.0
trigo,2017,2017/2018,Buenos Aires,Trenque Lauquen,28200,25780,123744,4.8,0.914
trigo,2017,2017/2018,Buenos Aires,Tornquist,32760,32260,96780,3.0,0.985
trigo,2017,2017/2018,La Pampa,Conhelo,32000,31100,83970,2.7,0.972
trigo,2017,2017/2018,Jujuy,Ledesma,50,50,70,1.4,1.0
trigo,2017,2017/2018,Entre Ríos,Victoria,34360,33860,96501,2.85,0.985
trigo,2017,2017/2018,Chaco,San Lorenzo,924,869,1043,1.2,0.94
trigo,2017,2017/2018,Chaco,Quitilipi,1000,1000,1450,1.45,1.0
trigo,2017,2017/2018,Entre Ríos,Uruguay,30000,29500,73750,2.5,0.983
trigo,2017,2017/2018,Córdoba,General Roca,46780,46780,182442,3.9,1.0
trigo,2017,2017/2018,Córdoba,Capital,850,850,1700,2.0,1.0
trigo,2017,2017/2018,Córdoba,San Justo,260000,252250,731525,2.9,0.97
trigo,2017,2017/2018,Córdoba,Marcos Juárez,161763,146763,704462,4.8,0.907
trigo,2017,2017/2018,Córdoba,San Javier,4500,4500,17100,3.8,1.0
trigo,2017,2017/2018,Entre Ríos,Tala,17000,16700,37575,2.25,0.982
trigo,2017,2017/2018,Entre Ríos,Diamante,45810,45810,137430,3.0,1.0
trigo,2017,2017/2018,Entre Ríos,Concordia,5000,5000,12000,2.4,1.0
trigo,2017,2017/2018,Entre Ríos,Gualeguay,25300,25000,72500,2.9,0.988
trigo,2017,2017/2018,Entre Ríos,Feliciano,3000,3000,5400,1.8,1.0
trigo,2017,2017/2018,Entre Ríos,Gualeguaychú,60000,59000,138650,2.35,0.983
trigo,2017,2017/2018,La Pampa,Guatraché,53920,53920,86272,1.6,1.0
trigo,2017,2017/2018,Santiago del Estero,Silípica,2500,2500,5000,2.0,1.0
trigo,2017,2017/2018,Santa Fe,Belgrano,52840,52840,216644,4.1,1.0
trigo,2017,2017/2018,Entre Ríos,Villaguay,16300,16100,35420,2.2,0.988
trigo,2017,2017/2018,La Pampa,Rancul,19150,17750,47925,2.7,0.927
trigo,2017,2017/2018,La Pampa,Quemú Quemú,11740,11140,35648,3.2,0.949
trigo,2017,2017/2018,Salta,Anta,71600,66200,79440,1.2,0.925
trigo,2017,2017/2018,Salta,Rosario de la Frontera,13100,11850,14220,1.2,0.905
trigo,2017,2017/2018,Salta,Chicoana,500,500,850,1.7,1.0
trigo,2017,2017/2018,Salta,Orán,3070,3010,2408,0.8,0.98
trigo,2017,2017/2018,San Luis,Chacabuco,800,800,1680,2.1,1.0
trigo,2017,2017/2018,San Luis,Coronel Pringles,850,850,2210,2.6,1.0
trigo,2017,2017/2018,Santiago del Estero,Robles,2500,2500,6250,2.5,1.0
trigo,2017,2017/2018,Santa Fe,General Obligado,37740,37740,64158,1.7,1.0
trigo,2017,2017/2018,Santa Fe,General López,78000,68640,295152,4.3,0.88
trigo,2017,2017/2018,Santa Fe,San Cristóbal,20000,20000,50000,2.5,1.0
trigo,2017,2017/2018,Santiago del Estero,General Taboada,164500,164500,411250,2.5,1.0
trigo,2017,2017/2018,Santiago del Estero,Capital,1500,1500,3750,2.5,1.0
trigo,2017,2017/2018,Santiago del Estero,Loreto,1000,1000,2200,2.2,1.0
trigo,2017,2017/2018,Tucumán,Cruz Alta,20330,19880,19880,1.0,0.978
trigo,2017,2017/2018,Tucumán,Tafí del Valle,200,200,220,1.1,1.0
trigo,2017,2017/2018,Tucumán,Famaillá,200,200,240,1.2,1.0
trigo,2017,2017/2018,Tucumán,Simoca,1000,1000,1200,1.2,1.0
trigo,2017,2017/2018,Córdoba,Río Cuarto,61170,61170,152925,2.5,1.0
trigo,2017,2017/2018,Santa Fe,San Justo,30000,30000,72000,2.4,1.0
trigo,2017,2017/2018,Jujuy,San Pedro,400,400,400,1.0,1.0
trigo,2017,2017/2018,Santiago del Estero,Banda,2000,2000,5000,2.5,1.0
trigo,2017,2017/2018,Santiago del Estero,Alberdi,20500,20500,20500,1.0,1.0
trigo,2017,2017/2018,Santa Fe,San Jerónimo,75630,75630,264705,3.5,1.0
trigo,2017,2017/2018,Santa Fe,San Javier,5000,5000,8000,1.6,1.0
trigo,2017,2017/2018,Santa Fe,Vera,8000,8000,14400,1.8,1.0
trigo,2017,2017/2018,Santiago del Estero,Aguirre,16820,16820,28594,1.7,1.0
trigo,2017,2017/2018,Santiago del Estero,Rivadavia,27800,27800,55600,2.0,1.0
trigo,2017,2017/2018,Córdoba,Río Segundo,106290,106290,350757,3.3,1.0
trigo,2017,2017/2018,La Pampa,Trenel,19260,18660,50382,2.7,0.969
trigo,2017,2017/2018,Buenos Aires,Baradero,20040,20040,86172,4.3,1.0
trigo,2017,2017/2018,Santa Fe,La Capital,10000,10000,25000,2.5,1.0
trigo,2017,2017/2018,Santa Fe,San Lorenzo,49860,49860,214398,4.3,1.0
trigo,2017,2017/2018,Santa Fe,Caseros,39670,39670,174548,4.4,1.0
trigo,2017,2017/2018,Santa Fe,Castellanos,140335,137335,412005,3.0,0.979
trigo,2017,2017/2018,San Luis,Gobernador Dupuy,5130,5130,10773,2.1,1.0
trigo,2017,2017/2018,San Luis,Junín,350,350,1260,3.6,1.0
trigo,2017,2017/2018,San Luis,Juan Martín de Pueyrredón,600,600,1500,2.5,1.0
trigo,2017,2017/2018,Salta,Rosario de Lerma,300,300,480,1.6,1.0
trigo,2017,2017/2018,Salta,Metán,9300,8200,9840,1.2,0.882
trigo,2017,2017/2018,Salta,General Güemes,600,600,960,1.6,1.0
trigo,2017,2017/2018,Salta,La Viña,100,100,150,1.5,1.0
trigo,2017,2017/2018,Salta,General José de San Martín,16750,16660,13328,0.8,0.995
trigo,2017,2017/2018,Santa Fe,9 de Julio,93400,93400,242840,2.6,1.0
trigo,2017,2017/2018,Salta,Capital,700,700,1050,1.5,1.0
trigo,2017,2017/2018,La Pampa,Utracán,10590,10590,16944,1.6,1.0
trigo,2017,2017/2018,La Pampa,Realicó,7760,7460,22380,3.0,0.961
trigo,2017,2017/2018,Córdoba,Río Seco,1820,1820,4914,2.7,1.0
trigo,2017,2017/2018,Buenos Aires,Leandro N. Alem,14174,13854,56801,4.1,0.977
trigo,2017,2017/2018,La Pampa,Hucal,40000,40000,76000,1.9,1.0
trigo,2017,2017/2018,La Pampa,Maracó,11720,11320,38488,3.4,0.966
trigo,2017,2017/2018,Entre Ríos,Nogoyá,56530,56530,149805,2.65,1.0
trigo,2017,2017/2018,Entre Ríos,San Salvador,3500,3500,7350,2.1,1.0
trigo,2017,2017/2018,Entre Ríos,La Paz,21000,21000,58800,2.8,1.0
trigo,2017,2017/2018,Entre Ríos,Federación,4000,4000,8800,2.2,1.0
trigo,2017,2017/2018,Entre Ríos,Paraná,83430,81930,245790,3.0,0.982
trigo,2017,2017/2018,Entre Ríos,Federal,6800,6800,19040,2.8,1.0
trigo,2017,2017/2018,Entre Ríos,Colón,5500,5500,11550,2.1,1.0
trigo,2017,2017/2018,Córdoba,Unión,194155,175155,788198,4.5,0.902
trigo,2017,2017/2018,Córdoba,Totoral,14650,14650,39555,2.7,1.0
trigo,2017,2017/2018,Tucumán,Burruyacú,54360,53360,58696,1.1,0.982
trigo,2017,2017/2018,Córdoba,Tulumba,10417,10417,28126,2.7,1.0
trigo,2017,2017/2018,Córdoba,Presidente Roque Sáenz Peña,47080,47080,183612,3.9,1.0
trigo,2017,2017/2018,Buenos Aires,Rivadavia,6900,5100,23970,4.7,0.739
trigo,2017,2017/2018,Córdoba,Juárez Celman,61900,61900,173320,2.8,1.0
trigo,2017,2017/2018,Córdoba,Río Primero,81650,81650,228620,2.8,1.0
trigo,2017,2017/2018,Córdoba,Ischilín,1073,1073,2897,2.7,1.0
trigo,2017,2017/2018,Córdoba,Santa María,8450,8450,16900,2.0,1.0
trigo,2017,2017/2018,Córdoba,General San Martín,116150,116150,406525,3.5,1.0
trigo,2017,2017/2018,Córdoba,Colón,12460,12460,34888,2.8,1.0
trigo,2017,2017/2018,Chaco,Almirante Brown,21000,20800,26000,1.25,0.99
trigo,2017,2017/2018,Chaco,General Güemes,1600,1580,1817,1.15,0.988
trigo,2017,2017/2018,Chaco,Mayor Luis J. Fontana,15369,14447,21671,1.5,0.94
trigo,2017,2017/2018,Chaco,Comandante Fernández,6000,5900,6785,1.15,0.983
trigo,2017,2017/2018,Chaco,Fray Justo Santa María de Oro,5778,5448,8172,1.5,0.943
trigo,2017,2017/2018,Chaco,12 de Octubre,9938,9288,13003,1.4,0.935
trigo,2017,2017/2018,Chaco,2 de Abril,14445,13505,21608,1.6,0.935
trigo,2017,2017/2018,Chaco,9 de Julio,6934,6514,10422,1.6,0.939
trigo,2017,2017/2018,Jujuy,El Carmen,700,700,980,1.4,1.0
trigo,2017,2017/2018,Chaco,Sargento Cabral,90,90,198,2.2,1.0
trigo,2017,2017/2018,Buenos Aires,Rauch,2305,2305,7376,3.2,1.0
trigo,2017,2017/2018,Buenos Aires,Tandil,35162,35162,158229,4.5,1.0
trigo,2017,2017/2018,Buenos Aires,Balcarce,38700,38700,170280,4.4,1.0
trigo,2017,2017/2018,Córdoba,Calamuchita,2030,2030,4669,2.3,1.0
trigo,2017,2017/2018,Buenos Aires,Tapalqué,1500,1500,6000,4.0,1.0
trigo,2017,2017/2018,Buenos Aires,San Vicente,400,400,1960,4.9,1.0
trigo,2017,2017/2018,Buenos Aires,Ramallo,13970,13970,61468,4.4,1.0
trigo,2017,2017/2018,Buenos Aires,Suipacha,4910,4910,19640,4.0,1.0
trigo,2017,2017/2018,Buenos Aires,San Nicolás,5040,5040,22176,4.4,1.0
trigo,2017,2017/2018,Buenos Aires,Saladillo,3515,3445,13091,3.8,0.98
trigo,2017,2017/2018,Buenos Aires,San Andrés de Giles,13740,13440,60480,4.5,0.978
trigo,2017,2017/2018,Buenos Aires,Salto,30530,30530,140438,4.6,1.0
trigo,2017,2017/2018,Buenos Aires,Salliqueló,2100,1850,4265,2.305,0.881
trigo,2017,2017/2018,Buenos Aires,Luján,1100,1100,5280,4.8,1.0
trigo,2017,2017/2018,Buenos Aires,Pergamino,34823,34823,160186,4.6,1.0
trigo,2017,2017/2018,Buenos Aires,General Paz,500,500,2400,4.8,1.0
trigo,2017,2017/2018,Buenos Aires,Pellegrini,2700,2700,6000,2.222,1.0
trigo,2017,2017/2018,Buenos Aires,Patagones,52705,52705,57976,1.1,1.0
trigo,2017,2017/2018,Buenos Aires,Navarro,4450,4360,16568,3.8,0.98
trigo,2017,2017/2018,Buenos Aires,Necochea,60450,60450,272025,4.5,1.0
trigo,2017,2017/2018,Buenos Aires,General Lavalle,100,100,500,5.0,1.0
trigo,2017,2017/2018,Buenos Aires,Maipú,1862,1482,7706,5.2,0.796
trigo,2017,2017/2018,Buenos Aires,Magdalena,167,167,752,4.503,1.0
trigo,2017,2017/2018,Buenos Aires,Mar Chiquita,3113,3113,13075,4.2,1.0
trigo,2017,2017/2018,Buenos Aires,Las Flores,4000,3920,14504,3.7,0.98
trigo,2017,2017/2018,Buenos Aires,General Villegas,5500,5350,20330,3.8,0.973
trigo,2017,2017/2018,Buenos Aires,Junín,27469,26969,140239,5.2,0.982
trigo,2017,2017/2018,Buenos Aires,Hipólito Yrigoyen,5120,5120,15360,3.0,1.0
trigo,2017,2017/2018,Buenos Aires,Guaminí,40700,40400,101000,2.5,0.993
trigo,2017,2017/2018,Buenos Aires,Villarino,18180,18180,27270,1.5,1.0
trigo,2017,2017/2018,Buenos Aires,Coronel Dorrego,116820,116820,385506,3.3,1.0
trigo,2017,2017/2018,Buenos Aires,General Guido,1060,1060,4876,4.6,1.0
trigo,2017,2017/2018,Buenos Aires,General Las Heras,400,400,1920,4.8,1.0
trigo,2017,2017/2018,Buenos Aires,General Pinto,26050,25800,100620,3.9,0.99
trigo,2017,2017/2018,Buenos Aires,General Pueyrredón,9350,9350,42075,4.5,1.0
trigo,2017,2017/2018,Buenos Aires,General Belgrano,10490,10110,36396,3.6,0.964
trigo,2017,2017/2018,Buenos Aires,General Alvear,5600,5600,19600,3.5,1.0
trigo,2017,2017/2018,Buenos Aires,Benito Juárez,29880,29880,125496,4.2,1.0
trigo,2017,2017/2018,Buenos Aires,Coronel Suárez,107800,107000,342400,3.2,0.993
trigo,2017,2017/2018,Buenos Aires,Coronel Pringles,61560,61560,203148,3.3,1.0
trigo,2017,2017/2018,La Pampa,Catriló,5050,5050,13130,2.6,1.0
trigo,2017,2017/2018,Buenos Aires,Chivilcoy,30523,30523,122092,4.0,1.0
trigo,2017,2017/2018,Buenos Aires,Capitán Sarmiento,8300,8300,37350,4.5,1.0
trigo,2017,2017/2018,Buenos Aires,Carmen de Areco,8495,8095,36428,4.5,0.953
trigo,2017,2017/2018,Buenos Aires,Carlos Tejedor,9500,8000,37600,4.7,0.842
trigo,2017,2017/2018,Buenos Aires,Carlos Casares,17200,15100,72480,4.8,0.878
trigo,2017,2017/2018,Buenos Aires,Zárate,1950,1950,8385,4.3,1.0
trigo,2017,2017/2018,Buenos Aires,9 de Julio,48820,48820,244100,5.0,1.0
trigo,2017,2017/2018,Buenos Aires,Brandsen,400,400,1920,4.8,1.0
trigo,2017,2017/2018,Buenos Aires,Arrecifes,21050,21050,90515,4.3,1.0
trigo,2017,2017/2018,Buenos Aires,Adolfo Alsina,75600,75600,188940,2.499,1.0
trigo,2017,2017/2018,Buenos Aires,25 de Mayo,37720,37340,147493,3.95,0.99
trigo,2017,2017/2018,Buenos Aires,Adolfo Gonzales Chaves,44197,44197,176788,4.0,1.0
trigo,2017,2017/2018,Santiago del Estero,Moreno,90000,90000,135000,1.5,1.0
trigo,2017,2017/2018,Santiago del Estero,Mitre,5000,5000,11000,2.2,1.0
trigo,2017,2017/2018,Catamarca,El Alto,400,370,370,1.0,0.925
trigo,2018,2018/2019,Buenos Aires,Castelli,1150,1150,5175,4.5,1.0
trigo,2018,2018/2019,Buenos Aires,Coronel Pringles,73815,62315,260463,4.18,0.844
trigo,2018,2018/2019,Buenos Aires,General Alvear,10000,10000,40000,4.0,1.0
trigo,2018,2018/2019,Buenos Aires,Colón,17486,15279,73339,4.8,0.874
trigo,2018,2018/2019,Buenos Aires,Coronel de Marina Leonardo Rosales,13500,13500,47250,3.5,1.0
trigo,2018,2018/2019,Buenos Aires,Baradero,18914,18914,81330,4.3,1.0
trigo,2018,2018/2019,Buenos Aires,Chascomús,8260,7530,30873,4.1,0.912
trigo,2018,2018/2019,Buenos Aires,Carmen de Areco,15000,14900,71520,4.8,0.993
trigo,2018,2018/2019,Buenos Aires,Chivilcoy,28115,27802,111208,4.0,0.989
trigo,2018,2018/2019,Buenos Aires,Cañuelas,2124,1944,7970,4.1,0.915
trigo,2018,2018/2019,Buenos Aires,Laprida,6300,5300,21730,4.1,0.841
trigo,2018,2018/2019,Buenos Aires,Campana,3250,3250,14625,4.5,1.0
trigo,2018,2018/2019,Buenos Aires,Arrecifes,21660,21217,93355,4.4,0.98
trigo,2018,2018/2019,Buenos Aires,Balcarce,46096,46096,202822,4.4,1.0
trigo,2018,2018/2019,Buenos Aires,Capitán Sarmiento,8943,8890,40005,4.5,0.994
trigo,2018,2018/2019,Buenos Aires,Adolfo Gonzales Chaves,53110,47110,197891,4.201,0.887
trigo,2018,2018/2019,Buenos Aires,Ayacucho,1600,1600,6400,4.0,1.0
trigo,2018,2018/2019,Buenos Aires,Adolfo Alsina,81600,81600,244680,2.999,1.0
trigo,2018,2018/2019,Buenos Aires,Carlos Casares,17642,17642,100559,5.7,1.0
trigo,2018,2018/2019,Salta,Orán,3612,3462,2769,0.8,0.958
trigo,2018,2018/2019,Tucumán,Famaillá,300,100,80,0.8,0.333
trigo,2018,2018/2019,Buenos Aires,Chacabuco,30000,30000,144000,4.8,1.0
trigo,2018,2018/2019,Salta,La Viña,100,100,200,2.0,1.0
trigo,2018,2018/2019,Buenos Aires,Alberti,23780,23510,94040,4.0,0.989
trigo,2018,2018/2019,San Luis,Coronel Pringles,1300,1100,1320,1.2,0.846
trigo,2018,2018/2019,Buenos Aires,Brandsen,472,425,1700,4.0,0.9
trigo,2018,2018/2019,Buenos Aires,Daireaux,28000,28000,112000,4.0,1.0
trigo,2018,2018/2019,Santiago del Estero,Mitre,3000,3000,4500,1.5,1.0
trigo,2018,2018/2019,Santa Fe,General Obligado,38000,38000,91200,2.4,1.0
trigo,2018,2018/2019,San Luis,General Pedernera,8000,5000,5500,1.1,0.625
trigo,2018,2018/2019,Buenos Aires,San Vicente,472,422,1604,3.801,0.894
trigo,2018,2018/2019,Jujuy,Santa Bárbara,1970,1970,1970,1.0,1.0
trigo,2018,2018/2019,Entre Ríos,Gualeguaychú,63000,63000,226800,3.6,1.0
trigo,2018,2018/2019,Santiago del Estero,Aguirre,10800,10800,25920,2.4,1.0
trigo,2018,2018/2019,San Luis,Chacabuco,800,500,600,1.2,0.625
trigo,2018,2018/2019,Santa Fe,Villa Constitución,58685,58685,176055,3.0,1.0
trigo,2018,2018/2019,Santiago del Estero,Capital,2000,2000,4000,2.0,1.0
trigo,2018,2018/2019,Tucumán,Simoca,500,350,280,0.8,0.7
trigo,2018,2018/2019,La Pampa,Utracán,10500,10500,18900,1.8,1.0
trigo,2018,2018/2019,Buenos Aires,La Plata,118,103,422,4.097,0.873
trigo,2018,2018/2019,Santiago del Estero,Guasayán,2000,2000,3600,1.8,1.0
trigo,2018,2018/2019,Córdoba,General Roca,70000,65800,230300,3.5,0.94
trigo,2018,2018/2019,Buenos Aires,Coronel Suárez,98490,97540,292620,3.0,0.99
trigo,2018,2018/2019,Santiago del Estero,Belgrano,61600,61600,147840,2.4,1.0
trigo,2018,2018/2019,Córdoba,Río Cuarto,50000,46000,92000,2.0,0.92
trigo,2018,2018/2019,Córdoba,Totoral,12000,9900,27720,2.8,0.825
trigo,2018,2018/2019,La Pampa,Catriló,16600,16600,43160,2.6,1.0
trigo,2018,2018/2019,La Pampa,Trenel,20800,19900,43780,2.2,0.957
trigo,2018,2018/2019,Entre Ríos,San Salvador,4500,4500,14400,3.2,1.0
trigo,2018,2018/2019,Córdoba,Tercero Arriba,24000,23500,51700,2.2,0.979
trigo,2018,2018/2019,Corrientes,Sauce,900,900,2520,2.8,1.0
trigo,2018,2018/2019,Córdoba,San Justo,259000,242000,605000,2.5,0.934
trigo,2018,2018/2019,Córdoba,Río Seco,16100,16100,35420,2.2,1.0
trigo,2018,2018/2019,Córdoba,Río Segundo,106000,106000,275600,2.6,1.0
trigo,2018,2018/2019,Córdoba,Juárez Celman,60000,56000,123200,2.2,0.933
trigo,2018,2018/2019,Entre Ríos,Federación,4200,4200,14700,3.5,1.0
trigo,2018,2018/2019,Buenos Aires,San Pedro,15438,15438,69471,4.5,1.0
trigo,2018,2018/2019,Entre Ríos,Feliciano,3100,3100,10540,3.4,1.0
trigo,2018,2018/2019,Entre Ríos,Uruguay,33000,33000,115500,3.5,1.0
trigo,2018,2018/2019,Buenos Aires,San Cayetano,38895,33895,142179,4.195,0.871
trigo,2018,2018/2019,Buenos Aires,Olavarría,53000,53000,215000,4.057,1.0
trigo,2018,2018/2019,Salta,General Güemes,600,600,1080,1.8,1.0
trigo,2018,2018/2019,Buenos Aires,San Andrés de Giles,18500,18500,83250,4.5,1.0
trigo,2018,2018/2019,Buenos Aires,Necochea,48890,40910,171518,4.193,0.837
trigo,2018,2018/2019,Buenos Aires,General Pueyrredón,14135,14135,70675,5.0,1.0
trigo,2018,2018/2019,Buenos Aires,General Pinto,35125,33625,134500,4.0,0.957
trigo,2018,2018/2019,Buenos Aires,Marcos Paz,1062,972,3985,4.1,0.915
trigo,2018,2018/2019,La Pampa,Capital,29000,29000,63800,2.2,1.0
trigo,2018,2018/2019,Buenos Aires,Pellegrini,3900,3900,13550,3.474,1.0
trigo,2018,2018/2019,Salta,Chicoana,500,500,1000,2.0,1.0
trigo,2018,2018/2019,Buenos Aires,General Belgrano,10982,10103,35664,3.53,0.92
trigo,2018,2018/2019,Buenos Aires,Rivadavia,22987,22987,131026,5.7,1.0
trigo,2018,2018/2019,Tucumán,Juan Bautista Alberdi,400,200,160,0.8,0.5
trigo,2018,2018/2019,Buenos Aires,Carlos Tejedor,23673,23673,101794,4.3,1.0
trigo,2018,2018/2019,Santa Fe,Belgrano,54480,53730,139698,2.6,0.986
trigo,2018,2018/2019,Santiago del Estero,Rivadavia,24704,24704,49408,2.0,1.0
trigo,2018,2018/2019,Santa Fe,San Lorenzo,40780,40780,114184,2.8,1.0
trigo,2018,2018/2019,Tucumán,Tafí Viejo,100,80,72,0.9,0.8
trigo,2018,2018/2019,Buenos Aires,Las Flores,6876,6463,22814,3.53,0.94
trigo,2018,2018/2019,Buenos Aires,25 de Mayo,43586,40986,151648,3.7,0.94
trigo,2018,2018/2019,Buenos Aires,General Villegas,64704,60859,249522,4.1,0.941
trigo,2018,2018/2019,La Pampa,Rancul,38100,37300,111900,3.0,0.979
trigo,2018,2018/2019,Buenos Aires,Bahía Blanca,12000,12000,33600,2.8,1.0
trigo,2018,2018/2019,Buenos Aires,9 de Julio,65329,64601,258404,4.0,0.989
trigo,2018,2018/2019,Buenos Aires,Azul,43546,43546,174324,4.003,1.0
trigo,2018,2018/2019,Buenos Aires,Bolívar,27000,27000,108000,4.0,1.0
trigo,2018,2018/2019,Buenos Aires,Benito Juárez,36002,36002,144168,4.004,1.0
trigo,2018,2018/2019,Buenos Aires,Bragado,35235,34842,139368,4.0,0.989
trigo,2018,2018/2019,La Pampa,Guatraché,54400,54400,108800,2.0,1.0
trigo,2018,2018/2019,La Pampa,Toay,22600,22600,40680,1.8,1.0
trigo,2018,2018/2019,Jujuy,San Pedro,500,500,500,1.0,1.0
trigo,2018,2018/2019,La Pampa,Quemú Quemú,8300,8100,25920,3.2,0.976
trigo,2018,2018/2019,Buenos Aires,Coronel Dorrego,95855,81255,338891,4.171,0.848
trigo,2018,2018/2019,Buenos Aires,General Alvarado,28277,28277,130074,4.6,1.0
trigo,2018,2018/2019,La Pampa,Atreucó,24000,24000,60000,2.5,1.0
trigo,2018,2018/2019,La Pampa,Hucal,35000,35000,66500,1.9,1.0
trigo,2018,2018/2019,Buenos Aires,Mercedes,6660,6586,26344,4.0,0.989
trigo,2018,2018/2019,Buenos Aires,General Rodríguez,118,103,422,4.097,0.873
trigo,2018,2018/2019,La Pampa,Maracó,27000,26500,90100,3.4,0.981
trigo,2018,2018/2019,La Pampa,Conhelo,38900,38100,114300,3.0,0.979
trigo,2018,2018/2019,Chaco,Sargento Cabral,150,150,330,2.2,1.0
trigo,2018,2018/2019,Jujuy,El Carmen,700,700,700,1.0,1.0
trigo,2018,2018/2019,Buenos Aires,Navarro,5251,4831,17585,3.64,0.92
trigo,2018,2018/2019,Buenos Aires,Luján,1298,1188,4871,4.1,0.915
trigo,2018,2018/2019,Buenos Aires,Pila,1000,1000,4500,4.5,1.0
trigo,2018,2018/2019,Buenos Aires,Monte,4272,4016,14136,3.52,0.94
trigo,2018,2018/2019,Entre Ríos,Villaguay,24000,24000,81600,3.4,1.0
trigo,2018,2018/2019,Buenos Aires,Puán,55125,54325,141105,2.597,0.985
trigo,2018,2018/2019,Buenos Aires,Pilar,236,211,865,4.1,0.894
trigo,2018,2018/2019,Entre Ríos,Victoria,48000,47500,180500,3.8,0.99
trigo,2018,2018/2019,Buenos Aires,Rauch,2250,2250,9000,4.0,1.0
trigo,2018,2018/2019,Jujuy,San Antonio,1240,1240,1240,1.0,1.0
trigo,2018,2018/2019,Entre Ríos,Paraná,118000,118000,436600,3.7,1.0
trigo,2018,2018/2019,Salta,Anta,41904,37304,41034,1.1,0.89
trigo,2018,2018/2019,Entre Ríos,Nogoyá,59000,59000,206500,3.5,1.0
trigo,2018,2018/2019,Chaco,San Lorenzo,966,966,1642,1.7,1.0
trigo,2018,2018/2019,Buenos Aires,Tandil,49058,49058,210969,4.3,1.0
trigo,2018,2018/2019,Buenos Aires,Villarino,16400,16400,30120,1.837,1.0
trigo,2018,2018/2019,Chaco,Quitilipi,750,750,1200,1.6,1.0
trigo,2018,2018/2019,Chaco,Chacabuco,9421,9321,22370,2.4,0.989
trigo,2018,2018/2019,Chaco,General Güemes,1600,1580,2528,1.6,0.988
trigo,2018,2018/2019,Entre Ríos,Federal,7200,7200,24480,3.4,1.0
trigo,2018,2018/2019,Entre Ríos,La Paz,22000,22000,79200,3.6,1.0
trigo,2018,2018/2019,Córdoba,Presidente Roque Sáenz Peña,85000,81000,299700,3.7,0.953
trigo,2018,2018/2019,San Luis,Ayacucho,2800,2800,10200,3.643,1.0
trigo,2018,2018/2019,Córdoba,Tulumba,8000,7400,16650,2.25,0.925
trigo,2018,2018/2019,Córdoba,San Javier,4500,4500,17100,3.8,1.0
trigo,2018,2018/2019,Corrientes,Mercedes,500,450,1260,2.8,0.9
trigo,2018,2018/2019,Buenos Aires,Zárate,2800,2800,12320,4.4,1.0
trigo,2018,2018/2019,Salta,Capital,700,700,1400,2.0,1.0
trigo,2018,2018/2019,Corrientes,Curuzu Cuatia,1145,1100,3080,2.8,0.961
trigo,2018,2018/2019,Córdoba,Marcos Juárez,167551,152651,442688,2.9,0.911
trigo,2018,2018/2019,Buenos Aires,Trenque Lauquen,35716,35716,182152,5.1,1.0
trigo,2018,2018/2019,Jujuy,Palpalá,120,120,120,1.0,1.0
trigo,2018,2018/2019,Entre Ríos,Gualeguay,34000,34000,136000,4.0,1.0
trigo,2018,2018/2019,Córdoba,Santa María,2500,2500,4500,1.8,1.0
trigo,2018,2018/2019,Jujuy,Ledesma,50,50,50,1.0,1.0
trigo,2018,2018/2019,Córdoba,Unión,203600,187650,525420,2.8,0.922
trigo,2018,2018/2019,Entre Ríos,Colón,6000,6000,19200,3.2,1.0
trigo,2018,2018/2019,La Pampa,Chapaleufú,8700,7600,25840,3.4,0.874
trigo,2018,2018/2019,Córdoba,Río Primero,75000,66000,165000,2.5,0.88
trigo,2018,2018/2019,Salta,Metán,9040,8712,8712,1.0,0.964
trigo,2018,2018/2019,Entre Ríos,Concordia,5500,5500,19250,3.5,1.0
trigo,2018,2018/2019,Santa Fe,Castellanos,140458,133458,387028,2.9,0.95
trigo,2018,2018/2019,Santa Fe,Caseros,49405,49405,138334,2.8,1.0
trigo,2018,2018/2019,Córdoba,General San Martín,119400,116400,325920,2.8,0.975
trigo,2018,2018/2019,Santiago del Estero,Banda,2400,2400,4800,2.0,1.0
trigo,2018,2018/2019,Córdoba,Colón,9900,9550,26740,2.8,0.965
trigo,2018,2018/2019,Santa Fe,San Justo,33000,30500,94550,3.1,0.924
trigo,2018,2018/2019,Santiago del Estero,Juan F. Ibarra,12077,12077,26569,2.2,1.0
trigo,2018,2018/2019,Salta,Rosario de Lerma,300,300,600,2.0,1.0
trigo,2018,2018/2019,Córdoba,Ischilín,780,680,1360,2.0,0.872
trigo,2018,2018/2019,Santiago del Estero,Moreno,32516,32516,74787,2.3,1.0
trigo,2018,2018/2019,Tucumán,Lules,400,300,240,0.8,0.75
trigo,2018,2018/2019,Tucumán,Leales,14900,10600,10580,0.998,0.711
trigo,2018,2018/2019,Catamarca,El Alto,200,180,162,0.9,0.9
trigo,2018,2018/2019,Chaco,2 de Abril,15098,14578,30614,2.1,0.966
trigo,2018,2018/2019,Entre Ríos,Diamante,47000,47000,173900,3.7,1.0
trigo,2018,2018/2019,Chaco,Mayor Luis J. Fontana,16063,16063,33732,2.1,1.0
trigo,2018,2018/2019,Chaco,Maipú,4000,3950,5925,1.5,0.988
trigo,2018,2018/2019,Chaco,Libertador General San Martín,250,250,350,1.4,1.0
trigo,2018,2018/2019,Chaco,General Belgrano,6376,6376,14027,2.2,1.0
trigo,2018,2018/2019,Chaco,Independencia,11000,10920,16926,1.55,0.993
trigo,2018,2018/2019,Chaco,12 de Octubre,10387,10387,23890,2.3,1.0
trigo,2018,2018/2019,Chaco,Fray Justo Santa María de Oro,6039,6039,11474,1.9,1.0
trigo,2018,2018/2019,Chaco,Almirante Brown,20000,19900,33830,1.7,0.995
trigo,2018,2018/2019,Chaco,O'Higgins,31403,30933,55679,1.8,0.985
trigo,2018,2018/2019,Chaco,9 de Julio,7247,7247,14494,2.0,1.0
trigo,2018,2018/2019,Catamarca,Santa Rosa,16200,9300,10230,1.1,0.574
trigo,2018,2018/2019,Buenos Aires,Tornquist,30375,29785,80140,2.691,0.981
trigo,2018,2018/2019,Entre Ríos,Tala,23500,23500,82250,3.5,1.0
trigo,2018,2018/2019,Buenos Aires,Tres Lomas,5300,5300,18500,3.491,1.0
trigo,2018,2018/2019,Chaco,Comandante Fernández,9000,8950,12978,1.45,0.994
trigo,2018,2018/2019,Buenos Aires,Tres Arroyos,89875,80875,339453,4.197,0.9
trigo,2018,2018/2019,Buenos Aires,San Nicolás,11077,11077,50954,4.6,1.0
trigo,2018,2018/2019,Buenos Aires,General Arenales,26500,26300,126240,4.8,0.992
trigo,2018,2018/2019,Buenos Aires,Suipacha,5560,5498,21992,4.0,0.989
trigo,2018,2018/2019,Buenos Aires,Tapalqué,2000,2000,8000,4.0,1.0
trigo,2018,2018/2019,Buenos Aires,San Antonio de Areco,10240,10240,46080,4.5,1.0
trigo,2018,2018/2019,Buenos Aires,Rojas,32000,32000,160000,5.0,1.0
trigo,2018,2018/2019,Buenos Aires,Punta Indio,236,216,821,3.801,0.915
trigo,2018,2018/2019,Buenos Aires,Exaltación de la Cruz,3500,3500,15050,4.3,1.0
trigo,2018,2018/2019,Buenos Aires,Saladillo,14151,13302,46956,3.53,0.94
trigo,2018,2018/2019,Buenos Aires,Magdalena,472,427,1751,4.101,0.905
trigo,2018,2018/2019,Buenos Aires,Saavedra,42750,42100,109460,2.6,0.985
trigo,2018,2018/2019,Buenos Aires,Roque Pérez,5334,4534,15098,3.33,0.85
trigo,2018,2018/2019,Buenos Aires,Florentino Ameghino,15417,14950,62790,4.2,0.97
trigo,2018,2018/2019,Buenos Aires,Ramallo,22079,22079,99356,4.5,1.0
trigo,2018,2018/2019,Buenos Aires,Salliqueló,3600,3600,12550,3.486,1.0
trigo,2018,2018/2019,Buenos Aires,Lobería,59300,59300,266880,4.501,1.0
trigo,2018,2018/2019,Buenos Aires,Salto,32705,32705,160255,4.9,1.0
trigo,2018,2018/2019,Buenos Aires,Pergamino,49603,45646,228230,5.0,0.92
trigo,2018,2018/2019,Buenos Aires,Pehuajó,42252,42252,245062,5.8,1.0
trigo,2018,2018/2019,Buenos Aires,Patagones,46600,46600,84480,1.813,1.0
trigo,2018,2018/2019,Buenos Aires,Lobos,7115,6688,23408,3.5,0.94
trigo,2018,2018/2019,Buenos Aires,Mar Chiquita,3600,3600,18720,5.2,1.0
trigo,2018,2018/2019,Buenos Aires,Maipú,2400,2250,10800,4.8,0.938
trigo,2018,2018/2019,Buenos Aires,General Paz,590,535,2194,4.101,0.907
trigo,2018,2018/2019,Buenos Aires,Leandro N. Alem,24033,23612,92087,3.9,0.982
trigo,2018,2018/2019,Buenos Aires,Lincoln,51763,50391,191486,3.8,0.973
trigo,2018,2018/2019,Buenos Aires,General Viamonte,24957,23770,87949,3.7,0.952
trigo,2018,2018/2019,Buenos Aires,Hipólito Yrigoyen,23000,23000,92000,4.0,1.0
trigo,2018,2018/2019,Buenos Aires,Guaminí,46700,46700,149300,3.197,1.0
trigo,2018,2018/2019,Buenos Aires,General Las Heras,472,424,1738,4.099,0.898
trigo,2018,2018/2019,Buenos Aires,General La Madrid,36150,35750,96385,2.696,0.989
trigo,2018,2018/2019,Buenos Aires,Junín,31000,31000,148800,4.8,1.0
trigo,2018,2018/2019,Buenos Aires,General Juan Madariaga,4400,4300,23220,5.4,0.977
trigo,2018,2018/2019,Buenos Aires,General Guido,800,800,4000,5.0,1.0
trigo,2018,2018/2019,Salta,Cerrillos,300,300,600,2.0,1.0
trigo,2018,2018/2019,Salta,La Candelaria,270,270,270,1.0,1.0
trigo,2018,2018/2019,San Luis,Junín,350,150,480,3.2,0.429
trigo,2018,2018/2019,Salta,Rosario de la Frontera,7584,7110,7110,1.0,0.938
trigo,2018,2018/2019,Salta,General José de San Martín,17493,16660,13328,0.8,0.952
trigo,2018,2018/2019,Santa Fe,San Cristóbal,28000,26200,73360,2.8,0.936
trigo,2018,2018/2019,Santa Fe,General López,159730,159730,670866,4.2,1.0
trigo,2018,2018/2019,Tucumán,Cruz Alta,14700,10500,9500,0.905,0.714
trigo,2018,2018/2019,San Luis,Juan Martín de Pueyrredón,700,500,650,1.3,0.714
trigo,2018,2018/2019,Santa Fe,Iriondo,62500,61750,166725,2.7,0.988
trigo,2018,2018/2019,Santa Fe,Rosario,37030,37030,103684,2.8,1.0
trigo,2018,2018/2019,Santa Fe,San Jerónimo,77900,77150,216020,2.8,0.99
trigo,2018,2018/2019,Santiago del Estero,Alberdi,26093,26093,52186,2.0,1.0
trigo,2018,2018/2019,Santa Fe,San Javier,5000,5000,14000,2.8,1.0
trigo,2018,2018/2019,Santa Fe,La Capital,11000,10400,31200,3.0,0.945
trigo,2018,2018/2019,Córdoba,Capital,850,850,1870,2.2,1.0
trigo,2018,2018/2019,Tucumán,Burruyacú,34000,25050,25050,1.0,0.737
trigo,2018,2018/2019,Santa Fe,San Martín,116000,115250,253550,2.2,0.994
trigo,2018,2018/2019,Santa Fe,Las Colonias,98456,92856,297139,3.2,0.943
trigo,2018,2018/2019,Santa Fe,Vera,8000,8000,19200,2.4,1.0
trigo,2018,2018/2019,Santiago del Estero,Silípica,3000,3000,6000,2.0,1.0
trigo,2018,2018/2019,Santiago del Estero,Robles,3000,3000,6000,2.0,1.0
trigo,2018,2018/2019,Santiago del Estero,Pellegrini,21594,21594,38869,1.8,1.0
trigo,2018,2018/2019,Santiago del Estero,General Taboada,85910,85910,197593,2.3,1.0
trigo,2018,2018/2019,Santa Fe,9 de Julio,93500,93500,317900,3.4,1.0
trigo,2018,2018/2019,Santiago del Estero,Loreto,1200,1200,2400,2.0,1.0
trigo,2018,2018/2019,Santiago del Estero,Río Hondo,8804,8804,15847,1.8,1.0
trigo,2018,2018/2019,Tucumán,Graneros,14300,9000,7220,0.802,0.629
trigo,2018,2018/2019,Tucumán,La Cocha,9600,5700,5130,0.9,0.594
trigo,2018,2018/2019,La Pampa,Realicó,29400,28800,57600,2.0,0.98
trigo,2018,2018/2019,Santiago del Estero,Jiménez,27234,27234,49021,1.8,1.0
trigo,2018,2018/2019,Córdoba,Calamuchita,2000,2000,3600,1.8,1.0
trigo,2018,2018/2019,San Luis,Gobernador Dupuy,4000,3800,4940,1.3,0.95
trigo,2019,2019/2020,La Pampa,Realicó,20500,19900,31840,1.6,0.971
trigo,2019,2019/2020,Entre Ríos,Federal,7500,7500,18750,2.5,1.0
trigo,2019,2019/2020,Santa Fe,Villa Constitución,58600,58600,216820,3.7,1.0
trigo,2019,2019/2020,Buenos Aires,Adolfo Alsina,98600,95100,199830,2.101,0.965
trigo,2019,2019/2020,Buenos Aires,Carlos Tejedor,27450,26870,69862,2.6,0.979
trigo,2019,2019/2020,Tucumán,Leales,14800,14200,14180,0.999,0.959
trigo,2019,2019/2020,Buenos Aires,Brandsen,500,500,1950,3.9,1.0
trigo,2019,2019/2020,Buenos Aires,Benito Juárez,31000,31000,105740,3.411,1.0
trigo,2019,2019/2020,Chaco,Sargento Cabral,100,100,220,2.2,1.0
trigo,2019,2019/2020,Chaco,Almirante Brown,40000,39750,89438,2.25,0.994
trigo,2019,2019/2020,Córdoba,Calamuchita,2250,2050,4510,2.2,0.911
trigo,2019,2019/2020,Chaco,San Lorenzo,828,825,1485,1.8,0.996
trigo,2019,2019/2020,Buenos Aires,Chacabuco,33000,32500,133250,4.1,0.985
trigo,2019,2019/2020,La Pampa,Quemú Quemú,11700,10500,16800,1.6,0.897
trigo,2019,2019/2020,Buenos Aires,Villarino,15000,13200,10790,0.817,0.88
trigo,2019,2019/2020,Catamarca,El Alto,200,180,198,1.1,0.9
trigo,2019,2019/2020,Entre Ríos,Federación,2750,2750,6875,2.5,1.0
trigo,2019,2019/2020,Salta,Rosario de la Frontera,7584,7584,10618,1.4,1.0
trigo,2019,2019/2020,Jujuy,El Carmen,700,700,980,1.4,1.0
trigo,2019,2019/2020,Buenos Aires,Adolfo Gonzales Chaves,53000,50500,162400,3.216,0.953
trigo,2019,2019/2020,Jujuy,San Pedro,500,500,700,1.4,1.0
trigo,2019,2019/2020,Buenos Aires,General Pinto,45000,43936,164760,3.75,0.976
trigo,2019,2019/2020,La Pampa,Atreucó,26000,22100,26520,1.2,0.85
trigo,2019,2019/2020,Santa Fe,Las Colonias,127000,126000,352800,2.8,0.992
trigo,2019,2019/2020,La Pampa,Hucal,34000,28900,26010,0.9,0.85
trigo,2019,2019/2020,Buenos Aires,Bolívar,32000,32000,96000,3.0,1.0
trigo,2019,2019/2020,San Luis,Gobernador Dupuy,9000,7000,14700,2.1,0.778
trigo,2019,2019/2020,Buenos Aires,Arrecifes,26200,25854,103416,4.0,0.987
trigo,2019,2019/2020,Santa Fe,La Capital,9500,9500,25650,2.7,1.0
trigo,2019,2019/2020,Santiago del Estero,Alberdi,42500,42500,119000,2.8,1.0
trigo,2019,2019/2020,Santiago del Estero,Capital,1000,1000,2400,2.4,1.0
trigo,2019,2019/2020,Buenos Aires,Ayacucho,4800,4800,18240,3.8,1.0
trigo,2019,2019/2020,Santa Fe,San Javier,5000,5000,12000,2.4,1.0
trigo,2019,2019/2020,Santiago del Estero,Aguirre,21000,21000,52500,2.5,1.0
trigo,2019,2019/2020,Santiago del Estero,Figueroa,1000,1000,2000,2.0,1.0
trigo,2019,2019/2020,Santa Fe,San Lorenzo,40300,40300,157170,3.9,1.0
trigo,2019,2019/2020,Córdoba,Río Seco,19443,18721,54291,2.9,0.963
trigo,2019,2019/2020,Santa Fe,Vera,8000,8000,18400,2.3,1.0
trigo,2019,2019/2020,Corrientes,Mercedes,300,200,400,2.0,0.667
trigo,2019,2019/2020,Santiago del Estero,Robles,2000,2000,4800,2.4,1.0
trigo,2019,2019/2020,Chaco,General Güemes,5000,4950,9405,1.9,0.99
trigo,2019,2019/2020,Entre Ríos,Gualeguaychú,59000,59000,165200,2.8,1.0
trigo,2019,2019/2020,Córdoba,General Roca,95000,91095,218628,2.4,0.959
trigo,2019,2019/2020,Tucumán,La Cocha,15600,15050,17940,1.192,0.965
trigo,2019,2019/2020,Entre Ríos,Diamante,46000,46000,142600,3.1,1.0
trigo,2019,2019/2020,Entre Ríos,Feliciano,3900,3900,9750,2.5,1.0
trigo,2019,2019/2020,Entre Ríos,Tala,21000,20900,54340,2.6,0.995
trigo,2019,2019/2020,Chaco,Libertador General San Martín,1300,800,1360,1.7,0.615
trigo,2019,2019/2020,La Pampa,Catriló,18000,16000,20800,1.3,0.889
trigo,2019,2019/2020,Salta,Rosario de Lerma,300,300,720,2.4,1.0
trigo,2019,2019/2020,Córdoba,Río Cuarto,56500,53500,117700,2.2,0.947
trigo,2019,2019/2020,Córdoba,Juárez Celman,52500,50500,126250,2.5,0.962
trigo,2019,2019/2020,Buenos Aires,Rauch,3800,3800,15200,4.0,1.0
trigo,2019,2019/2020,Córdoba,Totoral,38476,36521,105911,2.9,0.949
trigo,2019,2019/2020,Chaco,Comandante Fernández,11000,10950,19710,1.8,0.995
trigo,2019,2019/2020,Buenos Aires,Tres Arroyos,119000,119000,393100,3.303,1.0
trigo,2019,2019/2020,Buenos Aires,Tapalqué,2000,2000,6000,3.0,1.0
trigo,2019,2019/2020,Chaco,9 de Julio,6200,6175,14203,2.3,0.996
trigo,2019,2019/2020,Buenos Aires,Pergamino,44500,42158,181279,4.3,0.947
trigo,2019,2019/2020,Chaco,Quitilipi,1000,960,1632,1.7,0.96
trigo,2019,2019/2020,Buenos Aires,General Paz,540,540,2106,3.9,1.0
trigo,2019,2019/2020,Buenos Aires,General Alvear,9000,9000,27000,3.0,1.0
trigo,2019,2019/2020,Buenos Aires,General Pueyrredón,11000,11000,46200,4.2,1.0
trigo,2019,2019/2020,Buenos Aires,General Belgrano,3120,2995,10101,3.373,0.96
trigo,2019,2019/2020,La Pampa,Rancul,8700,8700,13050,1.5,1.0
trigo,2019,2019/2020,Jujuy,Ledesma,50,50,70,1.4,1.0
trigo,2019,2019/2020,Jujuy,Palpalá,120,120,168,1.4,1.0
trigo,2019,2019/2020,Buenos Aires,Pehuajó,46700,45800,123660,2.7,0.981
trigo,2019,2019/2020,Buenos Aires,Azul,52000,52000,177120,3.406,1.0
trigo,2019,2019/2020,Buenos Aires,Trenque Lauquen,42000,40800,106080,2.6,0.971
trigo,2019,2019/2020,Catamarca,Santa Rosa,27000,26150,31380,1.2,0.969
trigo,2019,2019/2020,Buenos Aires,Bahía Blanca,10750,10148,13192,1.3,0.944
trigo,2019,2019/2020,Corrientes,Curuzu Cuatia,1500,1000,2000,2.0,0.667
trigo,2019,2019/2020,Buenos Aires,Balcarce,41000,41000,168450,4.109,1.0
trigo,2019,2019/2020,Santiago del Estero,Loreto,1000,1000,2000,2.0,1.0
trigo,2019,2019/2020,San Luis,Chacabuco,600,250,600,2.4,0.417
trigo,2019,2019/2020,Tucumán,Graneros,13800,13210,13190,0.998,0.957
trigo,2019,2019/2020,Santa Fe,General Obligado,38500,38500,88550,2.3,1.0
trigo,2019,2019/2020,Tucumán,Simoca,350,350,420,1.2,1.0
trigo,2019,2019/2020,Tucumán,Juan Bautista Alberdi,400,400,520,1.3,1.0
trigo,2019,2019/2020,Santiago del Estero,Rivadavia,32200,32200,99820,3.1,1.0
trigo,2019,2019/2020,Santiago del Estero,Guasayán,1500,1500,2700,1.8,1.0
trigo,2019,2019/2020,Córdoba,Río Primero,110000,100616,291786,2.9,0.915
trigo,2019,2019/2020,Buenos Aires,Coronel Dorrego,128000,123000,346600,2.818,0.961
trigo,2019,2019/2020,Buenos Aires,Daireaux,29000,29000,87000,3.0,1.0
trigo,2019,2019/2020,Santiago del Estero,Belgrano,75500,75500,211400,2.8,1.0
trigo,2019,2019/2020,Entre Ríos,San Salvador,4500,4500,9000,2.0,1.0
trigo,2019,2019/2020,Chaco,Mayor Luis J. Fontana,13810,13755,23384,1.7,0.996
trigo,2019,2019/2020,Chaco,Independencia,13000,12905,25810,2.0,0.993
trigo,2019,2019/2020,Córdoba,Río Segundo,135000,133500,387150,2.9,0.989
trigo,2019,2019/2020,Córdoba,Santa María,8000,6100,13420,2.2,0.762
trigo,2019,2019/2020,Buenos Aires,Baradero,12500,12500,50000,4.0,1.0
trigo,2019,2019/2020,Córdoba,General San Martín,100000,96500,279850,2.9,0.965
trigo,2019,2019/2020,San Luis,Coronel Pringles,600,350,735,2.1,0.583
trigo,2019,2019/2020,San Luis,Ayacucho,3000,3000,12700,4.233,1.0
trigo,2019,2019/2020,San Luis,General Pedernera,4500,3500,4900,1.4,0.778
trigo,2019,2019/2020,La Pampa,Guatraché,54000,37800,34020,0.9,0.7
trigo,2019,2019/2020,Salta,Chicoana,500,500,1100,2.2,1.0
trigo,2019,2019/2020,Salta,La Candelaria,270,270,270,1.0,1.0
trigo,2019,2019/2020,Tucumán,Lules,200,200,260,1.3,1.0
trigo,2019,2019/2020,Tucumán,Burruyacú,39000,37850,37850,1.0,0.971
trigo,2019,2019/2020,Córdoba,San Justo,290000,263608,764463,2.9,0.909
trigo,2019,2019/2020,Entre Ríos,Concordia,5500,5500,14300,2.6,1.0
trigo,2019,2019/2020,Buenos Aires,San Nicolás,7500,7500,30750,4.1,1.0
trigo,2019,2019/2020,Buenos Aires,General Viamonte,27000,26172,94219,3.6,0.969
trigo,2019,2019/2020,Buenos Aires,Castelli,1500,1500,6000,4.0,1.0
trigo,2019,2019/2020,Buenos Aires,General Alvarado,23000,23000,105800,4.6,1.0
trigo,2019,2019/2020,Tucumán,Cruz Alta,13700,13050,14305,1.096,0.953
trigo,2019,2019/2020,La Pampa,Chapaleufú,19400,19400,48500,2.5,1.0
trigo,2019,2019/2020,Santiago del Estero,Pellegrini,25000,25000,60000,2.4,1.0
trigo,2019,2019/2020,Santa Fe,San Justo,44000,44000,123200,2.8,1.0
trigo,2019,2019/2020,Santa Fe,Belgrano,55000,55000,203500,3.7,1.0
trigo,2019,2019/2020,Santa Fe,Rosario,36900,36900,136530,3.7,1.0
trigo,2019,2019/2020,La Pampa,Toay,24000,18000,14400,0.8,0.75
trigo,2019,2019/2020,Salta,Capital,700,700,1400,2.0,1.0
trigo,2019,2019/2020,Buenos Aires,General Villegas,92000,90052,315182,3.5,0.979
trigo,2019,2019/2020,Buenos Aires,Las Flores,2825,2712,9143,3.371,0.96
trigo,2019,2019/2020,Buenos Aires,Salliqueló,4100,3800,9490,2.497,0.927
trigo,2019,2019/2020,Buenos Aires,Tandil,49000,49000,201000,4.102,1.0
trigo,2019,2019/2020,Buenos Aires,Mar Chiquita,4000,4000,19200,4.8,1.0
trigo,2019,2019/2020,Buenos Aires,Navarro,5100,4998,17374,3.476,0.98
trigo,2019,2019/2020,Buenos Aires,25 de Mayo,42080,41238,152962,3.709,0.98
trigo,2019,2019/2020,Buenos Aires,General Juan Madariaga,5000,4850,24250,5.0,0.97
trigo,2019,2019/2020,Buenos Aires,Carlos Casares,24000,24000,79200,3.3,1.0
trigo,2019,2019/2020,Buenos Aires,Capitán Sarmiento,6000,6000,24600,4.1,1.0
trigo,2019,2019/2020,Tucumán,Tafí Viejo,100,100,120,1.2,1.0
trigo,2019,2019/2020,Buenos Aires,Coronel de Marina Leonardo Rosales,12250,11573,20831,1.8,0.945
trigo,2019,2019/2020,Buenos Aires,Coronel Suárez,102000,88000,166400,1.891,0.863
trigo,2019,2019/2020,Buenos Aires,Puán,52900,48900,92710,1.896,0.924
trigo,2019,2019/2020,Buenos Aires,Salto,35300,33718,144987,4.3,0.955
trigo,2019,2019/2020,Chaco,Fray Justo Santa María de Oro,5250,5250,7875,1.5,1.0
trigo,2019,2019/2020,Córdoba,Ischilín,1796,1501,4353,2.9,0.836
trigo,2019,2019/2020,Tucumán,Famaillá,200,200,260,1.3,1.0
trigo,2019,2019/2020,La Pampa,Conhelo,40000,35900,50260,1.4,0.898
trigo,2019,2019/2020,Entre Ríos,Villaguay,27000,27000,56700,2.1,1.0
trigo,2019,2019/2020,Salta,Orán,3600,3600,2880,0.8,1.0
trigo,2019,2019/2020,La Pampa,Trenel,17700,17700,21240,1.2,1.0
trigo,2019,2019/2020,Salta,Cerrillos,300,300,600,2.0,1.0
trigo,2019,2019/2020,Santiago del Estero,Silípica,1500,1500,3600,2.4,1.0
trigo,2019,2019/2020,Santa Fe,Caseros,49200,49200,191880,3.9,1.0
trigo,2019,2019/2020,Santiago del Estero,Mitre,3000,3000,6000,2.0,1.0
trigo,2019,2019/2020,Salta,La Viña,100,100,200,2.0,1.0
trigo,2019,2019/2020,Corrientes,Sauce,700,400,800,2.0,0.571
trigo,2019,2019/2020,Santiago del Estero,Banda,1000,1000,2400,2.4,1.0
trigo,2019,2019/2020,Santiago del Estero,Copo,1900,1900,4370,2.3,1.0
trigo,2019,2019/2020,Santa Fe,San Martín,125000,120499,433796,3.6,0.964
trigo,2019,2019/2020,Santa Fe,Iriondo,72000,72000,273600,3.8,1.0
trigo,2019,2019/2020,Santa Fe,San Jerónimo,78000,78000,273000,3.5,1.0
trigo,2019,2019/2020,San Luis,Juan Martín de Pueyrredón,700,500,1050,2.1,0.714
trigo,2019,2019/2020,Buenos Aires,Pilar,300,300,1170,3.9,1.0
trigo,2019,2019/2020,Santa Fe,San Cristóbal,125000,124500,336150,2.7,0.996
trigo,2019,2019/2020,Santa Fe,General López,165000,163400,604580,3.7,0.99
trigo,2019,2019/2020,Buenos Aires,9 de Julio,45500,45500,204750,4.5,1.0
trigo,2019,2019/2020,Buenos Aires,Alberti,16700,16700,75150,4.5,1.0
trigo,2019,2019/2020,Buenos Aires,Campana,3000,3000,12300,4.1,1.0
trigo,2019,2019/2020,Buenos Aires,Coronel Pringles,77000,73500,245250,3.337,0.955
trigo,2019,2019/2020,Santa Fe,9 de Julio,93500,93500,233750,2.5,1.0
trigo,2019,2019/2020,Buenos Aires,Carmen de Areco,14000,13400,50920,3.8,0.957
trigo,2019,2019/2020,Buenos Aires,Chascomús,8300,8300,32370,3.9,1.0
trigo,2019,2019/2020,San Luis,Junín,850,850,2465,2.9,1.0
trigo,2019,2019/2020,Buenos Aires,Cañuelas,2100,2100,8190,3.9,1.0
trigo,2019,2019/2020,Buenos Aires,Magdalena,450,450,1755,3.9,1.0
trigo,2019,2019/2020,Buenos Aires,General Arenales,30000,30000,135000,4.5,1.0
trigo,2019,2019/2020,Buenos Aires,Exaltación de la Cruz,3000,3000,11700,3.9,1.0
trigo,2019,2019/2020,Jujuy,San Antonio,1240,1240,1736,1.4,1.0
trigo,2019,2019/2020,Salta,General José de San Martín,17500,17500,14000,0.8,1.0
trigo,2019,2019/2020,Buenos Aires,Chivilcoy,25400,25400,114300,4.5,1.0
trigo,2019,2019/2020,Salta,General Güemes,600,600,1080,1.8,1.0
trigo,2019,2019/2020,Buenos Aires,Colón,16700,16311,70137,4.3,0.977
trigo,2019,2019/2020,Salta,Anta,46534,46534,84177,1.809,1.0
trigo,2019,2019/2020,La Pampa,Utracán,10000,9000,8100,0.9,0.9
trigo,2019,2019/2020,Salta,Metán,9040,9040,12656,1.4,1.0
trigo,2019,2019/2020,Buenos Aires,Lobería,68000,68000,285840,4.204,1.0
trigo,2019,2019/2020,Buenos Aires,Guaminí,75700,72900,160380,2.2,0.963
trigo,2019,2019/2020,La Pampa,Maracó,17700,16700,38410,2.3,0.944
trigo,2019,2019/2020,Buenos Aires,Florentino Ameghino,17000,16460,60902,3.7,0.968
trigo,2019,2019/2020,Buenos Aires,Lincoln,51000,49325,180036,3.65,0.967
trigo,2019,2019/2020,Buenos Aires,Leandro N. Alem,28000,27200,103360,3.8,0.971
trigo,2019,2019/2020,Buenos Aires,General Rodríguez,450,450,1755,3.9,1.0
trigo,2019,2019/2020,La Pampa,Capital,34000,28200,31020,1.1,0.829
trigo,2019,2019/2020,Buenos Aires,General Las Heras,460,460,1794,3.9,1.0
trigo,2019,2019/2020,Buenos Aires,Junín,32000,32000,134400,4.2,1.0
trigo,2019,2019/2020,Buenos Aires,General La Madrid,43000,41000,82000,2.0,0.953
trigo,2019,2019/2020,Buenos Aires,La Plata,250,250,975,3.9,1.0
trigo,2019,2019/2020,Córdoba,Tercero Arriba,38600,36800,110400,3.0,0.953
trigo,2019,2019/2020,Buenos Aires,Hipólito Yrigoyen,25000,25000,75000,3.0,1.0
trigo,2019,2019/2020,Buenos Aires,Marcos Paz,1100,1100,4290,3.9,1.0
trigo,2019,2019/2020,Entre Ríos,Victoria,42000,41750,125250,3.0,0.994
trigo,2019,2019/2020,Córdoba,Unión,213000,204700,736920,3.6,0.961
trigo,2019,2019/2020,Buenos Aires,Pila,800,800,3360,4.2,1.0
trigo,2019,2019/2020,Santiago del Estero,Jiménez,30000,30000,72000,2.4,1.0
trigo,2019,2019/2020,Entre Ríos,Uruguay,41000,41000,98400,2.4,1.0
trigo,2019,2019/2020,Buenos Aires,Pellegrini,15200,14400,35980,2.499,0.947
trigo,2019,2019/2020,Buenos Aires,Maipú,2200,2200,10560,4.8,1.0
trigo,2019,2019/2020,Entre Ríos,Paraná,76350,76350,229050,3.0,1.0
trigo,2019,2019/2020,Buenos Aires,Necochea,61000,61000,208600,3.42,1.0
trigo,2019,2019/2020,Buenos Aires,Mercedes,5800,5800,26100,4.5,1.0
trigo,2019,2019/2020,Buenos Aires,Lobos,7057,6916,23019,3.328,0.98
trigo,2019,2019/2020,Buenos Aires,Monte,4070,3989,13408,3.361,0.98
trigo,2019,2019/2020,Entre Ríos,La Paz,48000,48000,124800,2.6,1.0
trigo,2019,2019/2020,Entre Ríos,Gualeguay,31000,31000,93000,3.0,1.0
trigo,2019,2019/2020,Buenos Aires,Olavarría,24000,24000,75000,3.125,1.0
trigo,2019,2019/2020,Buenos Aires,Patagones,48000,46700,38610,0.827,0.973
trigo,2019,2019/2020,Chaco,General Belgrano,5454,5454,10363,1.9,1.0
trigo,2019,2019/2020,Buenos Aires,Luján,4500,4500,17550,3.9,1.0
trigo,2019,2019/2020,Buenos Aires,Zárate,2500,2500,10000,4.0,1.0
trigo,2019,2019/2020,Córdoba,San Javier,3750,3750,13125,3.5,1.0
trigo,2019,2019/2020,Córdoba,Presidente Roque Sáenz Peña,100000,96532,222024,2.3,0.965
trigo,2019,2019/2020,Córdoba,Marcos Juárez,144000,133531,507418,3.8,0.927
trigo,2019,2019/2020,Córdoba,Capital,800,800,1760,2.2,1.0
trigo,2019,2019/2020,Córdoba,Colón,19900,18966,55001,2.9,0.953
trigo,2019,2019/2020,Chaco,Chacabuco,8066,7966,16729,2.1,0.988
trigo,2019,2019/2020,Chaco,Maipú,8500,8450,15633,1.85,0.994
trigo,2019,2019/2020,Entre Ríos,Nogoyá,53000,52850,142695,2.7,0.997
trigo,2019,2019/2020,Buenos Aires,Bragado,29800,29800,134100,4.5,1.0
trigo,2019,2019/2020,Buenos Aires,Ramallo,15200,15200,60800,4.0,1.0
trigo,2019,2019/2020,Buenos Aires,Punta Indio,100,100,390,3.9,1.0
trigo,2019,2019/2020,Entre Ríos,Colón,6500,6300,13230,2.1,0.969
trigo,2019,2019/2020,Santiago del Estero,General Taboada,117000,117000,362700,3.1,1.0
trigo,2019,2019/2020,Chaco,12 de Octubre,8890,8890,20447,2.3,1.0
trigo,2019,2019/2020,Chaco,O'Higgins,26800,26693,56055,2.1,0.996
trigo,2019,2019/2020,Santa Fe,Castellanos,170000,168500,505500,3.0,0.991
trigo,2019,2019/2020,Buenos Aires,Tornquist,23600,19000,22800,1.2,0.805
trigo,2019,2019/2020,Buenos Aires,San Cayetano,38000,38000,125400,3.3,1.0
trigo,2019,2019/2020,Buenos Aires,San Vicente,450,450,1755,3.9,1.0
trigo,2019,2019/2020,Buenos Aires,Suipacha,6800,6800,30600,4.5,1.0
trigo,2019,2019/2020,Buenos Aires,San Andrés de Giles,16000,16000,60800,3.8,1.0
trigo,2019,2019/2020,Buenos Aires,Saladillo,5546,5435,19186,3.53,0.98
trigo,2019,2019/2020,Buenos Aires,Saavedra,47300,40300,72390,1.796,0.852
trigo,2019,2019/2020,Buenos Aires,San Antonio de Areco,16300,16121,64484,4.0,0.989
trigo,2019,2019/2020,Chaco,2 de Abril,12900,12380,23522,1.9,0.96
trigo,2019,2019/2020,Buenos Aires,Tres Lomas,9100,8400,20980,2.498,0.923
trigo,2019,2019/2020,Buenos Aires,San Pedro,16300,16300,65200,4.0,1.0
trigo,2019,2019/2020,Santiago del Estero,Juan F. Ibarra,27200,27200,73440,2.7,1.0
trigo,2019,2019/2020,Santiago del Estero,Río Hondo,10000,10000,24000,2.4,1.0
trigo,2019,2019/2020,Buenos Aires,Rojas,30000,29750,130900,4.4,0.992
trigo,2019,2019/2020,Córdoba,Tulumba,19772,18990,55071,2.9,0.96
trigo,2019,2019/2020,Jujuy,Santa Bárbara,1970,1970,2758,1.4,1.0
trigo,2019,2019/2020,Buenos Aires,Roque Pérez,5180,5076,16143,3.18,0.98
trigo,2019,2019/2020,Buenos Aires,Laprida,9000,9000,31500,3.5,1.0
trigo,2019,2019/2020,Santiago del Estero,Moreno,106000,106000,275600,2.6,1.0
trigo,2019,2019/2020,Buenos Aires,Rivadavia,38850,38250,103275,2.7,0.985
trigo,2020,2020/2021,Buenos Aires,Tandil,63692,63692,306800,4.817,1.0
trigo,2020,2020/2021,Buenos Aires,General Arenales,34000,34000,146200,4.3,1.0
trigo,2020,2020/2021,Buenos Aires,Mar Chiquita,6000,6000,30000,5.0,1.0
trigo,2020,2020/2021,Buenos Aires,Salto,35100,35100,147420,4.2,1.0
trigo,2020,2020/2021,Buenos Aires,Maipú,2800,2800,14000,5.0,1.0
trigo,2020,2020/2021,Buenos Aires,Bahía Blanca,16000,16000,35200,2.2,1.0
trigo,2020,2020/2021,La Pampa,Toay,31300,31300,62600,2.0,1.0
trigo,2020,2020/2021,Buenos Aires,Tornquist,25000,25000,49800,1.992,1.0
trigo,2020,2020/2021,Santiago del Estero,Alberdi,16300,9100,5460,0.6,0.558
trigo,2020,2020/2021,Buenos Aires,Pergamino,44800,44800,188160,4.2,1.0
trigo,2020,2020/2021,Buenos Aires,San Nicolás,7500,7500,28500,3.8,1.0
trigo,2020,2020/2021,Buenos Aires,Salliqueló,6100,6100,18280,2.997,1.0
trigo,2020,2020/2021,Buenos Aires,Suipacha,8000,8000,33600,4.2,1.0
trigo,2020,2020/2021,Buenos Aires,San Andrés de Giles,19000,19000,57000,3.0,1.0
trigo,2020,2020/2021,Buenos Aires,Tapalqué,3000,3000,12600,4.2,1.0
trigo,2020,2020/2021,Salta,Chicoana,250,250,350,1.4,1.0
trigo,2020,2020/2021,Buenos Aires,San Antonio de Areco,16700,16700,65130,3.9,1.0
trigo,2020,2020/2021,Chaco,Fray Justo Santa María de Oro,4000,1800,1260,0.7,0.45
trigo,2020,2020/2021,Buenos Aires,Lincoln,50300,49000,176400,3.6,0.974
trigo,2020,2020/2021,Buenos Aires,Monte,15900,15580,57646,3.7,0.98
trigo,2020,2020/2021,Córdoba,San Justo,198000,196220,353196,1.8,0.991
trigo,2020,2020/2021,Corrientes,Mercedes,250,250,700,2.8,1.0
trigo,2020,2020/2021,Chaco,Chacabuco,8000,5400,4860,0.9,0.675
trigo,2020,2020/2021,Córdoba,Tulumba,10740,9050,13675,1.511,0.843
trigo,2020,2020/2021,Buenos Aires,Pehuajó,60442,60442,271989,4.5,1.0
trigo,2020,2020/2021,Buenos Aires,Necochea,61560,61560,276252,4.488,1.0
trigo,2020,2020/2021,Buenos Aires,Pilar,300,300,1140,3.8,1.0
trigo,2020,2020/2021,Salta,Capital,950,950,1330,1.4,1.0
trigo,2020,2020/2021,Buenos Aires,Magdalena,450,450,1710,3.8,1.0
trigo,2020,2020/2021,Buenos Aires,Mercedes,6000,6000,25200,4.2,1.0
trigo,2020,2020/2021,Buenos Aires,Leandro N. Alem,29100,28400,105080,3.7,0.976
trigo,2020,2020/2021,La Pampa,Conhelo,34000,33400,66800,2.0,0.982
trigo,2020,2020/2021,Buenos Aires,General Rodríguez,450,450,1710,3.8,1.0
trigo,2020,2020/2021,Buenos Aires,Lobería,80704,80704,388861,4.818,1.0
trigo,2020,2020/2021,Buenos Aires,Laprida,9200,9200,38640,4.2,1.0
trigo,2020,2020/2021,Salta,Rosario de la Frontera,6900,6825,6143,0.9,0.989
trigo,2020,2020/2021,Santa Fe,La Capital,21420,21420,51396,2.399,1.0
trigo,2020,2020/2021,Santa Fe,Rosario,36900,36900,81180,2.2,1.0
trigo,2020,2020/2021,Buenos Aires,Pila,5700,5700,24510,4.3,1.0
trigo,2020,2020/2021,Santa Fe,9 de Julio,93100,84100,227070,2.7,0.903
trigo,2020,2020/2021,Jujuy,San Antonio,800,800,1280,1.6,1.0
trigo,2020,2020/2021,Santa Fe,General López,185000,180700,650520,3.6,0.977
trigo,2020,2020/2021,Santa Fe,San Jerónimo,62700,54300,97740,1.8,0.866
trigo,2020,2020/2021,Santiago del Estero,Moreno,35200,11400,6840,0.6,0.324
trigo,2020,2020/2021,La Pampa,Chapaleufú,17500,17100,42750,2.5,0.977
trigo,2020,2020/2021,La Pampa,Trenel,21500,20600,37080,1.8,0.958
trigo,2020,2020/2021,Córdoba,Tercero Arriba,25000,22400,40320,1.8,0.896
trigo,2020,2020/2021,Chaco,12 de Octubre,12500,9500,7600,0.8,0.76
trigo,2020,2020/2021,Buenos Aires,Bolívar,32000,32000,134400,4.2,1.0
trigo,2020,2020/2021,Santiago del Estero,Guasayán,5000,5000,7500,1.5,1.0
trigo,2020,2020/2021,Entre Ríos,Paraná,82250,82250,197415,2.4,1.0
trigo,2020,2020/2021,Buenos Aires,Adolfo Alsina,82600,82600,231220,2.799,1.0
trigo,2020,2020/2021,Entre Ríos,San Salvador,6000,6000,13200,2.2,1.0
trigo,2020,2020/2021,Santiago del Estero,Robles,1000,1000,2500,2.5,1.0
trigo,2020,2020/2021,Santiago del Estero,General Taboada,125700,117200,175800,1.5,0.932
trigo,2020,2020/2021,Santa Fe,San Martín,117000,105380,189684,1.8,0.901
trigo,2020,2020/2021,La Pampa,Quemú Quemú,15000,14700,29400,2.0,0.98
trigo,2020,2020/2021,San Luis,Gobernador Dupuy,7600,2100,2520,1.2,0.276
trigo,2020,2020/2021,Buenos Aires,General La Madrid,46000,46000,93000,2.022,1.0
trigo,2020,2020/2021,Jujuy,El Carmen,720,720,1152,1.6,1.0
trigo,2020,2020/2021,La Pampa,Atreucó,33200,33200,83000,2.5,1.0
trigo,2020,2020/2021,Entre Ríos,Gualeguay,38500,38100,106680,2.8,0.99
trigo,2020,2020/2021,La Pampa,Catriló,21600,21600,54000,2.5,1.0
trigo,2020,2020/2021,Buenos Aires,Baradero,12000,12000,46800,3.9,1.0
trigo,2020,2020/2021,Córdoba,Juárez Celman,46800,38800,85360,2.2,0.829
trigo,2020,2020/2021,Entre Ríos,Victoria,42000,41100,102750,2.5,0.979
trigo,2020,2020/2021,Buenos Aires,General Juan Madariaga,5500,5500,28050,5.1,1.0
trigo,2020,2020/2021,Buenos Aires,9 de Julio,60010,60010,252040,4.2,1.0
trigo,2020,2020/2021,Buenos Aires,Carmen de Areco,12000,12000,42000,3.5,1.0
trigo,2020,2020/2021,Buenos Aires,Adolfo Gonzales Chaves,56000,56000,255600,4.564,1.0
trigo,2020,2020/2021,Buenos Aires,Guaminí,66700,66700,186760,2.8,1.0
trigo,2020,2020/2021,Buenos Aires,Azul,59180,59180,272424,4.603,1.0
trigo,2020,2020/2021,Buenos Aires,Alberti,22000,22000,92400,4.2,1.0
trigo,2020,2020/2021,Córdoba,Río Segundo,40000,38700,50310,1.3,0.968
trigo,2020,2020/2021,Córdoba,Colón,12196,10446,16813,1.61,0.857
trigo,2020,2020/2021,Buenos Aires,25 de Mayo,50223,49119,191542,3.9,0.978
trigo,2020,2020/2021,Buenos Aires,Exaltación de la Cruz,3300,3300,12540,3.8,1.0
trigo,2020,2020/2021,Buenos Aires,Chivilcoy,33092,33092,138968,4.199,1.0
trigo,2020,2020/2021,Buenos Aires,Coronel Dorrego,150800,150800,625960,4.151,1.0
trigo,2020,2020/2021,Santiago del Estero,Copo,700,200,140,0.7,0.286
trigo,2020,2020/2021,Chaco,Independencia,15100,8600,6880,0.8,0.57
trigo,2020,2020/2021,Buenos Aires,Lobos,11900,11650,43105,3.7,0.979
trigo,2020,2020/2021,Córdoba,Cruz del Eje,1500,1500,1200,0.8,1.0
trigo,2020,2020/2021,Chaco,Comandante Fernández,17500,11000,8800,0.8,0.629
trigo,2020,2020/2021,Buenos Aires,General Paz,540,540,2160,4.0,1.0
trigo,2020,2020/2021,Buenos Aires,Coronel de Marina Leonardo Rosales,15253,15253,36607,2.4,1.0
trigo,2020,2020/2021,Buenos Aires,Dolores,40,40,140,3.5,1.0
trigo,2020,2020/2021,Santiago del Estero,Loreto,1000,1000,2000,2.0,1.0
trigo,2020,2020/2021,Tucumán,La Cocha,13800,11840,10608,0.896,0.858
trigo,2020,2020/2021,Buenos Aires,General Guido,1200,1200,5160,4.3,1.0
trigo,2020,2020/2021,Córdoba,General Roca,66600,40850,61725,1.511,0.613
trigo,2020,2020/2021,Entre Ríos,La Paz,58000,58000,139200,2.4,1.0
trigo,2020,2020/2021,Entre Ríos,Federal,7800,7800,19500,2.5,1.0
trigo,2020,2020/2021,Catamarca,El Alto,100,50,35,0.7,0.5
trigo,2020,2020/2021,Chaco,Quitilipi,1750,1100,880,0.8,0.629
trigo,2020,2020/2021,Córdoba,Capital,1700,1700,2040,1.2,1.0
trigo,2020,2020/2021,La Pampa,Hucal,24500,24500,49000,2.0,1.0
trigo,2020,2020/2021,Córdoba,Totoral,22600,20240,30360,1.5,0.896
trigo,2020,2020/2021,Corrientes,Sauce,1050,1050,2940,2.8,1.0
trigo,2020,2020/2021,Santiago del Estero,Silípica,1500,1500,3000,2.0,1.0
trigo,2020,2020/2021,Buenos Aires,Tres Lomas,9100,9100,27290,2.999,1.0
trigo,2020,2020/2021,Santiago del Estero,Jiménez,30000,26000,39000,1.5,0.867
trigo,2020,2020/2021,Santiago del Estero,San Martín,10500,10500,21000,2.0,1.0
trigo,2020,2020/2021,Buenos Aires,Tres Arroyos,131000,131000,570000,4.351,1.0
trigo,2020,2020/2021,Córdoba,San Javier,4000,4000,14000,3.5,1.0
trigo,2020,2020/2021,Córdoba,Calamuchita,1800,1300,1950,1.5,0.722
trigo,2020,2020/2021,Chaco,General Belgrano,3200,1600,1120,0.7,0.5
trigo,2020,2020/2021,Buenos Aires,Zárate,3000,3000,11700,3.9,1.0
trigo,2020,2020/2021,Buenos Aires,Rivadavia,35270,35270,155195,4.4,1.0
trigo,2020,2020/2021,Buenos Aires,Coronel Suárez,110000,110000,275000,2.5,1.0
trigo,2020,2020/2021,Buenos Aires,Olavarría,28000,28000,115500,4.125,1.0
trigo,2020,2020/2021,Buenos Aires,General Viamonte,28200,27500,104500,3.8,0.975
trigo,2020,2020/2021,Buenos Aires,Daireaux,29000,29000,121800,4.2,1.0
trigo,2020,2020/2021,Buenos Aires,Carlos Casares,24554,24554,112970,4.601,1.0
trigo,2020,2020/2021,Buenos Aires,Castelli,2400,2400,11040,4.6,1.0
trigo,2020,2020/2021,Buenos Aires,Cañuelas,2100,2100,7980,3.8,1.0
trigo,2020,2020/2021,Buenos Aires,Ramallo,14500,14500,56550,3.9,1.0
trigo,2020,2020/2021,Buenos Aires,Arrecifes,25400,25400,101600,4.0,1.0
trigo,2020,2020/2021,Santa Fe,Caseros,44300,44300,101890,2.3,1.0
trigo,2020,2020/2021,Buenos Aires,Ayacucho,11800,11800,50740,4.3,1.0
trigo,2020,2020/2021,Chaco,O'Higgins,15000,13100,11790,0.9,0.873
trigo,2020,2020/2021,Chaco,2 de Abril,8500,4300,3440,0.8,0.506
trigo,2020,2020/2021,Santiago del Estero,Pellegrini,25000,21700,32550,1.5,0.868
trigo,2020,2020/2021,Santa Fe,Garay,1300,1300,2860,2.2,1.0
trigo,2020,2020/2021,Jujuy,San Pedro,480,480,768,1.6,1.0
trigo,2020,2020/2021,Santa Fe,Castellanos,187700,184700,332460,1.8,0.984
trigo,2020,2020/2021,La Pampa,Rancul,7000,6800,10880,1.6,0.971
trigo,2020,2020/2021,La Pampa,Guatraché,61600,61600,135520,2.2,1.0
trigo,2020,2020/2021,Jujuy,Santa Bárbara,1600,1600,2560,1.6,1.0
trigo,2020,2020/2021,Entre Ríos,Federación,3500,3500,9100,2.6,1.0
trigo,2020,2020/2021,Salta,General José de San Martín,15200,14750,10325,0.7,0.97
trigo,2020,2020/2021,Jujuy,Palpalá,120,120,192,1.6,1.0
trigo,2020,2020/2021,Salta,Anta,40850,39550,57405,1.451,0.968
trigo,2020,2020/2021,La Pampa,Maracó,21300,20900,48070,2.3,0.981
trigo,2020,2020/2021,San Luis,Junín,2600,1900,5320,2.8,0.731
trigo,2020,2020/2021,Entre Ríos,Feliciano,5500,5500,14300,2.6,1.0
trigo,2020,2020/2021,La Pampa,Capital,37200,37200,81840,2.2,1.0
trigo,2020,2020/2021,Salta,Metán,8800,8700,10440,1.2,0.989
trigo,2020,2020/2021,Chaco,Maipú,2300,1400,980,0.7,0.609
trigo,2020,2020/2021,Corrientes,Curuzu Cuatia,270,270,756,2.8,1.0
trigo,2020,2020/2021,San Luis,Libertador General San Martín,350,250,275,1.1,0.714
trigo,2020,2020/2021,Córdoba,General San Martín,69900,68400,88920,1.3,0.979
trigo,2020,2020/2021,Santiago del Estero,Mitre,3000,2600,3900,1.5,0.867
trigo,2020,2020/2021,Santa Fe,Iriondo,71000,63500,114300,1.8,0.894
trigo,2020,2020/2021,Buenos Aires,Las Flores,6800,6520,24124,3.7,0.959
trigo,2020,2020/2021,Santiago del Estero,Aguirre,16500,7500,6000,0.8,0.455
trigo,2020,2020/2021,Buenos Aires,Capitán Sarmiento,6500,6500,26000,4.0,1.0
trigo,2020,2020/2021,Santa Fe,San Cristóbal,123400,121400,121400,1.0,0.984
trigo,2020,2020/2021,Buenos Aires,Campana,3100,3100,11780,3.8,1.0
trigo,2020,2020/2021,Córdoba,Unión,168400,154400,262520,1.7,0.917
trigo,2020,2020/2021,Santa Fe,Las Colonias,127500,125500,200820,1.6,0.984
trigo,2020,2020/2021,Santa Fe,San Javier,6000,6000,9000,1.5,1.0
trigo,2020,2020/2021,Santiago del Estero,Juan F. Ibarra,12300,2500,2250,0.9,0.203
trigo,2020,2020/2021,Santiago del Estero,Banda,1000,1000,2500,2.5,1.0
trigo,2020,2020/2021,Córdoba,Ischilín,1060,950,1425,1.5,0.896
trigo,2020,2020/2021,Córdoba,Marcos Juárez,136900,127900,243010,1.9,0.934
trigo,2020,2020/2021,Buenos Aires,Puán,55000,55000,111000,2.018,1.0
trigo,2020,2020/2021,Buenos Aires,Carlos Tejedor,28500,28500,125400,4.4,1.0
trigo,2020,2020/2021,Tucumán,Famaillá,150,130,104,0.8,0.867
trigo,2020,2020/2021,Santiago del Estero,Rivadavia,9800,6500,5850,0.9,0.663
trigo,2020,2020/2021,Buenos Aires,Navarro,11200,10970,41686,3.8,0.979
trigo,2020,2020/2021,Salta,General Güemes,185,185,177,0.957,1.0
trigo,2020,2020/2021,Buenos Aires,Tordillo,100,100,350,3.5,1.0
trigo,2020,2020/2021,Buenos Aires,Villarino,19500,19500,31550,1.618,1.0
trigo,2020,2020/2021,Chaco,San Lorenzo,750,50,25,0.5,0.067
trigo,2020,2020/2021,Buenos Aires,Coronel Pringles,73000,73000,312600,4.282,1.0
trigo,2020,2020/2021,Catamarca,Santa Rosa,21000,18700,20570,1.1,0.89
trigo,2020,2020/2021,Santiago del Estero,Río Hondo,12674,11174,16761,1.5,0.882
trigo,2020,2020/2021,Salta,La Candelaria,60,60,48,0.8,1.0
trigo,2020,2020/2021,Tucumán,Simoca,350,300,210,0.7,0.857
trigo,2020,2020/2021,Córdoba,Presidente Roque Sáenz Peña,99690,92190,166435,1.805,0.925
trigo,2020,2020/2021,Tucumán,Juan Bautista Alberdi,300,250,200,0.8,0.833
trigo,2020,2020/2021,Santiago del Estero,Belgrano,76800,68500,109600,1.6,0.892
trigo,2020,2020/2021,Buenos Aires,Colón,16300,16300,65200,4.0,1.0
trigo,2020,2020/2021,Buenos Aires,Saavedra,49000,49000,107400,2.192,1.0
trigo,2020,2020/2021,Buenos Aires,San Cayetano,36000,36000,161100,4.475,1.0
trigo,2020,2020/2021,Buenos Aires,Chacabuco,42000,42000,184800,4.4,1.0
trigo,2020,2020/2021,Buenos Aires,Chascomús,8300,8300,31540,3.8,1.0
trigo,2020,2020/2021,Buenos Aires,General Alvarado,30246,30246,148309,4.903,1.0
trigo,2020,2020/2021,Buenos Aires,General Belgrano,13370,12833,48749,3.799,0.96
trigo,2020,2020/2021,Santa Fe,Villa Constitución,57500,57500,138000,2.4,1.0
trigo,2020,2020/2021,Buenos Aires,General Pinto,45300,44400,164280,3.7,0.98
trigo,2020,2020/2021,Buenos Aires,Benito Juárez,40099,40099,177275,4.421,1.0
trigo,2020,2020/2021,Buenos Aires,General Alvear,10000,10000,42000,4.2,1.0
trigo,2020,2020/2021,Buenos Aires,Luján,4500,4500,17100,3.8,1.0
trigo,2020,2020/2021,Buenos Aires,General Villegas,92000,85700,299950,3.5,0.932
trigo,2020,2020/2021,Buenos Aires,La Plata,250,250,950,3.8,1.0
trigo,2020,2020/2021,Buenos Aires,Marcos Paz,1100,1100,4180,3.8,1.0
trigo,2020,2020/2021,Buenos Aires,Rauch,3000,3000,12900,4.3,1.0
trigo,2020,2020/2021,Buenos Aires,Saladillo,14700,14400,56160,3.9,0.98
trigo,2020,2020/2021,Buenos Aires,Trenque Lauquen,51849,51849,207396,4.0,1.0
trigo,2020,2020/2021,Chaco,General Güemes,730,180,108,0.6,0.247
trigo,2020,2020/2021,Chaco,Mayor Luis J. Fontana,6000,2600,1820,0.7,0.433
trigo,2020,2020/2021,Córdoba,Río Primero,50858,49058,88476,1.804,0.965
trigo,2020,2020/2021,Córdoba,Río Cuarto,51300,41300,61950,1.5,0.805
trigo,2020,2020/2021,Buenos Aires,Balcarce,49684,49684,244462,4.92,1.0
trigo,2020,2020/2021,Entre Ríos,Tala,24000,23800,66640,2.8,0.992
trigo,2020,2020/2021,Jujuy,Ledesma,50,50,80,1.6,1.0
trigo,2020,2020/2021,La Pampa,Realicó,17800,17400,34800,2.0,0.978
trigo,2020,2020/2021,Salta,La Caldera,25,25,25,1.0,1.0
trigo,2020,2020/2021,La Pampa,Utracán,8700,8700,17400,2.0,1.0
trigo,2020,2020/2021,San Luis,Chacabuco,375,275,385,1.4,0.733
trigo,2020,2020/2021,Salta,Rosario de Lerma,150,150,210,1.4,1.0
trigo,2020,2020/2021,Santa Fe,San Lorenzo,39500,39500,86900,2.2,1.0
trigo,2020,2020/2021,Santa Fe,San Justo,48900,48900,117360,2.4,1.0
trigo,2020,2020/2021,Santa Fe,Vera,9600,8200,17220,2.1,0.854
trigo,2020,2020/2021,Santiago del Estero,Capital,7500,7500,18750,2.5,1.0
trigo,2020,2020/2021,Entre Ríos,Villaguay,44000,43800,127020,2.9,0.995
trigo,2020,2020/2021,Tucumán,Tafí Viejo,100,100,80,0.8,1.0
trigo,2020,2020/2021,Tucumán,Lules,100,100,0,0.0,1.0
trigo,2020,2020/2021,Entre Ríos,Gualeguaychú,69000,68000,197200,2.9,0.986
trigo,2020,2020/2021,Entre Ríos,Nogoyá,63000,62500,150000,2.4,0.992
trigo,2020,2020/2021,Entre Ríos,Uruguay,47000,46700,135430,2.9,0.994
trigo,2020,2020/2021,Entre Ríos,Concordia,5500,5500,13750,2.5,1.0
trigo,2020,2020/2021,Buenos Aires,Florentino Ameghino,18000,17600,63360,3.6,0.978
trigo,2020,2020/2021,Córdoba,Santa María,4000,3200,3840,1.2,0.8
trigo,2020,2020/2021,Buenos Aires,Hipólito Yrigoyen,20000,20000,84000,4.2,1.0
trigo,2020,2020/2021,Buenos Aires,Punta Indio,100,100,380,3.8,1.0
trigo,2020,2020/2021,San Luis,Ayacucho,2300,2300,7480,3.252,1.0
trigo,2020,2020/2021,San Luis,Coronel Pringles,550,200,280,1.4,0.364
trigo,2020,2020/2021,San Luis,Juan Martín de Pueyrredón,350,250,400,1.6,0.714
trigo,2020,2020/2021,Salta,Orán,4500,4400,2640,0.6,0.978
trigo,2020,2020/2021,Buenos Aires,General Las Heras,460,460,1794,3.9,1.0
trigo,2020,2020/2021,San Luis,General Pedernera,1500,600,780,1.3,0.4
trigo,2020,2020/2021,Santa Fe,Belgrano,49500,43600,78480,1.8,0.881
trigo,2020,2020/2021,Entre Ríos,Diamante,47325,47325,113583,2.4,1.0
trigo,2020,2020/2021,Salta,La Viña,50,50,55,1.1,1.0
trigo,2020,2020/2021,Buenos Aires,Junín,37000,37000,155400,4.2,1.0
trigo,2020,2020/2021,Buenos Aires,Bragado,35197,35197,147788,4.199,1.0
trigo,2020,2020/2021,Tucumán,Burruyacú,30000,26160,23710,0.906,0.872
trigo,2020,2020/2021,Buenos Aires,Patagones,40000,40000,62000,1.55,1.0
trigo,2020,2020/2021,Buenos Aires,San Pedro,16600,16600,63080,3.8,1.0
trigo,2020,2020/2021,Buenos Aires,Pellegrini,17200,17200,51600,3.0,1.0
trigo,2020,2020/2021,Buenos Aires,Roque Pérez,11400,11150,42370,3.8,0.978
trigo,2020,2020/2021,Córdoba,Río Seco,12000,10700,14980,1.4,0.892
trigo,2020,2020/2021,Buenos Aires,Rojas,42000,42000,159600,3.8,1.0
trigo,2020,2020/2021,Chaco,Almirante Brown,24300,8300,7470,0.9,0.342
trigo,2020,2020/2021,Buenos Aires,San Vicente,450,450,1710,3.8,1.0
trigo,2020,2020/2021,Entre Ríos,Colón,6500,6500,14300,2.2,1.0
trigo,2020,2020/2021,Santiago del Estero,Figueroa,3500,3500,7000,2.0,1.0
trigo,2020,2020/2021,Chaco,9 de Julio,10000,8000,5600,0.7,0.8
trigo,2020,2020/2021,Santa Fe,General Obligado,44300,33200,39840,1.2,0.749
trigo,2020,2020/2021,Salta,Cerrillos,260,260,364,1.4,1.0
trigo,2020,2020/2021,Buenos Aires,Brandsen,500,500,1900,3.8,1.0
trigo,2020,2020/2021,Tucumán,Leales,11300,9230,8307,0.9,0.817
trigo,2020,2020/2021,Buenos Aires,General Pueyrredón,15145,15145,72794,4.806,1.0
trigo,2020,2020/2021,Tucumán,Graneros,12800,10700,8560,0.8,0.836
trigo,2020,2020/2021,Tucumán,Cruz Alta,13200,11450,9060,0.791,0.867
trigo,2021,2021/2022,Buenos Aires,Balcarce,30580,30580,146880,4.803,1.0
trigo,2021,2021/2022,Buenos Aires,Trenque Lauquen,49142,49142,235882,4.8,1.0
trigo,2021,2021/2022,La Pampa,Quemú Quemú,20200,18200,54600,3.0,0.901
trigo,2021,2021/2022,Buenos Aires,Tapalqué,1840,1840,4968,2.7,1.0
trigo,2021,2021/2022,Entre Ríos,Federal,8500,8500,25500,3.0,1.0
trigo,2021,2021/2022,La Pampa,Catriló,21500,21500,50525,2.35,1.0
trigo,2021,2021/2022,Buenos Aires,La Plata,250,250,950,3.8,1.0
trigo,2021,2021/2022,Córdoba,Calamuchita,1500,1500,3750,2.5,1.0
trigo,2021,2021/2022,Córdoba,Unión,201074,195942,822813,4.199,0.974
trigo,2021,2021/2022,Jujuy,Ledesma,58,58,132,2.276,1.0
trigo,2021,2021/2022,Buenos Aires,25 de Mayo,55600,55030,220074,3.999,0.99
trigo,2021,2021/2022,Santa Fe,San Jerónimo,68152,68152,286238,4.2,1.0
trigo,2021,2021/2022,Córdoba,Capital,3600,3600,9000,2.5,1.0
trigo,2021,2021/2022,Buenos Aires,Zárate,7552,7552,36250,4.8,1.0
trigo,2021,2021/2022,Tucumán,Tafí Viejo,100,97,97,1.0,0.97
trigo,2021,2021/2022,Buenos Aires,Lobería,38885,38885,178959,4.602,1.0
trigo,2021,2021/2022,Chaco,General Güemes,900,860,602,0.7,0.956
trigo,2021,2021/2022,Buenos Aires,Capitán Sarmiento,9901,9901,48515,4.9,1.0
trigo,2021,2021/2022,Catamarca,Santa Rosa,21500,19550,23460,1.2,0.909
trigo,2021,2021/2022,Chaco,Maipú,7500,7420,8904,1.2,0.989
trigo,2021,2021/2022,Buenos Aires,Tres Lomas,11100,11100,37700,3.396,1.0
trigo,2021,2021/2022,Buenos Aires,Bolívar,27600,27600,80040,2.9,1.0
trigo,2021,2021/2022,Tucumán,Juan Bautista Alberdi,200,197,217,1.102,0.985
trigo,2021,2021/2022,Buenos Aires,Punta Indio,300,300,1140,3.8,1.0
trigo,2021,2021/2022,Buenos Aires,Tandil,37324,37324,164226,4.4,1.0
trigo,2021,2021/2022,Buenos Aires,San Nicolás,8421,8421,42105,5.0,1.0
trigo,2021,2021/2022,Buenos Aires,Tres Arroyos,117946,117946,484392,4.107,1.0
trigo,2021,2021/2022,Buenos Aires,San Andrés de Giles,18000,18000,88200,4.9,1.0
trigo,2021,2021/2022,Buenos Aires,Rauch,2500,2500,10500,4.2,1.0
trigo,2021,2021/2022,Buenos Aires,Laprida,3919,3919,14460,3.69,1.0
trigo,2021,2021/2022,Buenos Aires,Roque Pérez,11520,11400,44459,3.9,0.99
trigo,2021,2021/2022,Córdoba,General Roca,55892,43770,131311,3.0,0.783
trigo,2021,2021/2022,Buenos Aires,Rivadavia,55032,55032,264154,4.8,1.0
trigo,2021,2021/2022,Córdoba,San Javier,3400,3400,11900,3.5,1.0
trigo,2021,2021/2022,Buenos Aires,Campana,1857,1857,8914,4.8,1.0
trigo,2021,2021/2022,Buenos Aires,Marcos Paz,3000,3000,11400,3.8,1.0
trigo,2021,2021/2022,Salta,General Güemes,435,435,488,1.122,1.0
trigo,2021,2021/2022,Buenos Aires,San Antonio de Areco,11316,11316,55448,4.9,1.0
trigo,2021,2021/2022,Chaco,O'Higgins,12500,12480,14976,1.2,0.998
trigo,2021,2021/2022,Buenos Aires,Pila,3000,3000,13500,4.5,1.0
trigo,2021,2021/2022,Buenos Aires,Leandro N. Alem,27500,26807,95165,3.55,0.975
trigo,2021,2021/2022,Buenos Aires,Pergamino,46744,46744,243069,5.2,1.0
trigo,2021,2021/2022,Buenos Aires,General Paz,4500,4500,17100,3.8,1.0
trigo,2021,2021/2022,Córdoba,Marcos Juárez,162463,159963,735830,4.6,0.985
trigo,2021,2021/2022,Buenos Aires,Hipólito Yrigoyen,16560,16560,48024,2.9,1.0
trigo,2021,2021/2022,Buenos Aires,Exaltación de la Cruz,6653,6653,31934,4.8,1.0
trigo,2021,2021/2022,Buenos Aires,Arrecifes,25561,25561,122693,4.8,1.0
trigo,2021,2021/2022,Buenos Aires,Pehuajó,42452,42452,220750,5.2,1.0
trigo,2021,2021/2022,Buenos Aires,Olavarría,23240,23240,67096,2.887,1.0
trigo,2021,2021/2022,Buenos Aires,Castelli,3235,3235,14558,4.5,1.0
trigo,2021,2021/2022,Buenos Aires,Saavedra,49000,47864,104718,2.188,0.977
trigo,2021,2021/2022,Entre Ríos,Gualeguay,40000,40000,156000,3.9,1.0
trigo,2021,2021/2022,Buenos Aires,Carlos Tejedor,23719,23719,111479,4.7,1.0
trigo,2021,2021/2022,Buenos Aires,Daireaux,23920,23920,64584,2.7,1.0
trigo,2021,2021/2022,Buenos Aires,Bahía Blanca,10747,10747,12896,1.2,1.0
trigo,2021,2021/2022,Buenos Aires,Monte,16914,16734,63589,3.8,0.989
trigo,2021,2021/2022,Buenos Aires,Maipú,3020,3020,15100,5.0,1.0
trigo,2021,2021/2022,Córdoba,General San Martín,105500,100000,329750,3.298,0.948
trigo,2021,2021/2022,Buenos Aires,Pilar,300,300,1140,3.8,1.0
trigo,2021,2021/2022,Buenos Aires,Pellegrini,16200,16200,56600,3.494,1.0
trigo,2021,2021/2022,Buenos Aires,Lincoln,53000,51614,180649,3.5,0.974
trigo,2021,2021/2022,Buenos Aires,General Arenales,36000,36000,147600,4.1,1.0
trigo,2021,2021/2022,Tucumán,Cruz Alta,10100,9180,9021,0.983,0.909
trigo,2021,2021/2022,Buenos Aires,General Alvear,6900,6900,20010,2.9,1.0
trigo,2021,2021/2022,Buenos Aires,General Belgrano,13499,13359,52065,3.897,0.99
trigo,2021,2021/2022,Buenos Aires,Coronel de Marina Leonardo Rosales,16418,16418,33105,2.016,1.0
trigo,2021,2021/2022,Buenos Aires,Florentino Ameghino,16500,16054,52978,3.3,0.973
trigo,2021,2021/2022,Buenos Aires,General Las Heras,1500,1500,5700,3.8,1.0
trigo,2021,2021/2022,Buenos Aires,Benito Juárez,28414,28414,113656,4.0,1.0
trigo,2021,2021/2022,Chaco,Chacabuco,15000,14300,11440,0.8,0.953
trigo,2021,2021/2022,Buenos Aires,Carmen de Areco,12500,12500,58750,4.7,1.0
trigo,2021,2021/2022,Buenos Aires,Mercedes,6600,6600,32340,4.9,1.0
trigo,2021,2021/2022,Buenos Aires,Colón,14031,14031,71558,5.1,1.0
trigo,2021,2021/2022,Tucumán,Famaillá,150,145,160,1.103,0.967
trigo,2021,2021/2022,Buenos Aires,Coronel Pringles,74673,74673,254867,3.413,1.0
trigo,2021,2021/2022,Tucumán,Lules,200,198,218,1.101,0.99
trigo,2021,2021/2022,Buenos Aires,Junín,37200,37200,137760,3.703,1.0
trigo,2021,2021/2022,Tucumán,Leales,11600,10360,8288,0.8,0.893
trigo,2021,2021/2022,Buenos Aires,Azul,45119,45119,189316,4.196,1.0
trigo,2021,2021/2022,Buenos Aires,Brandsen,500,500,1900,3.8,1.0
trigo,2021,2021/2022,Buenos Aires,Guaminí,74700,74700,238900,3.198,1.0
trigo,2021,2021/2022,Jujuy,Palpalá,120,120,276,2.3,1.0
trigo,2021,2021/2022,Buenos Aires,General Alvarado,29302,29302,146475,4.999,1.0
trigo,2021,2021/2022,Buenos Aires,Coronel Suárez,109000,108148,235542,2.178,0.992
trigo,2021,2021/2022,Chaco,Fray Justo Santa María de Oro,5200,5150,4120,0.8,0.99
trigo,2021,2021/2022,Buenos Aires,Carlos Casares,29853,29853,140309,4.7,1.0
trigo,2021,2021/2022,Buenos Aires,Patagones,45450,1910,4333,2.269,0.042
trigo,2021,2021/2022,Buenos Aires,Las Flores,6959,6889,26173,3.799,0.99
trigo,2021,2021/2022,San Luis,Gobernador Dupuy,8400,4600,7820,1.7,0.548
trigo,2021,2021/2022,Buenos Aires,Luján,7900,7900,30020,3.8,1.0
trigo,2021,2021/2022,Buenos Aires,Lobos,13393,13253,50360,3.8,0.99
trigo,2021,2021/2022,Buenos Aires,General Rodríguez,2000,2000,7600,3.8,1.0
trigo,2021,2021/2022,Chaco,Almirante Brown,14000,13350,13350,1.0,0.954
trigo,2021,2021/2022,Entre Ríos,Federación,3500,3500,9800,2.8,1.0
trigo,2021,2021/2022,Santiago del Estero,Aguirre,26800,26800,29480,1.1,1.0
trigo,2021,2021/2022,Santiago del Estero,Choya,1000,1000,1500,1.5,1.0
trigo,2021,2021/2022,Santa Fe,San Justo,56745,56745,204222,3.599,1.0
trigo,2021,2021/2022,Santa Fe,San Lorenzo,37500,37500,180000,4.8,1.0
trigo,2021,2021/2022,San Luis,Ayacucho,4700,4700,19310,4.109,1.0
trigo,2021,2021/2022,San Luis,General Pedernera,1500,1100,2310,2.1,0.733
trigo,2021,2021/2022,La Pampa,Hucal,9900,9900,19305,1.95,1.0
trigo,2021,2021/2022,La Pampa,Toay,8350,8350,16283,1.95,1.0
trigo,2021,2021/2022,Formosa,Laishí,2345,2345,3112,1.327,1.0
trigo,2021,2021/2022,La Pampa,Capital,29900,29900,64285,2.15,1.0
trigo,2021,2021/2022,Entre Ríos,San Salvador,6000,6000,18000,3.0,1.0
trigo,2021,2021/2022,Chaco,San Fernando,500,500,350,0.7,1.0
trigo,2021,2021/2022,Chaco,San Lorenzo,100,100,70,0.7,1.0
trigo,2021,2021/2022,Chaco,Independencia,18000,17630,21156,1.2,0.979
trigo,2021,2021/2022,Santiago del Estero,Loreto,1000,1000,2000,2.0,1.0
trigo,2021,2021/2022,Buenos Aires,General Guido,1300,1300,5460,4.2,1.0
trigo,2021,2021/2022,Buenos Aires,General Pueyrredón,14600,14600,73000,5.0,1.0
trigo,2021,2021/2022,Salta,Orán,9200,9200,7360,0.8,1.0
trigo,2021,2021/2022,Buenos Aires,General Viamonte,26500,25757,95301,3.7,0.972
trigo,2021,2021/2022,Buenos Aires,Cañuelas,3500,3500,13300,3.8,1.0
trigo,2021,2021/2022,Buenos Aires,Suipacha,7500,7500,36750,4.9,1.0
trigo,2021,2021/2022,Entre Ríos,La Paz,58500,58500,181350,3.1,1.0
trigo,2021,2021/2022,Tucumán,Burruyacú,30300,28250,19775,0.7,0.932
trigo,2021,2021/2022,Buenos Aires,Ayacucho,12000,12000,54000,4.5,1.0
trigo,2021,2021/2022,Santiago del Estero,San Martín,6000,6000,12000,2.0,1.0
trigo,2021,2021/2022,Buenos Aires,Baradero,28550,28550,134185,4.7,1.0
trigo,2021,2021/2022,Santiago del Estero,Robles,2200,2200,4360,1.982,1.0
trigo,2021,2021/2022,Buenos Aires,9 de Julio,67211,67211,329250,4.899,1.0
trigo,2021,2021/2022,Tucumán,La Cocha,11380,10400,7335,0.705,0.914
trigo,2021,2021/2022,Buenos Aires,Mar Chiquita,6500,6500,35750,5.5,1.0
trigo,2021,2021/2022,Buenos Aires,Navarro,12591,12461,48598,3.9,0.99
trigo,2021,2021/2022,Buenos Aires,Salliqueló,6100,6100,21310,3.493,1.0
trigo,2021,2021/2022,Buenos Aires,General Pinto,40500,39500,134300,3.4,0.975
trigo,2021,2021/2022,Buenos Aires,General Juan Madariaga,6000,6000,31800,5.3,1.0
trigo,2021,2021/2022,Catamarca,El Alto,130,80,40,0.5,0.615
trigo,2021,2021/2022,Buenos Aires,General La Madrid,46000,45148,98738,2.187,0.981
trigo,2021,2021/2022,Buenos Aires,Chascomús,14950,14950,56810,3.8,1.0
trigo,2021,2021/2022,Buenos Aires,Bragado,38000,38000,186200,4.9,1.0
trigo,2021,2021/2022,Buenos Aires,Salto,32499,31901,165885,5.2,0.982
trigo,2021,2021/2022,Buenos Aires,Chacabuco,43000,43000,189200,4.4,1.0
trigo,2021,2021/2022,Córdoba,Totoral,19050,18905,49153,2.6,0.992
trigo,2021,2021/2022,Buenos Aires,Necochea,21077,21077,91380,4.336,1.0
trigo,2021,2021/2022,Buenos Aires,Magdalena,1600,1600,6080,3.8,1.0
trigo,2021,2021/2022,Buenos Aires,Saladillo,12113,11953,47811,4.0,0.987
trigo,2021,2021/2022,Buenos Aires,Ramallo,19636,19446,93341,4.8,0.99
trigo,2021,2021/2022,Buenos Aires,San Pedro,14755,14755,72300,4.9,1.0
trigo,2021,2021/2022,Buenos Aires,General Villegas,96000,94267,301654,3.2,0.982
trigo,2021,2021/2022,Chaco,9 de Julio,13000,12400,12400,1.0,0.954
trigo,2021,2021/2022,Buenos Aires,Rojas,44000,44000,193600,4.4,1.0
trigo,2021,2021/2022,Córdoba,Tercero Arriba,37000,37000,122100,3.3,1.0
trigo,2021,2021/2022,La Pampa,Atreucó,18100,18100,44345,2.45,1.0
trigo,2021,2021/2022,Jujuy,Santa Bárbara,1602,1602,3685,2.3,1.0
trigo,2021,2021/2022,Jujuy,Dr. Manuel Belgrano,97,97,222,2.289,1.0
trigo,2021,2021/2022,Santa Fe,Villa Constitución,46200,46200,221760,4.8,1.0
trigo,2021,2021/2022,La Pampa,Chapaleufú,16900,15500,49600,3.2,0.917
trigo,2021,2021/2022,Salta,Rosario de Lerma,300,300,360,1.2,1.0
trigo,2021,2021/2022,Santa Fe,General López,221483,221483,1063118,4.8,1.0
trigo,2021,2021/2022,Santa Fe,La Capital,21800,21800,76300,3.5,1.0
trigo,2021,2021/2022,Santiago del Estero,Rivadavia,13120,11970,15561,1.3,0.912
trigo,2021,2021/2022,Santiago del Estero,Copo,1430,1080,1188,1.1,0.755
trigo,2021,2021/2022,Tucumán,Capital,50,46,41,0.891,0.92
trigo,2021,2021/2022,Tucumán,Yerba Buena,60,60,72,1.2,1.0
trigo,2021,2021/2022,Tucumán,Graneros,11000,9850,6895,0.7,0.895
trigo,2021,2021/2022,Entre Ríos,Feliciano,6500,6500,18850,2.9,1.0
trigo,2021,2021/2022,Buenos Aires,Puán,55000,53864,96955,1.8,0.979
trigo,2021,2021/2022,Buenos Aires,San Cayetano,36415,36415,140984,3.872,1.0
trigo,2021,2021/2022,Buenos Aires,San Vicente,800,800,3040,3.8,1.0
trigo,2021,2021/2022,Santiago del Estero,Silípica,1500,1500,3300,2.2,1.0
trigo,2021,2021/2022,Buenos Aires,Tornquist,25000,23296,50485,2.167,0.932
trigo,2021,2021/2022,Tucumán,Simoca,200,196,176,0.898,0.98
trigo,2021,2021/2022,Chaco,2 de Abril,9500,9450,12285,1.3,0.995
trigo,2021,2021/2022,Entre Ríos,Gualeguaychú,70000,70000,259000,3.7,1.0
trigo,2021,2021/2022,Chaco,Mayor Luis J. Fontana,5000,4990,4491,0.9,0.998
trigo,2021,2021/2022,Jujuy,San Pedro,552,552,1270,2.301,1.0
trigo,2021,2021/2022,Buenos Aires,Villarino,15305,10655,12803,1.202,0.696
trigo,2021,2021/2022,Chaco,12 de Octubre,24000,22600,24860,1.1,0.942
trigo,2021,2021/2022,Chaco,General Belgrano,6500,6330,6963,1.1,0.974
trigo,2021,2021/2022,Córdoba,Río Primero,49558,49028,147341,3.005,0.989
trigo,2021,2021/2022,Chaco,Comandante Fernández,13000,12680,15850,1.25,0.975
trigo,2021,2021/2022,Corrientes,Mercedes,250,250,500,2.0,1.0
trigo,2021,2021/2022,Córdoba,Presidente Roque Sáenz Peña,84505,66182,208517,3.151,0.783
trigo,2021,2021/2022,Entre Ríos,Diamante,48000,47600,157080,3.3,0.992
trigo,2021,2021/2022,Chaco,Quitilipi,1000,950,1330,1.4,0.95
trigo,2021,2021/2022,Santa Fe,General Obligado,50900,50900,81440,1.6,1.0
trigo,2021,2021/2022,La Pampa,Rancul,17800,16900,45630,2.7,0.949
trigo,2021,2021/2022,Santiago del Estero,General Taboada,149600,141620,212410,1.5,0.947
trigo,2021,2021/2022,Santiago del Estero,Juan F. Ibarra,24800,16670,18337,1.1,0.672
trigo,2021,2021/2022,Santiago del Estero,Moreno,70030,51090,56199,1.1,0.73
trigo,2021,2021/2022,Santiago del Estero,Mitre,2100,2100,3780,1.8,1.0
trigo,2021,2021/2022,Salta,La Candelaria,730,730,584,0.8,1.0
trigo,2021,2021/2022,Santiago del Estero,Pellegrini,23200,23200,46360,1.998,1.0
trigo,2021,2021/2022,Santiago del Estero,Banda,1000,1000,2200,2.2,1.0
trigo,2021,2021/2022,Santa Fe,Iriondo,62867,62867,282902,4.5,1.0
trigo,2021,2021/2022,Santiago del Estero,Guasayán,5000,5000,7500,1.5,1.0
trigo,2021,2021/2022,Santiago del Estero,Alberdi,30100,23400,23400,1.0,0.777
trigo,2021,2021/2022,Santiago del Estero,Jiménez,28000,28000,56000,2.0,1.0
trigo,2021,2021/2022,Santiago del Estero,Belgrano,92900,90550,144860,1.6,0.975
trigo,2021,2021/2022,Santiago del Estero,Capital,7500,7500,15000,2.0,1.0
trigo,2021,2021/2022,Santiago del Estero,Figueroa,10000,10000,20000,2.0,1.0
trigo,2021,2021/2022,Buenos Aires,Chivilcoy,37525,37525,183868,4.9,1.0
trigo,2021,2021/2022,Santa Fe,San Cristóbal,124109,123409,345545,2.8,0.994
trigo,2021,2021/2022,Santiago del Estero,Río Hondo,9500,9500,18700,1.968,1.0
trigo,2021,2021/2022,Santa Fe,Rosario,20800,20800,99840,4.8,1.0
trigo,2021,2021/2022,Santa Fe,San Javier,7000,7000,14000,2.0,1.0
trigo,2021,2021/2022,Santa Fe,San Martín,78224,78224,312896,4.0,1.0
trigo,2021,2021/2022,La Pampa,Realicó,26700,25400,71120,2.8,0.951
trigo,2021,2021/2022,Córdoba,Río Cuarto,52000,52000,135200,2.6,1.0
trigo,2021,2021/2022,Santa Fe,Las Colonias,130851,129851,493434,3.8,0.992
trigo,2021,2021/2022,San Luis,Juan Martín de Pueyrredón,200,200,420,2.1,1.0
trigo,2021,2021/2022,Santa Fe,Vera,10000,10000,26000,2.6,1.0
trigo,2021,2021/2022,Buenos Aires,Coronel Dorrego,101509,101509,288724,2.844,1.0
trigo,2021,2021/2022,Santa Fe,Belgrano,50237,50237,251185,5.0,1.0
trigo,2021,2021/2022,Santa Fe,9 de Julio,95000,88300,150110,1.7,0.929
trigo,2021,2021/2022,San Luis,Junín,2500,2500,9650,3.86,1.0
trigo,2021,2021/2022,San Luis,Chacabuco,1500,900,1620,1.8,0.6
trigo,2021,2021/2022,San Luis,Coronel Pringles,1000,900,1890,2.1,0.9
trigo,2021,2021/2022,La Pampa,Utracán,1920,1920,3744,1.95,1.0
trigo,2021,2021/2022,Salta,La Viña,50,50,50,1.0,1.0
trigo,2021,2021/2022,Santa Fe,Caseros,47500,47500,228000,4.8,1.0
trigo,2021,2021/2022,Salta,Rosario de la Frontera,8785,8785,8027,0.914,1.0
trigo,2021,2021/2022,Salta,La Caldera,25,25,28,1.12,1.0
trigo,2021,2021/2022,Salta,Metán,8170,8170,8987,1.1,1.0
trigo,2021,2021/2022,Salta,Cerrillos,660,660,792,1.2,1.0
trigo,2021,2021/2022,Salta,General José de San Martín,24530,24530,19624,0.8,1.0
trigo,2021,2021/2022,Salta,Capital,390,390,429,1.1,1.0
trigo,2021,2021/2022,Santa Fe,Castellanos,166501,164901,709074,4.3,0.99
trigo,2021,2021/2022,Salta,Anta,34351,33051,48504,1.468,0.962
trigo,2021,2021/2022,Jujuy,El Carmen,828,828,1904,2.3,1.0
trigo,2021,2021/2022,Salta,Chicoana,360,360,396,1.1,1.0
trigo,2021,2021/2022,La Pampa,Conhelo,39600,36000,93600,2.6,0.909
trigo,2021,2021/2022,La Pampa,Guatraché,31270,31270,67231,2.15,1.0
trigo,2021,2021/2022,La Pampa,Trenel,21700,20600,55620,2.7,0.949
trigo,2021,2021/2022,Jujuy,San Antonio,950,950,2185,2.3,1.0
trigo,2021,2021/2022,La Pampa,Maracó,32200,28000,89600,3.2,0.87
trigo,2021,2021/2022,Córdoba,Río Seco,8900,7970,16737,2.1,0.896
trigo,2021,2021/2022,Córdoba,Juárez Celman,47000,47000,136300,2.9,1.0
trigo,2021,2021/2022,Córdoba,Río Segundo,83300,80600,225620,2.799,0.968
trigo,2021,2021/2022,Entre Ríos,Tala,25000,25000,80000,3.2,1.0
trigo,2021,2021/2022,Entre Ríos,Victoria,50000,50000,195000,3.9,1.0
trigo,2021,2021/2022,Buenos Aires,Adolfo Gonzales Chaves,40317,40317,151686,3.762,1.0
trigo,2021,2021/2022,Entre Ríos,Villaguay,41000,41000,131200,3.2,1.0
trigo,2021,2021/2022,Córdoba,San Justo,188100,185630,594016,3.2,0.987
trigo,2021,2021/2022,Corrientes,Curuzu Cuatia,270,270,540,2.0,1.0
trigo,2021,2021/2022,Entre Ríos,Nogoyá,56000,56000,184800,3.3,1.0
trigo,2021,2021/2022,Córdoba,Tulumba,10000,9710,23374,2.407,0.971
trigo,2021,2021/2022,Entre Ríos,Paraná,84500,84500,270400,3.2,1.0
trigo,2021,2021/2022,Entre Ríos,Uruguay,45000,45000,139500,3.1,1.0
trigo,2021,2021/2022,Córdoba,Cruz del Eje,1800,1800,3960,2.2,1.0
trigo,2021,2021/2022,Córdoba,Ischilín,1010,890,1869,2.1,0.881
trigo,2021,2021/2022,Entre Ríos,Concordia,5500,5500,16500,3.0,1.0
trigo,2021,2021/2022,Buenos Aires,Alberti,24000,24000,117600,4.9,1.0
trigo,2021,2021/2022,Santa Fe,Garay,1400,1400,4480,3.2,1.0
trigo,2021,2021/2022,Córdoba,Colón,10896,10446,29497,2.824,0.959
trigo,2021,2021/2022,Corrientes,Sauce,1050,1050,2100,2.0,1.0
trigo,2021,2021/2022,Entre Ríos,Colón,12000,12000,36000,3.0,1.0
trigo,2021,2021/2022,Córdoba,Santa María,5000,5000,12000,2.4,1.0
trigo,2021,2021/2022,Buenos Aires,Adolfo Alsina,120600,120600,409860,3.399,1.0
trigo,2022,2022/2023,Santa Fe,San Cristóbal,40200,40200,104520,2.6,1.0
trigo,2022,2022/2023,San Luis,Junín,1150,1150,2690,2.339,1.0
trigo,2022,2022/2023,Buenos Aires,Daireaux,27000,27000,81000,3.0,1.0
trigo,2022,2022/2023,Buenos Aires,Pilar,300,250,450,1.8,0.833
trigo,2022,2022/2023,Chaco,O'Higgins,3700,3500,4200,1.2,0.946
trigo,2022,2022/2023,Buenos Aires,San Pedro,16520,13770,27540,2.0,0.834
trigo,2022,2022/2023,Buenos Aires,Navarro,14400,14257,45075,3.162,0.99
trigo,2022,2022/2023,Buenos Aires,Exaltación de la Cruz,6650,5450,10355,1.9,0.82
trigo,2022,2022/2023,Buenos Aires,Roque Pérez,13013,12884,40732,3.161,0.99
trigo,2022,2022/2023,La Pampa,Utracán,1000,1000,2000,2.0,1.0
trigo,2022,2022/2023,Corrientes,Sauce,1400,1400,4480,3.2,1.0
trigo,2022,2022/2023,Buenos Aires,Cañuelas,3500,3050,5490,1.8,0.871
trigo,2022,2022/2023,Jujuy,San Pedro,300,300,540,1.8,1.0
trigo,2022,2022/2023,La Pampa,Capital,23200,23200,51040,2.2,1.0
trigo,2022,2022/2023,La Pampa,Catriló,15600,15600,32760,2.1,1.0
trigo,2022,2022/2023,Santiago del Estero,Capital,5000,5000,10000,2.0,1.0
trigo,2022,2022/2023,Santa Fe,General Obligado,53000,52400,125760,2.4,0.989
trigo,2022,2022/2023,Tucumán,Cruz Alta,9200,8810,8810,1.0,0.958
trigo,2022,2022/2023,San Luis,Ayacucho,3700,3700,9020,2.438,1.0
trigo,2022,2022/2023,San Luis,Gobernador Dupuy,2800,500,500,1.0,0.179
trigo,2022,2022/2023,Córdoba,Tulumba,7250,4660,6664,1.43,0.643
trigo,2022,2022/2023,Santa Fe,Iriondo,49000,46600,116500,2.5,0.951
trigo,2022,2022/2023,Salta,Anta,25432,25282,37895,1.499,0.994
trigo,2022,2022/2023,Buenos Aires,Monte,19200,19009,58517,3.078,0.99
trigo,2022,2022/2023,Santiago del Estero,Belgrano,41200,22200,26640,1.2,0.539
trigo,2022,2022/2023,Santiago del Estero,Rivadavia,7280,3890,4668,1.2,0.534
trigo,2022,2022/2023,Santiago del Estero,San Martín,10000,10000,15000,1.5,1.0
trigo,2022,2022/2023,Santiago del Estero,General Taboada,72700,39430,43373,1.1,0.542
trigo,2022,2022/2023,Santiago del Estero,Jiménez,30000,30000,45000,1.5,1.0
trigo,2022,2022/2023,Santa Fe,Villa Constitución,35614,26614,30606,1.15,0.747
trigo,2022,2022/2023,Santa Fe,San Martín,104924,101924,203848,2.0,0.971
trigo,2022,2022/2023,La Pampa,Chapaleufú,13900,13900,33360,2.4,1.0
trigo,2022,2022/2023,La Pampa,Rancul,3400,3400,6120,1.8,1.0
trigo,2022,2022/2023,Jujuy,Palpalá,200,200,360,1.8,1.0
trigo,2022,2022/2023,La Pampa,Guatraché,26000,26000,54600,2.1,1.0
trigo,2022,2022/2023,Santiago del Estero,Río Hondo,11500,11500,16500,1.435,1.0
trigo,2022,2022/2023,Chaco,Maipú,7000,6600,6600,1.0,0.943
trigo,2022,2022/2023,Salta,General Güemes,905,905,724,0.8,1.0
trigo,2022,2022/2023,Córdoba,Río Seco,6150,1320,1584,1.2,0.215
trigo,2022,2022/2023,Entre Ríos,Gualeguay,39200,36200,123080,3.4,0.923
trigo,2022,2022/2023,Entre Ríos,Diamante,49000,49000,156800,3.2,1.0
trigo,2022,2022/2023,Entre Ríos,Federación,4100,4100,13120,3.2,1.0
trigo,2022,2022/2023,Córdoba,Presidente Roque Sáenz Peña,107440,107440,268468,2.499,1.0
trigo,2022,2022/2023,Buenos Aires,Suipacha,11300,11180,17888,1.6,0.989
trigo,2022,2022/2023,Buenos Aires,Tres Lomas,13100,12600,36520,2.898,0.962
trigo,2022,2022/2023,Buenos Aires,General Alvarado,24064,24064,67314,2.797,1.0
trigo,2022,2022/2023,Buenos Aires,Saavedra,56000,56000,139000,2.482,1.0
trigo,2022,2022/2023,Tucumán,Leales,15300,14325,8595,0.6,0.936
trigo,2022,2022/2023,Chaco,Almirante Brown,21000,20200,16160,0.8,0.962
trigo,2022,2022/2023,Buenos Aires,Lobos,15100,14949,46019,3.078,0.99
trigo,2022,2022/2023,Entre Ríos,San Salvador,7000,6690,20739,3.1,0.956
trigo,2022,2022/2023,Tucumán,La Cocha,11880,10440,7308,0.7,0.879
trigo,2022,2022/2023,Tucumán,Burruyacú,26100,24550,19640,0.8,0.941
trigo,2022,2022/2023,Entre Ríos,Feliciano,6800,6800,20400,3.0,1.0
trigo,2022,2022/2023,Buenos Aires,General Lavalle,130,130,260,2.0,1.0
trigo,2022,2022/2023,Corrientes,Mercedes,500,500,1600,3.2,1.0
trigo,2022,2022/2023,Córdoba,Totoral,13550,8950,13425,1.5,0.661
trigo,2022,2022/2023,Santiago del Estero,Robles,3200,3200,6200,1.938,1.0
trigo,2022,2022/2023,Tucumán,Simoca,200,200,200,1.0,1.0
trigo,2022,2022/2023,Córdoba,Ischilín,740,240,336,1.4,0.324
trigo,2022,2022/2023,Córdoba,Río Segundo,50000,46000,69000,1.5,0.92
trigo,2022,2022/2023,Tucumán,Juan Bautista Alberdi,300,300,300,1.0,1.0
trigo,2022,2022/2023,Santiago del Estero,Silípica,1500,1500,3000,2.0,1.0
trigo,2022,2022/2023,Buenos Aires,Florentino Ameghino,11000,5893,12081,2.05,0.536
trigo,2022,2022/2023,Buenos Aires,Alberti,30800,30600,64260,2.1,0.994
trigo,2022,2022/2023,Buenos Aires,9 de Julio,64300,64100,160150,2.498,0.997
trigo,2022,2022/2023,Buenos Aires,Olavarría,22100,22100,66300,3.0,1.0
trigo,2022,2022/2023,Chaco,12 de Octubre,15000,14700,13230,0.9,0.98
trigo,2022,2022/2023,Chaco,Independencia,15000,13300,9975,0.75,0.887
trigo,2022,2022/2023,Chaco,San Lorenzo,200,198,158,0.798,0.99
trigo,2022,2022/2023,Buenos Aires,San Cayetano,29500,29500,72950,2.473,1.0
trigo,2022,2022/2023,Buenos Aires,San Nicolás,3800,3100,5270,1.7,0.816
trigo,2022,2022/2023,Córdoba,Colón,8300,6970,12269,1.76,0.84
trigo,2022,2022/2023,Buenos Aires,General La Madrid,46000,46000,114000,2.478,1.0
trigo,2022,2022/2023,Buenos Aires,San Vicente,500,450,810,1.8,0.9
trigo,2022,2022/2023,Buenos Aires,Zárate,7600,7000,13300,1.9,0.921
trigo,2022,2022/2023,Chaco,Fray Justo Santa María de Oro,2250,2136,1922,0.9,0.949
trigo,2022,2022/2023,Buenos Aires,Rivadavia,36283,29383,70519,2.4,0.81
trigo,2022,2022/2023,Chaco,Mayor Luis J. Fontana,2400,2200,2200,1.0,0.917
trigo,2022,2022/2023,Córdoba,General Roca,62000,62000,130200,2.1,1.0
trigo,2022,2022/2023,Chaco,General Belgrano,3400,3230,3876,1.2,0.95
trigo,2022,2022/2023,Buenos Aires,General Juan Madariaga,7000,7000,24500,3.5,1.0
trigo,2022,2022/2023,Buenos Aires,General Pinto,35000,25420,53382,2.1,0.726
trigo,2022,2022/2023,Buenos Aires,Saladillo,17028,16860,54701,3.244,0.99
trigo,2022,2022/2023,Buenos Aires,Ramallo,14130,11630,24423,2.1,0.823
trigo,2022,2022/2023,Buenos Aires,Las Flores,8096,8016,24669,3.077,0.99
trigo,2022,2022/2023,Buenos Aires,Lincoln,61000,46100,87590,1.9,0.756
trigo,2022,2022/2023,Santa Fe,San Lorenzo,30860,25860,37497,1.45,0.838
trigo,2022,2022/2023,Buenos Aires,Hipólito Yrigoyen,23000,23000,80500,3.5,1.0
trigo,2022,2022/2023,Buenos Aires,General Rodríguez,3700,3423,6161,1.8,0.925
trigo,2022,2022/2023,Buenos Aires,Coronel Dorrego,109500,109500,314100,2.868,1.0
trigo,2022,2022/2023,Buenos Aires,Castelli,3200,3200,6400,2.0,1.0
trigo,2022,2022/2023,Buenos Aires,General Villegas,114000,89433,178866,2.0,0.784
trigo,2022,2022/2023,Córdoba,Unión,144100,136406,197811,1.45,0.947
trigo,2022,2022/2023,Santiago del Estero,Mitre,4000,4000,4800,1.2,1.0
trigo,2022,2022/2023,Buenos Aires,General Guido,1300,1300,2860,2.2,1.0
trigo,2022,2022/2023,Buenos Aires,Bahía Blanca,10379,10379,20140,1.94,1.0
trigo,2022,2022/2023,Buenos Aires,Chivilcoy,33240,32640,68540,2.1,0.982
trigo,2022,2022/2023,Buenos Aires,Lobería,42232,42232,117522,2.783,1.0
trigo,2022,2022/2023,Buenos Aires,Punta Indio,100,100,180,1.8,1.0
trigo,2022,2022/2023,Buenos Aires,Coronel Suárez,116000,116000,287000,2.474,1.0
trigo,2022,2022/2023,Buenos Aires,General Las Heras,1500,1250,2250,1.8,0.833
trigo,2022,2022/2023,Buenos Aires,Arrecifes,32900,29100,58200,2.0,0.884
trigo,2022,2022/2023,Buenos Aires,25 de Mayo,62732,62094,201377,3.243,0.99
trigo,2022,2022/2023,Buenos Aires,La Plata,250,250,450,1.8,1.0
trigo,2022,2022/2023,Buenos Aires,Adolfo Alsina,125600,122100,341820,2.8,0.972
trigo,2022,2022/2023,Buenos Aires,General Arenales,32100,29380,49946,1.7,0.915
trigo,2022,2022/2023,Buenos Aires,Coronel Pringles,64560,64560,189062,2.928,1.0
trigo,2022,2022/2023,Buenos Aires,Coronel de Marina Leonardo Rosales,15193,15193,37859,2.492,1.0
trigo,2022,2022/2023,Buenos Aires,Bragado,32500,32300,80750,2.5,0.994
trigo,2022,2022/2023,Chaco,Chacabuco,12000,11950,13145,1.1,0.996
trigo,2022,2022/2023,Buenos Aires,Azul,30551,30551,82101,2.687,1.0
trigo,2022,2022/2023,Buenos Aires,Salto,34284,31784,73103,2.3,0.927
trigo,2022,2022/2023,Catamarca,Santa Rosa,19000,18050,18050,1.0,0.95
trigo,2022,2022/2023,Buenos Aires,Tres Arroyos,91550,91550,222705,2.433,1.0
trigo,2022,2022/2023,Entre Ríos,Uruguay,53000,49200,167280,3.4,0.928
trigo,2022,2022/2023,Buenos Aires,Tordillo,160,160,320,2.0,1.0
trigo,2022,2022/2023,Buenos Aires,Baradero,23410,20860,43806,2.1,0.891
trigo,2022,2022/2023,Buenos Aires,Tornquist,27000,27000,53600,1.985,1.0
trigo,2022,2022/2023,Buenos Aires,Villarino,21328,21328,25153,1.179,1.0
trigo,2022,2022/2023,Córdoba,General San Martín,60000,53000,90100,1.7,0.883
trigo,2022,2022/2023,Buenos Aires,San Antonio de Areco,20000,18150,36300,2.0,0.908
trigo,2022,2022/2023,Entre Ríos,Federal,9000,9000,27900,3.1,1.0
trigo,2022,2022/2023,Entre Ríos,Nogoyá,60000,56000,190400,3.4,0.933
trigo,2022,2022/2023,Entre Ríos,Paraná,90000,89500,286400,3.2,0.994
trigo,2022,2022/2023,San Luis,Juan Martín de Pueyrredón,150,100,140,1.4,0.667
trigo,2022,2022/2023,Santiago del Estero,Guasayán,5000,5000,5000,1.0,1.0
trigo,2022,2022/2023,Córdoba,San Justo,162500,155350,310700,2.0,0.956
trigo,2022,2022/2023,Entre Ríos,Concordia,5500,5500,17050,3.1,1.0
trigo,2022,2022/2023,Buenos Aires,Salliqueló,7100,6600,19130,2.898,0.93
trigo,2022,2022/2023,Buenos Aires,Puán,60000,60000,149000,2.483,1.0
trigo,2022,2022/2023,Córdoba,Santa María,3500,3500,4900,1.4,1.0
trigo,2022,2022/2023,Córdoba,Río Primero,36708,31978,58418,1.827,0.871
trigo,2022,2022/2023,Córdoba,San Javier,3400,3400,11050,3.25,1.0
trigo,2022,2022/2023,Salta,La Candelaria,1275,1275,1020,0.8,1.0
trigo,2022,2022/2023,Salta,La Caldera,45,45,45,1.0,1.0
trigo,2022,2022/2023,Buenos Aires,Balcarce,31630,31630,100384,3.174,1.0
trigo,2022,2022/2023,Buenos Aires,General Viamonte,34000,26455,50265,1.9,0.778
trigo,2022,2022/2023,Entre Ríos,Villaguay,60000,58000,168200,2.9,0.967
trigo,2022,2022/2023,Córdoba,Juárez Celman,44000,40000,54000,1.35,0.909
trigo,2022,2022/2023,Buenos Aires,Carmen de Areco,20600,18850,32045,1.7,0.915
trigo,2022,2022/2023,Buenos Aires,Chacabuco,37125,33975,57758,1.7,0.915
trigo,2022,2022/2023,Salta,La Viña,48,48,43,0.896,1.0
trigo,2022,2022/2023,Buenos Aires,Luján,12200,10800,19440,1.8,0.885
trigo,2022,2022/2023,Santiago del Estero,Figueroa,3500,3500,7000,2.0,1.0
trigo,2022,2022/2023,Buenos Aires,Brandsen,500,450,810,1.8,0.9
trigo,2022,2022/2023,Santiago del Estero,Banda,1000,1000,2000,2.0,1.0
trigo,2022,2022/2023,Buenos Aires,Mercedes,6500,6350,10160,1.6,0.977
trigo,2022,2022/2023,Buenos Aires,Guaminí,74800,72300,202360,2.799,0.967
trigo,2022,2022/2023,Buenos Aires,Leandro N. Alem,23000,13443,24197,1.8,0.584
trigo,2022,2022/2023,La Pampa,Trenel,12700,12500,22500,1.8,0.984
trigo,2022,2022/2023,Buenos Aires,Trenque Lauquen,48110,46260,120408,2.603,0.962
trigo,2022,2022/2023,San Luis,General Pedernera,700,350,420,1.2,0.5
trigo,2022,2022/2023,La Pampa,Maracó,26500,26500,63600,2.4,1.0
trigo,2022,2022/2023,Buenos Aires,Junín,40800,37400,63580,1.7,0.917
trigo,2022,2022/2023,La Pampa,Toay,12000,12000,24000,2.0,1.0
trigo,2022,2022/2023,Entre Ríos,Gualeguaychú,75000,71700,243780,3.4,0.956
trigo,2022,2022/2023,Buenos Aires,Tapalqué,1900,1900,5700,3.0,1.0
trigo,2022,2022/2023,Santiago del Estero,Pellegrini,25200,25200,37700,1.496,1.0
trigo,2022,2022/2023,Santiago del Estero,Moreno,21800,10030,12036,1.2,0.46
trigo,2022,2022/2023,Tucumán,Graneros,10200,9670,5802,0.6,0.948
trigo,2022,2022/2023,Santiago del Estero,Copo,510,230,207,0.9,0.451
trigo,2022,2022/2023,Entre Ríos,Colón,12000,11100,34410,3.1,0.925
trigo,2022,2022/2023,Catamarca,El Alto,100,70,42,0.6,0.7
trigo,2022,2022/2023,Buenos Aires,Mar Chiquita,7100,7100,22720,3.2,1.0
trigo,2022,2022/2023,Tucumán,Famaillá,250,250,275,1.1,1.0
trigo,2022,2022/2023,Salta,Orán,4615,4565,4109,0.9,0.989
trigo,2022,2022/2023,Buenos Aires,Rauch,2550,2550,4625,1.814,1.0
trigo,2022,2022/2023,Entre Ríos,Tala,30500,28500,91200,3.2,0.934
trigo,2022,2022/2023,Buenos Aires,Adolfo Gonzales Chaves,35300,35300,100510,2.847,1.0
trigo,2022,2022/2023,Santiago del Estero,Alberdi,5000,1900,2090,1.1,0.38
trigo,2022,2022/2023,Buenos Aires,Benito Juárez,20901,20901,41745,1.997,1.0
trigo,2022,2022/2023,Buenos Aires,Rojas,39200,35900,61030,1.7,0.916
trigo,2022,2022/2023,Buenos Aires,Laprida,17050,17050,48585,2.85,1.0
trigo,2022,2022/2023,Buenos Aires,Bolívar,23400,23400,70200,3.0,1.0
trigo,2022,2022/2023,Córdoba,Río Cuarto,49000,44500,55625,1.25,0.908
trigo,2022,2022/2023,Buenos Aires,Ayacucho,13170,13170,23825,1.809,1.0
trigo,2022,2022/2023,Entre Ríos,Victoria,57000,54200,173440,3.2,0.951
trigo,2022,2022/2023,Córdoba,Capital,2500,2500,3500,1.4,1.0
trigo,2022,2022/2023,Córdoba,Calamuchita,1300,1170,1229,1.05,0.9
trigo,2022,2022/2023,Buenos Aires,Carlos Tejedor,24360,20860,37860,1.815,0.856
trigo,2022,2022/2023,Chaco,Comandante Fernández,9000,8500,9350,1.1,0.944
trigo,2022,2022/2023,Buenos Aires,General Pueyrredón,11969,11969,38238,3.195,1.0
trigo,2022,2022/2023,Buenos Aires,General Belgrano,16177,16022,50620,3.159,0.99
trigo,2022,2022/2023,Córdoba,Tercero Arriba,25000,25000,42500,1.7,1.0
trigo,2022,2022/2023,Corrientes,Curuzu Cuatia,400,400,1280,3.2,1.0
trigo,2022,2022/2023,Santiago del Estero,Loreto,1000,1000,2000,2.0,1.0
trigo,2022,2022/2023,Tucumán,Capital,50,50,50,1.0,1.0
trigo,2022,2022/2023,Santiago del Estero,Aguirre,8920,4920,5904,1.2,0.552
trigo,2022,2022/2023,Salta,Rosario de la Frontera,6945,6945,6238,0.898,1.0
trigo,2022,2022/2023,Salta,Capital,271,271,298,1.1,1.0
trigo,2022,2022/2023,Salta,Chicoana,460,460,506,1.1,1.0
trigo,2022,2022/2023,Buenos Aires,General Paz,4500,4350,10005,2.3,0.967
trigo,2022,2022/2023,Buenos Aires,Colón,22300,18400,40480,2.2,0.825
trigo,2022,2022/2023,Buenos Aires,Carlos Casares,22240,22240,66720,3.0,1.0
trigo,2022,2022/2023,Buenos Aires,Dolores,615,615,1230,2.0,1.0
trigo,2022,2022/2023,Buenos Aires,General Alvear,5400,5400,15120,2.8,1.0
trigo,2022,2022/2023,Buenos Aires,Tandil,32244,32244,90061,2.793,1.0
trigo,2022,2022/2023,Buenos Aires,Necochea,31000,31000,78375,2.528,1.0
trigo,2022,2022/2023,Buenos Aires,San Andrés de Giles,21000,19250,32725,1.7,0.917
trigo,2022,2022/2023,Chaco,9 de Julio,9300,9115,9115,1.0,0.98
trigo,2022,2022/2023,Chaco,Libertador General San Martín,1900,1400,840,0.6,0.737
trigo,2022,2022/2023,Chaco,Quitilipi,1900,1700,1360,0.8,0.895
trigo,2022,2022/2023,Córdoba,Marcos Juárez,145000,134449,235286,1.75,0.927
trigo,2022,2022/2023,Chaco,2 de Abril,7200,6840,6156,0.9,0.95
trigo,2022,2022/2023,Jujuy,San Antonio,300,300,540,1.8,1.0
trigo,2022,2022/2023,Salta,Metán,9098,9098,9098,1.0,1.0
trigo,2022,2022/2023,Tucumán,Lules,300,300,330,1.1,1.0
trigo,2022,2022/2023,Santiago del Estero,Choya,1000,1000,1000,1.0,1.0
trigo,2022,2022/2023,Tucumán,Tafí Viejo,150,150,135,0.9,1.0
trigo,2022,2022/2023,Buenos Aires,Chascomús,18500,18350,40205,2.191,0.992
trigo,2022,2022/2023,Entre Ríos,La Paz,65000,65000,208000,3.2,1.0
trigo,2022,2022/2023,Chaco,General Güemes,4000,3450,2760,0.8,0.862
trigo,2022,2022/2023,Salta,Cerrillos,627,627,690,1.1,1.0
trigo,2022,2022/2023,Santa Fe,San Justo,33600,33600,134400,4.0,1.0
trigo,2022,2022/2023,Buenos Aires,Campana,2600,2400,4800,2.0,0.923
trigo,2022,2022/2023,Salta,General José de San Martín,9509,9409,8468,0.9,0.989
trigo,2022,2022/2023,San Luis,Coronel Pringles,1100,700,1000,1.429,0.636
trigo,2022,2022/2023,San Luis,Chacabuco,600,400,480,1.2,0.667
trigo,2022,2022/2023,Santa Fe,Castellanos,114330,114330,342990,3.0,1.0
trigo,2022,2022/2023,Salta,Rivadavia,195,195,195,1.0,1.0
trigo,2022,2022/2023,Santa Fe,Belgrano,49258,47258,89790,1.9,0.959
trigo,2022,2022/2023,Santa Fe,San Jerónimo,61776,59176,106517,1.8,0.958
trigo,2022,2022/2023,Santa Fe,San Javier,13000,13000,40300,3.1,1.0
trigo,2022,2022/2023,Santa Fe,Las Colonias,71500,71500,214500,3.0,1.0
trigo,2022,2022/2023,Santiago del Estero,Juan F. Ibarra,5060,2950,3245,1.1,0.583
trigo,2022,2022/2023,Santa Fe,General López,195000,135000,229500,1.7,0.692
trigo,2022,2022/2023,Jujuy,El Carmen,2500,2500,4500,1.8,1.0
trigo,2022,2022/2023,Santa Fe,Vera,20400,20400,59160,2.9,1.0
trigo,2022,2022/2023,Santa Fe,Rosario,16000,11000,11550,1.05,0.688
trigo,2022,2022/2023,Santa Fe,9 de Julio,17000,17000,18700,1.1,1.0
trigo,2022,2022/2023,Santa Fe,Garay,750,750,1950,2.6,1.0
trigo,2022,2022/2023,Salta,Rosario de Lerma,585,585,644,1.101,1.0
trigo,2022,2022/2023,La Pampa,Quemú Quemú,14300,14300,25740,1.8,1.0
trigo,2022,2022/2023,La Pampa,Realicó,9900,8900,17800,2.0,0.899
trigo,2022,2022/2023,La Pampa,Hucal,9800,9800,19600,2.0,1.0
trigo,2022,2022/2023,La Pampa,Atreucó,24500,24500,58800,2.4,1.0
trigo,2022,2022/2023,La Pampa,Conhelo,13900,13500,24300,1.8,0.971
trigo,2022,2022/2023,Jujuy,Santa Bárbara,500,500,900,1.8,1.0
trigo,2022,2022/2023,Buenos Aires,Pehuajó,40090,40090,132360,3.302,1.0
trigo,2022,2022/2023,Buenos Aires,Marcos Paz,2500,2200,3960,1.8,0.88
trigo,2022,2022/2023,Buenos Aires,Patagones,59700,59700,77310,1.295,1.0
trigo,2022,2022/2023,Buenos Aires,Pergamino,44600,39100,86020,2.2,0.877
trigo,2022,2022/2023,Buenos Aires,Maipú,4000,4000,12000,3.0,1.0
trigo,2022,2022/2023,Buenos Aires,Magdalena,1900,1900,3420,1.8,1.0
trigo,2022,2022/2023,Buenos Aires,Capitán Sarmiento,9400,8250,16500,2.0,0.878
trigo,2022,2022/2023,Formosa,Laishí,1500,1500,1840,1.227,1.0
trigo,2022,2022/2023,Buenos Aires,Pila,5500,5500,11000,2.0,1.0
trigo,2022,2022/2023,Santa Fe,Caseros,33963,27963,40546,1.45,0.823
trigo,2022,2022/2023,Santa Fe,La Capital,13000,13000,45500,3.5,1.0
trigo,2022,2022/2023,Buenos Aires,Pellegrini,17200,16700,48410,2.899,0.971
trigo,2023,2023/2024,Buenos Aires,Maipú,3800,3800,22040,5.8,1.0
trigo,2023,2023/2024,Salta,La Candelaria,1275,1275,1020,0.8,1.0
trigo,2023,2023/2024,Santiago del Estero,General Taboada,96300,94740,113688,1.2,0.984
trigo,2023,2023/2024,Buenos Aires,Laprida,19336,19336,67459,3.489,1.0
trigo,2023,2023/2024,Chaco,Mayor Luis J. Fontana,2400,800,640,0.8,0.333
trigo,2023,2023/2024,Buenos Aires,Salliqueló,9100,9100,24570,2.7,1.0
trigo,2023,2023/2024,Buenos Aires,Benito Juárez,28618,28618,137894,4.818,1.0
trigo,2023,2023/2024,Córdoba,San Justo,218500,176300,423120,2.4,0.807
trigo,2023,2023/2024,Buenos Aires,Saavedra,56000,54200,96960,1.789,0.968
trigo,2023,2023/2024,La Pampa,Quemú Quemú,21700,21300,44730,2.1,0.982
trigo,2023,2023/2024,Santa Fe,Rosario,24000,24000,96000,4.0,1.0
trigo,2023,2023/2024,Buenos Aires,Tornquist,27000,25000,44400,1.776,0.926
trigo,2023,2023/2024,Buenos Aires,Necochea,34899,34899,155786,4.464,1.0
trigo,2023,2023/2024,Buenos Aires,La Plata,500,500,2400,4.8,1.0
trigo,2023,2023/2024,Buenos Aires,Tandil,39858,39858,199290,5.0,1.0
trigo,2023,2023/2024,La Pampa,Capital,14300,14300,31460,2.2,1.0
trigo,2023,2023/2024,Córdoba,Presidente Roque Sáenz Peña,55929,55929,128599,2.299,1.0
trigo,2023,2023/2024,Entre Ríos,Feliciano,8000,8000,24000,3.0,1.0
trigo,2023,2023/2024,Córdoba,Marcos Juárez,72700,68940,199926,2.9,0.948
trigo,2023,2023/2024,Entre Ríos,Nogoyá,61000,56700,198450,3.5,0.93
trigo,2023,2023/2024,Buenos Aires,General Arenales,28000,28000,112000,4.0,1.0
trigo,2023,2023/2024,Córdoba,Santa María,4600,3100,3100,1.0,0.674
trigo,2023,2023/2024,Córdoba,Tulumba,3000,1665,2198,1.32,0.555
trigo,2023,2023/2024,Córdoba,Río Segundo,74200,64200,96260,1.499,0.865
trigo,2023,2023/2024,Buenos Aires,Coronel Suárez,116000,116000,274800,2.369,1.0
trigo,2023,2023/2024,Entre Ríos,Villaguay,80000,74500,283100,3.8,0.931
trigo,2023,2023/2024,Entre Ríos,Colón,15500,14400,51840,3.6,0.929
trigo,2023,2023/2024,Buenos Aires,General Guido,1600,1600,8800,5.5,1.0
trigo,2023,2023/2024,Córdoba,Cruz del Eje,1600,1600,1920,1.2,1.0
trigo,2023,2023/2024,Córdoba,General Roca,49265,49265,98530,2.0,1.0
trigo,2023,2023/2024,Córdoba,Totoral,15000,10440,14616,1.4,0.696
trigo,2023,2023/2024,Chaco,General Güemes,6000,5900,5900,1.0,0.983
trigo,2023,2023/2024,Buenos Aires,Punta Indio,100,100,400,4.0,1.0
trigo,2023,2023/2024,Chaco,Independencia,16000,14400,11520,0.8,0.9
trigo,2023,2023/2024,Santiago del Estero,Copo,1380,1380,1656,1.2,1.0
trigo,2023,2023/2024,Chaco,Chacabuco,10250,9750,6825,0.7,0.951
trigo,2023,2023/2024,Santiago del Estero,Aguirre,11200,11200,14560,1.3,1.0
trigo,2023,2023/2024,Córdoba,Tercero Arriba,18500,13500,22950,1.7,0.73
trigo,2023,2023/2024,Buenos Aires,Mar Chiquita,5500,5500,31900,5.8,1.0
trigo,2023,2023/2024,Buenos Aires,San Andrés de Giles,21000,21000,73500,3.5,1.0
trigo,2023,2023/2024,Chaco,General Belgrano,2000,1100,1100,1.0,0.55
trigo,2023,2023/2024,Buenos Aires,Ramallo,16830,16830,77412,4.6,1.0
trigo,2023,2023/2024,Buenos Aires,Pilar,300,300,1440,4.8,1.0
trigo,2023,2023/2024,Tucumán,Graneros,11200,11070,12177,1.1,0.988
trigo,2023,2023/2024,Buenos Aires,General Belgrano,12969,12836,46873,3.652,0.99
trigo,2023,2023/2024,Tucumán,Yerba Buena,50,50,0,0.0,1.0
trigo,2023,2023/2024,La Pampa,Rancul,11100,10000,18000,1.8,0.901
trigo,2023,2023/2024,San Luis,Junín,1100,1100,3120,2.836,1.0
trigo,2023,2023/2024,Buenos Aires,Tres Arroyos,109461,109461,481634,4.4,1.0
trigo,2023,2023/2024,Buenos Aires,Alberti,19000,19000,57000,3.0,1.0
trigo,2023,2023/2024,Buenos Aires,Roque Pérez,11200,11088,40057,3.613,0.99
trigo,2023,2023/2024,Tucumán,Burruyacú,29800,29600,38200,1.291,0.993
trigo,2023,2023/2024,Santiago del Estero,Río Hondo,11500,11500,22550,1.961,1.0
trigo,2023,2023/2024,Tucumán,Leales,13300,13110,14471,1.104,0.986
trigo,2023,2023/2024,Buenos Aires,General Alvear,5100,5100,15300,3.0,1.0
trigo,2023,2023/2024,Santiago del Estero,Banda,4000,4000,8000,2.0,1.0
trigo,2023,2023/2024,Buenos Aires,Lobos,13016,12886,46587,3.615,0.99
trigo,2023,2023/2024,La Pampa,Maracó,20000,19600,45080,2.3,0.98
trigo,2023,2023/2024,Buenos Aires,Rojas,40000,40000,180000,4.5,1.0
trigo,2023,2023/2024,Santa Fe,Garay,1200,1200,2640,2.2,1.0
trigo,2023,2023/2024,Buenos Aires,General Paz,5000,5000,24000,4.8,1.0
trigo,2023,2023/2024,San Luis,General Pedernera,700,450,405,0.9,0.643
trigo,2023,2023/2024,Salta,Cerrillos,200,200,220,1.1,1.0
trigo,2023,2023/2024,Buenos Aires,Navarro,13236,13104,48926,3.734,0.99
trigo,2023,2023/2024,La Pampa,Chapaleufú,9500,9300,21390,2.3,0.979
trigo,2023,2023/2024,La Pampa,Catriló,10000,10000,21000,2.1,1.0
trigo,2023,2023/2024,Buenos Aires,General Las Heras,1800,1800,7920,4.4,1.0
trigo,2023,2023/2024,Buenos Aires,General La Madrid,46000,46000,100200,2.178,1.0
trigo,2023,2023/2024,Buenos Aires,San Vicente,1000,1000,4600,4.6,1.0
trigo,2023,2023/2024,San Luis,Gobernador Dupuy,2200,1400,1400,1.0,0.636
trigo,2023,2023/2024,Buenos Aires,General Pueyrredón,14833,14833,87462,5.896,1.0
trigo,2023,2023/2024,Buenos Aires,Exaltación de la Cruz,7000,7000,32200,4.6,1.0
trigo,2023,2023/2024,Buenos Aires,General Juan Madariaga,7000,7000,42000,6.0,1.0
trigo,2023,2023/2024,Buenos Aires,Chivilcoy,34030,34030,119090,3.5,1.0
trigo,2023,2023/2024,Buenos Aires,Balcarce,34185,34185,170143,4.977,1.0
trigo,2023,2023/2024,Buenos Aires,Bragado,26000,26000,65000,2.5,1.0
trigo,2023,2023/2024,Buenos Aires,Carlos Casares,17500,14860,23776,1.6,0.849
trigo,2023,2023/2024,Buenos Aires,Dolores,330,330,1485,4.5,1.0
trigo,2023,2023/2024,Buenos Aires,Bahía Blanca,11170,8750,8750,1.0,0.783
trigo,2023,2023/2024,Buenos Aires,Suipacha,9000,9000,36000,4.0,1.0
trigo,2023,2023/2024,Buenos Aires,Ayacucho,10000,10000,45000,4.5,1.0
trigo,2023,2023/2024,Chaco,Fray Justo Santa María de Oro,2000,2000,1400,0.7,1.0
trigo,2023,2023/2024,Buenos Aires,Tres Lomas,15100,15100,40770,2.7,1.0
trigo,2023,2023/2024,Chaco,Comandante Fernández,5800,5500,3850,0.7,0.948
trigo,2023,2023/2024,Buenos Aires,25 de Mayo,50252,49739,192112,3.862,0.99
trigo,2023,2023/2024,Santa Fe,9 de Julio,62000,43500,47850,1.1,0.702
trigo,2023,2023/2024,Buenos Aires,Daireaux,31000,31000,93000,3.0,1.0
trigo,2023,2023/2024,Buenos Aires,Adolfo Alsina,107600,107600,290520,2.7,1.0
trigo,2023,2023/2024,Buenos Aires,Coronel Pringles,80800,80800,239880,2.969,1.0
trigo,2023,2023/2024,Buenos Aires,Pellegrini,20200,20200,54540,2.7,1.0
trigo,2023,2023/2024,Córdoba,Colón,11850,11390,18989,1.667,0.961
trigo,2023,2023/2024,Santa Fe,San Martín,77330,74830,209524,2.8,0.968
trigo,2023,2023/2024,Catamarca,El Alto,100,100,90,0.9,1.0
trigo,2023,2023/2024,Santiago del Estero,Moreno,33400,33160,39792,1.2,0.993
trigo,2023,2023/2024,Entre Ríos,Paraná,97000,94000,263200,2.8,0.969
trigo,2023,2023/2024,Chaco,2 de Abril,7000,6600,5940,0.9,0.943
trigo,2023,2023/2024,Buenos Aires,Lobería,48938,48938,244202,4.99,1.0
trigo,2023,2023/2024,Buenos Aires,General Pinto,31000,29650,68195,2.3,0.956
trigo,2023,2023/2024,Santiago del Estero,Guasayán,5000,5000,7000,1.4,1.0
trigo,2023,2023/2024,Buenos Aires,Olavarría,27000,27000,81600,3.022,1.0
trigo,2023,2023/2024,Buenos Aires,Pergamino,38800,38800,190120,4.9,1.0
trigo,2023,2023/2024,Buenos Aires,Magdalena,3500,3500,16100,4.6,1.0
trigo,2023,2023/2024,Buenos Aires,Rivadavia,10554,8614,14687,1.705,0.816
trigo,2023,2023/2024,La Pampa,Trenel,19600,18800,33840,1.8,0.959
trigo,2023,2023/2024,Buenos Aires,Coronel Dorrego,100579,100579,276605,2.75,1.0
trigo,2023,2023/2024,Buenos Aires,Brandsen,500,500,2000,4.0,1.0
trigo,2023,2023/2024,Buenos Aires,Azul,41665,41665,209104,5.019,1.0
trigo,2023,2023/2024,Buenos Aires,Arrecifes,21450,21450,98670,4.6,1.0
trigo,2023,2023/2024,Formosa,Patiño,350,350,350,1.0,1.0
trigo,2023,2023/2024,Salta,Rivadavia,150,150,105,0.7,1.0
trigo,2023,2023/2024,Santiago del Estero,Rivadavia,12300,12300,14760,1.2,1.0
trigo,2023,2023/2024,Buenos Aires,Carmen de Areco,17500,17500,61250,3.5,1.0
trigo,2023,2023/2024,Jujuy,Ledesma,200,200,420,2.1,1.0
trigo,2023,2023/2024,Buenos Aires,Baradero,24500,24500,110210,4.498,1.0
trigo,2023,2023/2024,Buenos Aires,Chacabuco,39000,39000,136500,3.5,1.0
trigo,2023,2023/2024,Buenos Aires,Cañuelas,3500,3500,15400,4.4,1.0
trigo,2023,2023/2024,Entre Ríos,Federación,4000,4000,12800,3.2,1.0
trigo,2023,2023/2024,Salta,La Poma,645,645,581,0.901,1.0
trigo,2023,2023/2024,Buenos Aires,Patagones,25800,4200,6420,1.529,0.163
trigo,2023,2023/2024,Chaco,Almirante Brown,9000,8300,7470,0.9,0.922
trigo,2023,2023/2024,Jujuy,Santa Bárbara,1200,1200,2520,2.1,1.0
trigo,2023,2023/2024,Chaco,12 de Octubre,4000,3500,3150,0.9,0.875
trigo,2023,2023/2024,Entre Ríos,Tala,31500,29300,99620,3.4,0.93
trigo,2023,2023/2024,Entre Ríos,Gualeguaychú,91000,84700,321860,3.8,0.931
trigo,2023,2023/2024,Buenos Aires,Pehuajó,40742,36242,72505,2.001,0.89
trigo,2023,2023/2024,Entre Ríos,Victoria,59000,54900,175680,3.2,0.931
trigo,2023,2023/2024,Buenos Aires,General Rodríguez,2500,2500,11500,4.6,1.0
trigo,2023,2023/2024,Tucumán,Lules,400,400,0,0.0,1.0
trigo,2023,2023/2024,Buenos Aires,Lincoln,37000,32500,68250,2.1,0.878
trigo,2023,2023/2024,Buenos Aires,Florentino Ameghino,8530,7630,14497,1.9,0.894
trigo,2023,2023/2024,Santiago del Estero,San Martín,10000,10000,20000,2.0,1.0
trigo,2023,2023/2024,Chaco,San Fernando,200,200,220,1.1,1.0
trigo,2023,2023/2024,Tucumán,Cruz Alta,13800,13700,17890,1.306,0.993
trigo,2023,2023/2024,Santiago del Estero,Silípica,2000,2000,4300,2.15,1.0
trigo,2023,2023/2024,Buenos Aires,Colón,13350,13350,66750,5.0,1.0
trigo,2023,2023/2024,Buenos Aires,Junín,39000,39000,156000,4.0,1.0
trigo,2023,2023/2024,Tucumán,Famaillá,300,300,0,0.0,1.0
trigo,2023,2023/2024,Chaco,San Lorenzo,500,500,300,0.6,1.0
trigo,2023,2023/2024,Tucumán,La Cocha,14350,14240,18577,1.305,0.992
trigo,2023,2023/2024,Buenos Aires,Mercedes,7900,7900,27650,3.5,1.0
trigo,2023,2023/2024,Buenos Aires,Chascomús,17900,17900,82340,4.6,1.0
trigo,2023,2023/2024,Buenos Aires,9 de Julio,44570,44570,111425,2.5,1.0
trigo,2023,2023/2024,Córdoba,Calamuchita,1800,1800,2880,1.6,1.0
trigo,2023,2023/2024,Salta,La Caldera,45,45,36,0.8,1.0
trigo,2023,2023/2024,Catamarca,Santa Rosa,20000,19760,25688,1.3,0.988
trigo,2023,2023/2024,Santa Fe,Las Colonias,121950,97650,283150,2.9,0.801
trigo,2023,2023/2024,Formosa,Formosa,200,200,200,1.0,1.0
trigo,2023,2023/2024,Chaco,O'Higgins,4000,4000,4800,1.2,1.0
trigo,2023,2023/2024,Buenos Aires,Adolfo Gonzales Chaves,40711,40711,185845,4.565,1.0
trigo,2023,2023/2024,La Pampa,Toay,6000,6000,12000,2.0,1.0
trigo,2023,2023/2024,Santa Fe,Vera,20200,19200,32640,1.7,0.95
trigo,2023,2023/2024,Buenos Aires,Villarino,13000,1000,2500,2.5,0.077
trigo,2023,2023/2024,Buenos Aires,Monte,16584,16418,59859,3.646,0.99
trigo,2023,2023/2024,Chaco,Maipú,8200,8000,8000,1.0,0.976
trigo,2023,2023/2024,Buenos Aires,General Lavalle,100,100,500,5.0,1.0
trigo,2023,2023/2024,Santiago del Estero,Pellegrini,25200,25200,42900,1.702,1.0
trigo,2023,2023/2024,Entre Ríos,San Salvador,8500,7900,30020,3.8,0.929
trigo,2023,2023/2024,La Pampa,Guatraché,66000,66000,138600,2.1,1.0
trigo,2023,2023/2024,La Pampa,Atreucó,23400,23400,56160,2.4,1.0
trigo,2023,2023/2024,San Luis,Coronel Pringles,800,600,1440,2.4,0.75
trigo,2023,2023/2024,Santiago del Estero,Mitre,4000,4000,5600,1.4,1.0
trigo,2023,2023/2024,Salta,Chicoana,450,450,450,1.0,1.0
trigo,2023,2023/2024,Buenos Aires,San Cayetano,31490,31490,143222,4.548,1.0
trigo,2023,2023/2024,Santiago del Estero,Alberdi,15450,14580,17496,1.2,0.944
trigo,2023,2023/2024,Córdoba,Río Cuarto,50400,49300,83810,1.7,0.978
trigo,2023,2023/2024,Buenos Aires,Castelli,3200,3200,18560,5.8,1.0
trigo,2023,2023/2024,Salta,Metán,7500,7400,7400,1.0,0.987
trigo,2023,2023/2024,Santa Fe,Caseros,34000,34000,136000,4.0,1.0
trigo,2023,2023/2024,Córdoba,Río Primero,36100,33610,58347,1.736,0.931
trigo,2023,2023/2024,Córdoba,Juárez Celman,45000,44000,83600,1.9,0.978
trigo,2023,2023/2024,Buenos Aires,General Alvarado,19639,19639,115615,5.887,1.0
trigo,2023,2023/2024,Buenos Aires,General Villegas,57750,50950,91710,1.8,0.882
trigo,2023,2023/2024,Buenos Aires,Las Flores,11979,11858,43052,3.631,0.99
trigo,2023,2023/2024,Buenos Aires,Capitán Sarmiento,8800,8800,41360,4.7,1.0
trigo,2023,2023/2024,Buenos Aires,Bolívar,42000,42000,126600,3.014,1.0
trigo,2023,2023/2024,Buenos Aires,Carlos Tejedor,13310,10010,17265,1.725,0.752
trigo,2023,2023/2024,Buenos Aires,Guaminí,65800,65700,177390,2.7,0.998
trigo,2023,2023/2024,Buenos Aires,Coronel de Marina Leonardo Rosales,16020,13263,15916,1.2,0.828
trigo,2023,2023/2024,Santiago del Estero,Juan F. Ibarra,12550,12550,15060,1.2,1.0
trigo,2023,2023/2024,Chaco,Libertador General San Martín,600,400,240,0.6,0.667
trigo,2023,2023/2024,Buenos Aires,Campana,2700,2700,12420,4.6,1.0
trigo,2023,2023/2024,Buenos Aires,General Viamonte,22000,20750,44613,2.15,0.943
trigo,2023,2023/2024,Buenos Aires,San Pedro,15600,15600,70200,4.5,1.0
trigo,2023,2023/2024,Buenos Aires,San Nicolás,4850,4850,21340,4.4,1.0
trigo,2023,2023/2024,Buenos Aires,Saladillo,14741,14594,54921,3.763,0.99
trigo,2023,2023/2024,Córdoba,Río Seco,8500,5570,6127,1.1,0.655
trigo,2023,2023/2024,Buenos Aires,Hipólito Yrigoyen,22000,22000,66000,3.0,1.0
trigo,2023,2023/2024,Santa Fe,San Jerónimo,65516,64016,179245,2.8,0.977
trigo,2023,2023/2024,Buenos Aires,Pila,4800,4800,26400,5.5,1.0
trigo,2023,2023/2024,Salta,Capital,100,100,110,1.1,1.0
trigo,2023,2023/2024,Salta,Anta,23628,23328,28681,1.229,0.987
trigo,2023,2023/2024,San Luis,Juan Martín de Pueyrredón,150,150,150,1.0,1.0
trigo,2023,2023/2024,Buenos Aires,Puán,60000,60000,113200,1.887,1.0
trigo,2023,2023/2024,Santa Fe,San Cristóbal,72400,50700,116610,2.3,0.7
trigo,2023,2023/2024,Buenos Aires,Marcos Paz,3500,3500,16100,4.6,1.0
trigo,2023,2023/2024,Santiago del Estero,Choya,2000,2000,2800,1.4,1.0
trigo,2023,2023/2024,Entre Ríos,Concordia,7500,7500,26250,3.5,1.0
trigo,2023,2023/2024,Buenos Aires,San Antonio de Areco,16550,16550,76130,4.6,1.0
trigo,2023,2023/2024,Entre Ríos,La Paz,68000,66300,205530,3.1,0.975
trigo,2023,2023/2024,Buenos Aires,Salto,33984,33984,169870,4.999,1.0
trigo,2023,2023/2024,Tucumán,Tafí Viejo,150,150,195,1.3,1.0
trigo,2023,2023/2024,Chaco,9 de Julio,8000,7900,5530,0.7,0.988
trigo,2023,2023/2024,Buenos Aires,Zárate,7950,7950,36570,4.6,1.0
trigo,2023,2023/2024,Santiago del Estero,Loreto,1000,1000,1600,1.6,1.0
trigo,2023,2023/2024,Tucumán,Juan Bautista Alberdi,300,300,390,1.3,1.0
trigo,2023,2023/2024,Chaco,Quitilipi,1200,1140,912,0.8,0.95
trigo,2023,2023/2024,Tucumán,Simoca,200,200,260,1.3,1.0
trigo,2023,2023/2024,Córdoba,Ischilín,850,700,2100,3.0,0.824
trigo,2023,2023/2024,Córdoba,Capital,2000,1800,1800,1.0,0.9
trigo,2023,2023/2024,Santiago del Estero,Jiménez,30000,30000,60000,2.0,1.0
trigo,2023,2023/2024,Santiago del Estero,Robles,5000,5000,9700,1.94,1.0
trigo,2023,2023/2024,Córdoba,General San Martín,49700,39700,59550,1.5,0.799
trigo,2023,2023/2024,Santiago del Estero,Belgrano,48700,46750,56100,1.2,0.96
trigo,2023,2023/2024,Santa Fe,San Lorenzo,27000,27000,108000,4.0,1.0
trigo,2023,2023/2024,Corrientes,Mercedes,700,700,1960,2.8,1.0
trigo,2023,2023/2024,Santiago del Estero,Capital,5000,5000,10000,2.0,1.0
trigo,2023,2023/2024,Santiago del Estero,Figueroa,3500,3500,7000,2.0,1.0
trigo,2023,2023/2024,Córdoba,San Javier,3400,3400,9860,2.9,1.0
trigo,2023,2023/2024,Córdoba,Unión,101715,94035,263298,2.8,0.924
trigo,2023,2023/2024,Corrientes,Sauce,1500,1500,4500,3.0,1.0
trigo,2023,2023/2024,Entre Ríos,Federal,15400,14900,47680,3.2,0.968
trigo,2023,2023/2024,Entre Ríos,Diamante,49000,48200,134960,2.8,0.984
trigo,2023,2023/2024,Santa Fe,Iriondo,66870,65870,184436,2.8,0.985
trigo,2023,2023/2024,Jujuy,San Pedro,310,310,651,2.1,1.0
trigo,2023,2023/2024,Santa Fe,Villa Constitución,39000,39000,156000,4.0,1.0
trigo,2023,2023/2024,Santa Fe,Castellanos,157200,133700,401100,3.0,0.851
trigo,2023,2023/2024,Buenos Aires,Tordillo,100,100,450,4.5,1.0
trigo,2023,2023/2024,Santa Fe,San Justo,63900,51200,122880,2.4,0.801
trigo,2023,2023/2024,Jujuy,San Antonio,250,250,525,2.1,1.0
trigo,2023,2023/2024,La Pampa,Hucal,23000,23000,46000,2.0,1.0
trigo,2023,2023/2024,Corrientes,Curuzu Cuatia,800,800,2240,2.8,1.0
trigo,2023,2023/2024,Tucumán,Capital,80,80,0,0.0,1.0
trigo,2023,2023/2024,La Pampa,Conhelo,32100,31100,65310,2.1,0.969
trigo,2023,2023/2024,Santa Fe,La Capital,19000,16200,38880,2.4,0.853
trigo,2023,2023/2024,Santa Fe,General Obligado,52700,49000,88200,1.8,0.93
trigo,2023,2023/2024,La Pampa,Realicó,10100,9800,19600,2.0,0.97
trigo,2023,2023/2024,Jujuy,Palpalá,100,100,210,2.1,1.0
trigo,2023,2023/2024,Jujuy,El Carmen,285,285,599,2.102,1.0
trigo,2023,2023/2024,Salta,La Viña,48,48,38,0.792,1.0
trigo,2023,2023/2024,Buenos Aires,Luján,9900,9900,46530,4.7,1.0
trigo,2023,2023/2024,Buenos Aires,Rauch,2500,2500,12500,5.0,1.0
trigo,2023,2023/2024,Salta,Rosario de la Frontera,9310,9260,8283,0.894,0.995
trigo,2023,2023/2024,San Luis,Ayacucho,3900,3900,15630,4.008,1.0
trigo,2023,2023/2024,Santa Fe,General López,150000,150000,420000,2.8,1.0
trigo,2023,2023/2024,Salta,General Güemes,125,125,135,1.08,1.0
trigo,2023,2023/2024,Santa Fe,Belgrano,50391,49391,138295,2.8,0.98
trigo,2023,2023/2024,Santa Fe,San Javier,12600,10700,20330,1.9,0.849
trigo,2023,2023/2024,Buenos Aires,Tapalqué,1600,1600,4800,3.0,1.0
trigo,2023,2023/2024,Salta,General José de San Martín,4152,4052,3242,0.8,0.976
trigo,2023,2023/2024,Salta,Rosario de Lerma,120,120,132,1.1,1.0
trigo,2023,2023/2024,Buenos Aires,Trenque Lauquen,25500,22650,40770,1.8,0.888
trigo,2023,2023/2024,Buenos Aires,Leandro N. Alem,18500,17500,35000,2.0,0.946
trigo,2023,2023/2024,San Luis,Chacabuco,600,400,440,1.1,0.667
trigo,2023,2023/2024,La Pampa,Utracán,5000,5000,10000,2.0,1.0
trigo,2023,2023/2024,Salta,Orán,2500,2450,1960,0.8,0.98
trigo,2023,2023/2024,Entre Ríos,Uruguay,58000,54000,205200,3.8,0.931
trigo,2023,2023/2024,Entre Ríos,Gualeguay,37000,34400,130720,3.8,0.93
trigo,2023,2023/2024,Formosa,Pirané,1200,1200,1200,1.0,1.0
trigo,2024,2024/2025,Santa Fe,Vera,19900,18000,27000,1.5,0.905
trigo,2024,2024/2025,Jujuy,El Carmen,285,280,420,1.5,0.982
trigo,2024,2024/2025,Santa Fe,San Jerónimo,62505,62505,162513,2.6,1.0
trigo,2024,2024/2025,Entre Ríos,Victoria,60000,57400,189420,3.3,0.957
trigo,2024,2024/2025,Formosa,Patiño,1800,1800,3060,1.7,1.0
trigo,2024,2024/2025,Buenos Aires,San Andrés de Giles,21000,21000,79800,3.8,1.0
trigo,2024,2024/2025,Córdoba,Unión,134500,132300,463050,3.5,0.984
trigo,2024,2024/2025,La Pampa,Toay,10000,10000,15000,1.5,1.0
trigo,2024,2024/2025,Santa Fe,San Javier,13300,13300,25270,1.9,1.0
trigo,2024,2024/2025,Santiago del Estero,Guasayán,5000,4850,5335,1.1,0.97
trigo,2024,2024/2025,Buenos Aires,Chacabuco,39000,39000,156000,4.0,1.0
trigo,2024,2024/2025,Entre Ríos,Nogoyá,69000,66100,218130,3.3,0.958
trigo,2024,2024/2025,Buenos Aires,Tres Arroyos,96169,96169,382563,3.978,1.0
trigo,2024,2024/2025,La Pampa,Trenel,20900,19900,21890,1.1,0.952
trigo,2024,2024/2025,Santiago del Estero,Jiménez,30000,29920,32912,1.1,0.997
trigo,2024,2024/2025,Salta,Anta,29233,29233,48803,1.669,1.0
trigo,2024,2024/2025,La Pampa,Quemú Quemú,15600,14800,22200,1.5,0.949
trigo,2024,2024/2025,Entre Ríos,La Paz,62500,62500,187500,3.0,1.0
trigo,2024,2024/2025,Buenos Aires,Salliqueló,9100,9100,24540,2.697,1.0
trigo,2024,2024/2025,Formosa,Pirané,2500,2500,4250,1.7,1.0
trigo,2024,2024/2025,Jujuy,Ledesma,200,200,300,1.5,1.0
trigo,2024,2024/2025,Santiago del Estero,Avellaneda,470,350,315,0.9,0.745
trigo,2024,2024/2025,Santa Fe,San Justo,55500,54200,157180,2.9,0.977
trigo,2024,2024/2025,Salta,La Candelaria,1100,1100,1100,1.0,1.0
trigo,2024,2024/2025,Chaco,Mayor Luis J. Fontana,2070,1420,1420,1.0,0.686
trigo,2024,2024/2025,San Luis,General Pedernera,1600,1100,1650,1.5,0.688
trigo,2024,2024/2025,San Luis,Coronel Pringles,1100,900,1710,1.9,0.818
trigo,2024,2024/2025,Tucumán,Graneros,11000,10380,10380,1.0,0.944
trigo,2024,2024/2025,Santiago del Estero,Choya,2000,1970,2167,1.1,0.985
trigo,2024,2024/2025,Salta,La Viña,50,50,60,1.2,1.0
trigo,2024,2024/2025,Santiago del Estero,Silípica,2000,1890,2079,1.1,0.945
trigo,2024,2024/2025,Buenos Aires,Rivadavia,23839,23839,71544,3.001,1.0
trigo,2024,2024/2025,Salta,Capital,230,230,276,1.2,1.0
trigo,2024,2024/2025,Buenos Aires,Lezama,8750,8750,37625,4.3,1.0
trigo,2024,2024/2025,La Pampa,Chapaleufú,13600,12900,21930,1.7,0.949
trigo,2024,2024/2025,La Pampa,Catriló,15000,15000,30000,2.0,1.0
trigo,2024,2024/2025,Salta,La Caldera,85,85,102,1.2,1.0
trigo,2024,2024/2025,Formosa,Formosa,160,160,192,1.2,1.0
trigo,2024,2024/2025,Santa Fe,Iriondo,67844,67844,230670,3.4,1.0
trigo,2024,2024/2025,Entre Ríos,Villaguay,51000,48000,158400,3.3,0.941
trigo,2024,2024/2025,Santa Fe,General Obligado,47500,47500,95000,2.0,1.0
trigo,2024,2024/2025,Santa Fe,Villa Constitución,51000,51000,188700,3.7,1.0
trigo,2024,2024/2025,Formosa,Laishí,714,714,1428,2.0,1.0
trigo,2024,2024/2025,Entre Ríos,Colón,16000,15300,50490,3.3,0.956
trigo,2024,2024/2025,Santa Fe,Castellanos,159000,147400,442200,3.0,0.927
trigo,2024,2024/2025,Chaco,Chacabuco,10150,9650,11580,1.2,0.951
trigo,2024,2024/2025,Buenos Aires,Pellegrini,20200,20200,54500,2.698,1.0
trigo,2024,2024/2025,Córdoba,Río Seco,21000,19200,24960,1.3,0.914
trigo,2024,2024/2025,Buenos Aires,General Paz,5800,5800,24360,4.2,1.0
trigo,2024,2024/2025,La Pampa,Conhelo,30000,28300,39620,1.4,0.943
trigo,2024,2024/2025,Salta,Rosario de Lerma,210,210,252,1.2,1.0
trigo,2024,2024/2025,La Pampa,Utracán,5000,5000,9000,1.8,1.0
trigo,2024,2024/2025,Buenos Aires,Cañuelas,4000,4000,16800,4.2,1.0
trigo,2024,2024/2025,Chaco,12 de Octubre,2250,2150,2150,1.0,0.956
trigo,2024,2024/2025,Buenos Aires,Coronel Pringles,58578,58578,175734,3.0,1.0
trigo,2024,2024/2025,Chaco,General Güemes,6400,6100,7320,1.2,0.953
trigo,2024,2024/2025,Buenos Aires,Tordillo,130,130,520,4.0,1.0
trigo,2024,2024/2025,Buenos Aires,Rojas,40000,40000,180000,4.5,1.0
trigo,2024,2024/2025,Buenos Aires,Arrecifes,27000,27000,121500,4.5,1.0
trigo,2024,2024/2025,Córdoba,Cruz del Eje,3200,3200,5760,1.8,1.0
trigo,2024,2024/2025,Buenos Aires,Dolores,400,400,1680,4.2,1.0
trigo,2024,2024/2025,Buenos Aires,Benito Juárez,31145,31145,136727,4.39,1.0
trigo,2024,2024/2025,Buenos Aires,Marcos Paz,4000,4000,17200,4.3,1.0
trigo,2024,2024/2025,Buenos Aires,General Pueyrredón,15876,15876,76144,4.796,1.0
trigo,2024,2024/2025,Entre Ríos,Tala,37000,35500,117150,3.3,0.959
trigo,2024,2024/2025,Buenos Aires,Daireaux,28000,28000,86800,3.1,1.0
trigo,2024,2024/2025,Buenos Aires,General La Madrid,46000,46000,114400,2.487,1.0
trigo,2024,2024/2025,Buenos Aires,Punta Indio,200,200,900,4.5,1.0
trigo,2024,2024/2025,Corrientes,Sauce,1500,1500,4500,3.0,1.0
trigo,2024,2024/2025,La Pampa,Realicó,16900,15900,23850,1.5,0.941
trigo,2024,2024/2025,Córdoba,Marcos Juárez,103530,101280,384864,3.8,0.978
trigo,2024,2024/2025,Buenos Aires,General Rodríguez,2900,2900,12180,4.2,1.0
trigo,2024,2024/2025,Buenos Aires,San Vicente,1200,1200,5400,4.5,1.0
trigo,2024,2024/2025,Buenos Aires,General Alvear,5100,5100,15810,3.1,1.0
trigo,2024,2024/2025,Buenos Aires,Carlos Casares,18900,18900,58590,3.1,1.0
trigo,2024,2024/2025,Buenos Aires,General Viamonte,22520,22020,72666,3.3,0.978
trigo,2024,2024/2025,Buenos Aires,Salto,34438,34438,158304,4.597,1.0
trigo,2024,2024/2025,Buenos Aires,Trenque Lauquen,44786,44786,138877,3.101,1.0
trigo,2024,2024/2025,Buenos Aires,Pilar,350,350,1540,4.4,1.0
trigo,2024,2024/2025,Buenos Aires,General Las Heras,2000,2000,8400,4.2,1.0
trigo,2024,2024/2025,La Pampa,Maracó,11200,10900,17440,1.6,0.973
trigo,2024,2024/2025,Chaco,Fray Justo Santa María de Oro,1500,1500,1350,0.9,1.0
trigo,2024,2024/2025,Catamarca,El Alto,100,70,56,0.8,0.7
trigo,2024,2024/2025,Buenos Aires,Villarino,14000,14000,18750,1.339,1.0
trigo,2024,2024/2025,San Luis,Chacabuco,600,600,1020,1.7,1.0
trigo,2024,2024/2025,Santa Fe,Belgrano,50084,50084,165277,3.3,1.0
trigo,2024,2024/2025,Chaco,Quitilipi,650,610,671,1.1,0.938
trigo,2024,2024/2025,Catamarca,Santa Rosa,20300,19620,19647,1.001,0.967
trigo,2024,2024/2025,Córdoba,Tercero Arriba,28800,25800,56600,2.194,0.896
trigo,2024,2024/2025,Buenos Aires,Coronel de Marina Leonardo Rosales,12000,12000,28919,2.41,1.0
trigo,2024,2024/2025,Córdoba,Río Cuarto,51000,51000,91800,1.8,1.0
trigo,2024,2024/2025,Buenos Aires,Lobos,15359,15205,55802,3.67,0.99
trigo,2024,2024/2025,Córdoba,Calamuchita,2000,2000,3600,1.8,1.0
trigo,2024,2024/2025,San Luis,Juan Martín de Pueyrredón,150,150,225,1.5,1.0
trigo,2024,2024/2025,Córdoba,San Justo,188500,152500,381250,2.5,0.809
trigo,2024,2024/2025,Salta,Metán,8100,8080,8888,1.1,0.998
trigo,2024,2024/2025,Jujuy,Valle Grande,600,570,741,1.3,0.95
trigo,2024,2024/2025,Buenos Aires,Castelli,3200,3200,13440,4.2,1.0
trigo,2024,2024/2025,Buenos Aires,General Pinto,31800,31200,99840,3.2,0.981
trigo,2024,2024/2025,Buenos Aires,Magdalena,4000,4000,16400,4.1,1.0
trigo,2024,2024/2025,Santiago del Estero,Sarmiento,370,330,297,0.9,0.892
trigo,2024,2024/2025,Buenos Aires,Olavarría,29500,29500,88850,3.012,1.0
trigo,2024,2024/2025,Buenos Aires,General Guido,1120,1120,4704,4.2,1.0
trigo,2024,2024/2025,Santiago del Estero,Banda,4000,3980,4378,1.1,0.995
trigo,2024,2024/2025,Buenos Aires,Mar Chiquita,6100,6100,30500,5.0,1.0
trigo,2024,2024/2025,Buenos Aires,Luján,11500,11500,49450,4.3,1.0
trigo,2024,2024/2025,Buenos Aires,Tres Lomas,15100,15100,40760,2.699,1.0
trigo,2024,2024/2025,Córdoba,Capital,2500,2500,3500,1.4,1.0
trigo,2024,2024/2025,Buenos Aires,Maipú,4200,4200,18900,4.5,1.0
trigo,2024,2024/2025,Buenos Aires,Navarro,17577,17401,65950,3.79,0.99
trigo,2024,2024/2025,Buenos Aires,Lobería,55821,55821,233947,4.191,1.0
trigo,2024,2024/2025,Corrientes,Esquina,1000,1000,3000,3.0,1.0
trigo,2024,2024/2025,Córdoba,Tulumba,14150,12540,19065,1.52,0.886
trigo,2024,2024/2025,Buenos Aires,25 de Mayo,53032,52491,205250,3.91,0.99
trigo,2024,2024/2025,Córdoba,Río Segundo,74000,65000,130000,2.0,0.878
trigo,2024,2024/2025,Entre Ríos,Diamante,44000,44000,136400,3.1,1.0
trigo,2024,2024/2025,Santiago del Estero,Rivadavia,17500,16720,18392,1.1,0.955
trigo,2024,2024/2025,Buenos Aires,Pehuajó,56262,56262,174429,3.1,1.0
trigo,2024,2024/2025,Buenos Aires,Las Flores,7918,7838,28846,3.68,0.99
trigo,2024,2024/2025,Salta,Orán,4700,4700,4700,1.0,1.0
trigo,2024,2024/2025,Buenos Aires,San Pedro,22516,22516,98971,4.396,1.0
trigo,2024,2024/2025,La Pampa,Guatraché,56000,56000,117490,2.098,1.0
trigo,2024,2024/2025,Chaco,O'Higgins,9750,9650,11580,1.2,0.99
trigo,2024,2024/2025,Entre Ríos,Uruguay,60000,57000,188100,3.3,0.95
trigo,2024,2024/2025,La Pampa,Rancul,10000,9500,10450,1.1,0.95
trigo,2024,2024/2025,Tucumán,Tafí Viejo,100,100,120,1.2,1.0
trigo,2024,2024/2025,Córdoba,General San Martín,75000,67000,160800,2.4,0.893
trigo,2024,2024/2025,Jujuy,San Pedro,310,304,456,1.5,0.981
trigo,2024,2024/2025,Chaco,Almirante Brown,18000,17500,21000,1.2,0.972
trigo,2024,2024/2025,Buenos Aires,Colón,17200,17200,73960,4.3,1.0
trigo,2024,2024/2025,Chaco,San Fernando,500,500,600,1.2,1.0
trigo,2024,2024/2025,Corrientes,Curuzu Cuatia,1300,1300,3900,3.0,1.0
trigo,2024,2024/2025,Santa Fe,San Cristóbal,97500,85500,222300,2.6,0.877
trigo,2024,2024/2025,Santiago del Estero,Robles,5000,4870,5357,1.1,0.974
trigo,2024,2024/2025,Buenos Aires,Mercedes,8000,8000,36000,4.5,1.0
trigo,2024,2024/2025,Buenos Aires,San Nicolás,8000,8000,33600,4.2,1.0
trigo,2024,2024/2025,Entre Ríos,Gualeguaychú,114000,109500,361350,3.3,0.961
trigo,2024,2024/2025,Santa Fe,Garay,1300,1300,3510,2.7,1.0
trigo,2024,2024/2025,Tucumán,Yerba Buena,50,40,48,1.2,0.8
trigo,2024,2024/2025,Jujuy,Santa Bárbara,1200,1140,1710,1.5,0.95
trigo,2024,2024/2025,Jujuy,San Antonio,250,250,375,1.5,1.0
trigo,2024,2024/2025,Santiago del Estero,Alberdi,20700,15840,14256,0.9,0.765
trigo,2024,2024/2025,Buenos Aires,Bolívar,32000,32000,96300,3.009,1.0
trigo,2024,2024/2025,Córdoba,Río Primero,78950,71870,165691,2.305,0.91
trigo,2024,2024/2025,Buenos Aires,Ayacucho,11780,11780,58900,5.0,1.0
trigo,2024,2024/2025,Buenos Aires,Campana,3100,3100,13330,4.3,1.0
trigo,2024,2024/2025,Santiago del Estero,Mitre,4000,3910,4301,1.1,0.978
trigo,2024,2024/2025,Chaco,Sargento Cabral,160,160,320,2.0,1.0
trigo,2024,2024/2025,Buenos Aires,Monte,20367,20163,74200,3.68,0.99
trigo,2024,2024/2025,Chaco,Independencia,10000,8700,7830,0.9,0.87
trigo,2024,2024/2025,Córdoba,Totoral,26000,23875,42975,1.8,0.918
trigo,2024,2024/2025,Entre Ríos,Feliciano,8000,8000,22400,2.8,1.0
trigo,2024,2024/2025,Buenos Aires,Pergamino,55000,55000,253000,4.6,1.0
trigo,2024,2024/2025,Buenos Aires,Coronel Suárez,116000,116000,287600,2.479,1.0
trigo,2024,2024/2025,Chaco,San Lorenzo,1000,900,900,1.0,0.9
trigo,2024,2024/2025,Buenos Aires,Florentino Ameghino,8900,8600,25370,2.95,0.966
trigo,2024,2024/2025,Salta,Chicoana,640,640,768,1.2,1.0
trigo,2024,2024/2025,Santiago del Estero,Río Hondo,11500,11370,12507,1.1,0.989
trigo,2024,2024/2025,Buenos Aires,La Plata,600,600,2640,4.4,1.0
trigo,2024,2024/2025,Entre Ríos,Paraná,95000,95000,294500,3.1,1.0
trigo,2024,2024/2025,Buenos Aires,General Villegas,74600,73700,213730,2.9,0.988
trigo,2024,2024/2025,La Pampa,Capital,16000,16000,32000,2.0,1.0
trigo,2024,2024/2025,Chaco,Maipú,6300,5850,8190,1.4,0.929
trigo,2024,2024/2025,Entre Ríos,Federal,17000,17000,47600,2.8,1.0
trigo,2024,2024/2025,Santa Fe,San Martín,102858,102858,349717,3.4,1.0
trigo,2024,2024/2025,Buenos Aires,Suipacha,13500,13500,60750,4.5,1.0
trigo,2024,2024/2025,Jujuy,Palpalá,100,100,150,1.5,1.0
trigo,2024,2024/2025,Santiago del Estero,Loreto,1000,975,1073,1.1,0.975
trigo,2024,2024/2025,Chaco,Comandante Fernández,2400,2300,2300,1.0,0.958
trigo,2024,2024/2025,Buenos Aires,Chascomús,12100,12100,55660,4.6,1.0
trigo,2024,2024/2025,Buenos Aires,Adolfo Alsina,107600,107600,301220,2.799,1.0
trigo,2024,2024/2025,Santiago del Estero,Copo,1850,1460,1314,0.9,0.789
trigo,2024,2024/2025,Entre Ríos,Gualeguay,55700,53800,177540,3.3,0.966
trigo,2024,2024/2025,San Luis,Gobernador Dupuy,1400,900,1260,1.4,0.643
trigo,2024,2024/2025,Corrientes,Bella Vista,200,200,600,3.0,1.0
trigo,2024,2024/2025,Corrientes,Mercedes,700,700,2100,3.0,1.0
trigo,2024,2024/2025,Salta,Cerrillos,150,150,180,1.2,1.0
trigo,2024,2024/2025,Buenos Aires,San Cayetano,34792,34792,138750,3.988,1.0
trigo,2024,2024/2025,Buenos Aires,Leandro N. Alem,22100,21700,68355,3.15,0.982
trigo,2024,2024/2025,Córdoba,Ischilín,1500,1300,3900,3.0,0.867
trigo,2024,2024/2025,Buenos Aires,Baradero,24726,24726,106209,4.295,1.0
trigo,2024,2024/2025,Buenos Aires,Patagones,43800,43800,58920,1.345,1.0
trigo,2024,2024/2025,Santiago del Estero,Juan F. Ibarra,20900,17680,15912,0.9,0.846
trigo,2024,2024/2025,Córdoba,Colón,14400,13200,29600,2.242,0.917
trigo,2024,2024/2025,Buenos Aires,Ramallo,21350,21350,91775,4.299,1.0
trigo,2024,2024/2025,Buenos Aires,Chivilcoy,38430,38430,172905,4.499,1.0
trigo,2024,2024/2025,Buenos Aires,Roque Pérez,14047,13907,50903,3.66,0.99
trigo,2024,2024/2025,Buenos Aires,Puán,60000,60000,148200,2.47,1.0
trigo,2024,2024/2025,Buenos Aires,General Belgrano,15009,14856,55560,3.74,0.99
trigo,2024,2024/2025,Buenos Aires,Bragado,36000,36000,162000,4.5,1.0
trigo,2024,2024/2025,Santiago del Estero,San Martín,10000,9850,10835,1.1,0.985
trigo,2024,2024/2025,Tucumán,Cruz Alta,10300,9980,12043,1.207,0.969
trigo,2024,2024/2025,Buenos Aires,Zárate,7400,7400,31820,4.3,1.0
trigo,2024,2024/2025,Buenos Aires,Bahía Blanca,11663,11663,26317,2.256,1.0
trigo,2024,2024/2025,Buenos Aires,Saavedra,56000,56000,138800,2.479,1.0
trigo,2024,2024/2025,Buenos Aires,Tandil,43875,43875,191791,4.371,1.0
trigo,2024,2024/2025,Buenos Aires,Hipólito Yrigoyen,19000,19000,57000,3.0,1.0
trigo,2024,2024/2025,Tucumán,La Cocha,14350,13710,15081,1.1,0.955
trigo,2024,2024/2025,Entre Ríos,Concordia,8000,8000,22400,2.8,1.0
trigo,2024,2024/2025,Entre Ríos,San Salvador,11000,10500,34650,3.3,0.955
trigo,2024,2024/2025,Córdoba,Santa María,5000,5000,7500,1.5,1.0
trigo,2024,2024/2025,Buenos Aires,General Alvarado,29923,29923,143452,4.794,1.0
trigo,2024,2024/2025,Tucumán,Capital,70,70,70,1.0,1.0
trigo,2024,2024/2025,La Pampa,Atreucó,25000,25000,52500,2.1,1.0
trigo,2024,2024/2025,Buenos Aires,Laprida,10714,10714,40713,3.8,1.0
trigo,2024,2024/2025,Chaco,Libertador General San Martín,1100,950,855,0.9,0.864
trigo,2024,2024/2025,Tucumán,Leales,13300,12700,12746,1.004,0.955
trigo,2024,2024/2025,Buenos Aires,Tapalqué,1800,1800,5400,3.0,1.0
trigo,2024,2024/2025,Buenos Aires,Carlos Tejedor,24859,24859,72266,2.907,1.0
trigo,2024,2024/2025,Buenos Aires,General Juan Madariaga,5800,5800,31900,5.5,1.0
trigo,2024,2024/2025,Buenos Aires,Exaltación de la Cruz,8300,8300,35690,4.3,1.0
trigo,2024,2024/2025,Buenos Aires,Balcarce,42086,42086,184778,4.39,1.0
trigo,2024,2024/2025,Buenos Aires,Necochea,46682,46682,195560,4.189,1.0
trigo,2024,2024/2025,Chaco,2 de Abril,6750,6750,7425,1.1,1.0
trigo,2024,2024/2025,Buenos Aires,Alberti,23500,23500,105750,4.5,1.0
trigo,2024,2024/2025,Buenos Aires,Azul,36050,36050,158400,4.394,1.0
trigo,2024,2024/2025,Buenos Aires,9 de Julio,61700,61700,277450,4.497,1.0
trigo,2024,2024/2025,Entre Ríos,Federación,4000,4000,11600,2.9,1.0
trigo,2024,2024/2025,La Pampa,Hucal,23000,23000,46000,2.0,1.0
trigo,2024,2024/2025,Santa Fe,Rosario,27000,27000,99900,3.7,1.0
trigo,2024,2024/2025,Salta,General José de San Martín,6600,6600,6600,1.0,1.0
trigo,2024,2024/2025,Chaco,General Belgrano,14000,13800,16560,1.2,0.986
trigo,2024,2024/2025,Tucumán,Burruyacú,30800,30130,33411,1.109,0.978
trigo,2024,2024/2025,Buenos Aires,Lincoln,49000,48200,149420,3.1,0.984
trigo,2024,2024/2025,Córdoba,General Roca,26196,21788,50112,2.3,0.832
trigo,2024,2024/2025,Santiago del Estero,Pellegrini,25200,25100,27570,1.098,0.996
trigo,2024,2024/2025,Buenos Aires,Adolfo Gonzales Chaves,49661,49661,198644,4.0,1.0
trigo,2024,2024/2025,Buenos Aires,Guaminí,65800,65800,184080,2.798,1.0
trigo,2024,2024/2025,Córdoba,Presidente Roque Sáenz Peña,61273,61273,153183,2.5,1.0
trigo,2024,2024/2025,Buenos Aires,Capitán Sarmiento,9540,9540,41960,4.398,1.0
trigo,2024,2024/2025,Buenos Aires,San Antonio de Areco,17891,17891,76814,4.293,1.0
trigo,2024,2024/2025,Santiago del Estero,General Taboada,134200,117370,140844,1.2,0.875
trigo,2024,2024/2025,Santa Fe,San Lorenzo,34000,34000,125800,3.7,1.0
trigo,2024,2024/2025,Buenos Aires,Junín,39000,39000,163800,4.2,1.0
trigo,2024,2024/2025,Santiago del Estero,Figueroa,3500,3470,3817,1.1,0.991
trigo,2024,2024/2025,Salta,Rivadavia,1150,1150,1265,1.1,1.0
trigo,2024,2024/2025,Buenos Aires,Brandsen,600,600,2460,4.1,1.0
trigo,2024,2024/2025,Salta,Rosario de la Frontera,5500,5500,5500,1.0,1.0
trigo,2024,2024/2025,Tucumán,Juan Bautista Alberdi,300,270,351,1.3,0.9
trigo,2024,2024/2025,Tucumán,Simoca,1200,1120,1344,1.2,0.933
trigo,2024,2024/2025,San Luis,Ayacucho,5400,5400,21930,4.061,1.0
trigo,2024,2024/2025,San Luis,Junín,3100,3100,11730,3.784,1.0
trigo,2024,2024/2025,Córdoba,San Javier,3500,3500,12250,3.5,1.0
trigo,2024,2024/2025,Santa Fe,General López,177000,176250,475875,2.7,0.996
trigo,2024,2024/2025,Chaco,9 de Julio,5000,4800,5760,1.2,0.96
trigo,2024,2024/2025,Santa Fe,Caseros,48000,48000,172800,3.6,1.0
trigo,2024,2024/2025,Santa Fe,Las Colonias,127000,118000,354000,3.0,0.929
trigo,2024,2024/2025,Buenos Aires,Tornquist,27000,27000,65900,2.441,1.0
trigo,2024,2024/2025,Santiago del Estero,Belgrano,68260,58830,70596,1.2,0.862
trigo,2024,2024/2025,Santiago del Estero,Aguirre,16100,13630,12267,0.9,0.847
trigo,2024,2024/2025,Santiago del Estero,Capital,5000,4970,5467,1.1,0.994
trigo,2024,2024/2025,Buenos Aires,Carmen de Areco,17500,17500,66500,3.8,1.0
trigo,2024,2024/2025,Santa Fe,La Capital,20000,19400,52380,2.7,0.97
trigo,2024,2024/2025,Buenos Aires,Coronel Dorrego,87458,87458,244882,2.8,1.0
trigo,2024,2024/2025,Salta,General Güemes,155,155,171,1.103,1.0
trigo,2024,2024/2025,Buenos Aires,Saladillo,19028,18829,72182,3.834,0.99
trigo,2024,2024/2025,Santiago del Estero,Moreno,52790,45630,41067,0.9,0.864
trigo,2024,2024/2025,Tucumán,Famaillá,500,490,548,1.118,0.98
trigo,2024,2024/2025,Buenos Aires,Pila,6000,6000,26400,4.4,1.0
trigo,2024,2024/2025,Córdoba,Juárez Celman,45000,45000,90000,2.0,1.0
trigo,2024,2024/2025,Santa Fe,9 de Julio,102200,97200,144720,1.489,0.951
trigo,2024,2024/2025,Buenos Aires,Rauch,2900,2900,13050,4.5,1.0
trigo,2024,2024/2025,Tucumán,Lules,400,380,494,1.3,0.95
trigo,2024,2024/2025,Buenos Aires,General Arenales,28000,28000,117600,4.2,1.0
